  0.000000000  0.000000000  0.000000000      12
       1       1  -39.415604087  -49.518658748
       1       2  -19.173335601  -25.091510961
       1       3    0.312934396   -3.057954110
       1       4    0.312934565   -3.057953942
       1       5    0.312934676   -3.057953830
       1       6    8.974353004   10.765914353
       1       7   23.529780949   26.504159198
       1       8   23.529780972   26.504159221
       1       9   23.529781007   26.504159257
       1      10   24.086025439   26.253880641
       1      11   24.086025490   26.253880692
       1      12   24.086025523   26.253880724
  0.000000000  0.000000000  0.125000000      12
       1       1  -39.407328510  -49.515124011
       1       2  -19.114895597  -24.989884851
       1       3   -0.122625317   -3.630488385
       1       4    0.274453317   -3.109588569
       1       5    0.274453429   -3.109588457
       1       6    9.402985273   11.289507497
       1       7   20.309943785   22.735264151
       1       8   21.984566649   24.666689252
       1       9   21.984566708   24.666689307
       1      10   25.239554639   27.929235407
       1      11   25.385560399   27.735141084
       1      12   25.385560457   27.735141139
 -0.000000000 -0.000000000  0.250000000      12
       1       1  -39.384425110  -49.499173305
       1       2  -18.968645790  -24.846571191
       1       3   -1.039210511   -4.634127490
       1       4    0.195286103   -3.201909163
       1       5    0.195286215   -3.201909051
       1       6   10.206995574   12.160730290
       1       7   17.693610739   20.081152344
       1       8   20.241450880   22.841300686
       1       9   20.241450950   22.841300756
       1      10   26.637817230   29.161165378
       1      11   27.213312751   29.578735861
       1      12   27.213312826   29.578735935
 -0.000000000 -0.000000000  0.375000000      12
       1       1  -39.360798530  -49.517449088
       1       2  -18.814309528  -24.639477520
       1       3   -1.850794118   -5.590924404
       1       4    0.126072000   -3.286349509
       1       5    0.126072111   -3.286349398
       1       6   10.606107203   12.609345635
       1       7   16.621487724   19.106357687
       1       8   19.041404134   21.592878167
       1       9   19.041404208   21.592878242
       1      10   28.572576231   31.025282144
       1      11   29.358727405   31.868921926
       1      12   29.358727491   31.868922011
  0.000000000  0.000000000  0.500000000      12
       1       1  -39.352324786  -49.555661343
       1       2  -18.748118800  -24.585779452
       1       3   -2.173613347   -5.987638651
       1       4    0.093683178   -3.333964574
       1       5    0.093683289   -3.333964463
       1       6   10.628772567   12.580109628
       1       7   16.471459235   19.156610791
       1       8   18.620427707   21.123708017
       1       9   18.620427782   21.123708092
       1      10   30.061538629   32.443294550
       1      11   30.558272912   33.212634986
       1      12   30.558273003   33.212635077
  0.000000000  0.000000000 -0.375000000      12
       1       1  -39.360798530  -49.517445075
       1       2  -18.814309528  -24.638861353
       1       3   -1.850794118   -5.594164745
       1       4    0.126072000   -3.286698578
       1       5    0.126072111   -3.286698467
       1       6   10.606107203   12.610933767
       1       7   16.621487724   19.109288813
       1       8   19.041404134   21.591738677
       1       9   19.041404208   21.591738752
       1      10   28.572576231   31.025510542
       1      11   29.358727405   31.870960587
       1      12   29.358727491   31.870960673
  0.000000000  0.000000000 -0.250000000      12
       1       1  -39.384425110  -49.499165578
       1       2  -18.968645790  -24.845222512
       1       3   -1.039210511   -4.640728133
       1       4    0.195286103   -3.202607301
       1       5    0.195286215   -3.202607189
       1       6   10.206995574   12.163612889
       1       7   17.693610739   20.087304030
       1       8   20.241450880   22.839010663
       1       9   20.241450950   22.839010733
       1      10   26.637817230   29.161621835
       1      11   27.213312751   29.582834620
       1      12   27.213312826   29.582834695
  0.000000000  0.000000000 -0.125000000      12
       1       1  -39.407328510  -49.515120140
       1       2  -19.114895597  -24.989254351
       1       3   -0.122625317   -3.633744513
       1       4    0.274453317   -3.109937638
       1       5    0.274453430   -3.109937526
       1       6    9.402985273   11.291004884
       1       7   20.309943785   22.738251299
       1       8   21.984566649   24.665568533
       1       9   21.984566708   24.665568587
       1      10   25.239554639   27.929483968
       1      11   25.385560399   27.737178343
       1      12   25.385560457   27.737178398
 -0.000000000  0.125000000 -0.000000000      12
       1       1  -39.407328510  -49.515949456
       1       2  -19.114895597  -24.990291455
       1       3   -0.122625192   -3.630438939
       1       4    0.274453233   -3.109585481
       1       5    0.274453387   -3.109585328
       1       6    9.402985268   11.289631808
       1       7   20.309943807   22.735165754
       1       8   21.984566650   24.666762716
       1       9   21.984566688   24.666762757
       1      10   25.239554576   27.929245156
       1      11   25.385560449   27.735006088
       1      12   25.385560481   27.735006121
  0.000000000  0.125000000  0.125000000      12
       1       1  -39.403158106  -49.530040888
       1       2  -19.092952797  -24.954263036
       1       3   -0.090710655   -3.590398030
       1       4    0.167335935   -3.248691034
       1       5    0.167336020   -3.248690948
       1       6    9.599216057   11.554511150
       1       7   21.309098749   23.350191884
       1       8   21.430562463   24.130913537
       1       9   21.430562475   24.130913557
       1      10   21.732418102   24.461005210
       1      11   27.560565650   30.119590986
       1      12   27.560565680   30.119591008
  0.000000000  0.125000000  0.250000000      12
       1       1  -39.385155979  -49.518419208
       1       2  -18.969881371  -24.817778151
       1       3   -0.806855229   -4.360390657
       1       4    0.027130243   -3.402050105
       1       5    0.074024874   -3.406437149
       1       6   10.415892984   12.454824215
       1       7   18.251919677   20.590529750
       1       8   20.278335925   22.809177569
       1       9   20.438413154   23.110402364
       1      10   22.943156282   25.346222472
       1      11   29.100885905   31.646137294
       1      12   29.287355460   31.783949321
 -0.000000000  0.125000000  0.375000000      12
       1       1  -39.363779573  -49.497964155
       1       2  -18.810716729  -24.626507847
       1       3   -1.632192877   -5.311444318
       1       4   -0.094992930   -3.593780493
       1       5   -0.052110739   -3.494952985
       1       6   11.108429694   13.208257486
       1       7   16.557211045   18.977056115
       1       8   19.164498307   21.689930268
       1       9   19.429877469   22.087050062
       1      10   25.075453313   27.507233466
       1      11   30.614798308   33.170986163
       1      12   30.674310808   33.154343293
 -0.000000000  0.125000000  0.500000000      12
       1       1  -39.349645013  -49.530074849
       1       2  -18.710059094  -24.516327239
       1       3   -2.080180891   -5.845012168
       1       4   -0.271112911   -3.797625885
       1       5   -0.025341567   -3.483410056
       1       6   11.273203080   13.369732851
       1       7   16.078256155   18.625281321
       1       8   18.735835329   21.244627260
       1       9   18.821034566   21.433802214
       1      10   27.454324698   29.952672291
       1      11   30.858208471   33.401225034
       1      12   31.233835905   33.853857764
  0.000000000  0.125000000 -0.375000000      12
       1       1  -39.352397665  -49.520845206
       1       2  -18.734814719  -24.535693157
       1       3   -1.959111433   -5.707082632
       1       4   -0.350409029   -3.894320662
       1       5    0.088641436   -3.337942995
       1       6   11.222317402   13.319599593
       1       7   16.058443861   18.552219441
       1       8   18.880105409   21.426655073
       1       9   18.930703287   21.503832725
       1      10   28.822399212   31.375623886
       1      11   29.540618710   32.008721422
       1      12   29.672359127   32.153428063
  0.000000000  0.125000000 -0.250000000      12
       1       1  -39.370452057  -49.495910062
       1       2  -18.868254149  -24.700643605
       1       3   -1.335625429   -4.974382576
       1       4   -0.268052573   -3.785882151
       1       5    0.217794834   -3.193912423
       1       6   10.845998676   12.910749087
       1       7   16.731143247   19.143316525
       1       8   19.563313210   22.142509639
       1       9   19.705588805   22.293154994
       1      10   27.021730666   29.590697392
       1      11   27.035427341   29.366819509
       1      12   29.808729218   32.219980841
  0.000000000  0.125000000 -0.125000000      12
       1       1  -39.393702940  -49.508204839
       1       2  -19.024603548  -24.871731730
       1       3   -0.568881021   -4.103191037
       1       4   -0.017875848   -3.515223541
       1       5    0.293588580   -3.103952583
       1       6   10.017593240   11.995615657
       1       7   18.587918511   21.019140156
       1       8   20.468696486   22.970680375
       1       9   21.135016528   23.687103459
       1      10   25.219698036   27.634696162
       1      11   25.608753153   28.130449119
       1      12   28.454281872   30.854302934
  0.000000000  0.250000000  0.000000000      12
       1       1  -39.384425109  -49.500824461
       1       2  -18.968645792  -24.847394515
       1       3   -1.039210391   -4.634018271
       1       4    0.195286020   -3.201902902
       1       5    0.195286173   -3.201902749
       1       6   10.206995549   12.160996111
       1       7   17.693610795   20.080933636
       1       8   20.241450878   22.841450823
       1       9   20.241450923   22.841450869
       1      10   26.637817163   29.161186612
       1      11   27.213312829   29.578464248
       1      12   27.213312855   29.578464275
 -0.000000000  0.250000000  0.125000000      12
       1       1  -39.385155979  -49.519244724
       1       2  -18.969881372  -24.818186067
       1       3   -0.806855106   -4.360341374
       1       4    0.027130244   -3.402046932
       1       5    0.074024745   -3.406432471
       1       6   10.415892970   12.454953537
       1       7   18.251919712   20.590435895
       1       8   20.278335931   22.809224233
       1       9   20.438413127   23.110465310
       1      10   22.943156282   25.346141769
       1      11   29.100885881   31.646113194
       1      12   29.287355542   31.783825660
  0.000000000  0.250000000  0.250000000      12
       1       1  -39.373992695  -49.527704039
       1       2  -18.871787369  -24.734688706
       1       3   -1.100239767   -4.665163512
       1       4   -0.188401863   -3.649567293
       1       5   -0.188401782   -3.649567212
       1       6   11.258848041   13.364747076
       1       7   18.562449584   20.476780651
       1       8   19.453354766   21.953102099
       1       9   20.272586584   23.030354328
       1      10   20.272586594   23.030354338
       1      11   32.610910443   35.222280827
       1      12   32.610910473   35.222280857
  0.000000000  0.250000000  0.375000000      12
       1       1  -39.356710641  -49.510388116
       1       2  -18.725633687  -24.539132230
       1       3   -1.710814179   -5.375699682
       1       4   -0.439504188   -3.965409954
       1       5   -0.321929336   -3.796756663
       1       6   12.240240558   14.430433631
       1       7   16.737964957   19.021191391
       1       8   18.685047413   21.176440811
       1       9   19.804606359   22.543674091
       1      10   21.553946168   24.021283579
       1      11   33.271840651   35.875831959
       1      12   33.414701557   36.042826938
 -0.000000000  0.250000000  0.500000000      12
       1       1  -39.344303509  -49.503967623
       1       2  -18.616666974  -24.441730311
       1       3   -2.035107221   -5.771661957
       1       4   -0.839045564   -4.389555918
       1       5   -0.303640088   -3.792129313
       1       6   12.780149437   15.004848929
       1       7   15.600403362   18.045891035
       1       8   18.466371547   20.951551341
       1       9   19.277022506   21.998138680
       1      10   23.717046302   26.146922451
       1      11   32.538068533   35.186575347
       1      12   33.252176380   35.839011318
 -0.000000000  0.250000000 -0.375000000      12
       1       1  -39.342075628  -49.487951816
       1       2  -18.614775360  -24.412422445
       1       3   -1.869478039   -5.579947513
       1       4   -1.167440560   -4.768723678
       1       5   -0.137764006   -3.594769174
       1       6   12.662810599   14.900125841
       1       7   15.189003906   17.565797755
       1       8   18.775484973   21.330488754
       1       9   19.004744370   21.668275916
       1      10   26.169967738   28.598110878
       1      11   30.842392504   33.480538940
       1      12   31.250516727   33.675503461
  0.000000000  0.250000000 -0.250000000      12
       1       1  -39.353305168  -49.492329490
       1       2  -18.721685679  -24.560857607
       1       3   -1.524624961   -5.208992379
       1       4   -1.003420525   -4.577652709
       1       5    0.076057039   -3.349464071
       1       6   11.915141966   14.067400480
       1       7   15.560009217   17.952097702
       1       8   19.167654668   21.778716886
       1       9   19.171832290   21.806959873
       1      10   28.616269128   30.875754287
       1      11   28.656112286   31.290544267
       1      12   28.703047678   31.122328046
  0.000000000  0.250000000 -0.125000000      12
       1       1  -39.370452057  -49.496739441
       1       2  -18.868254151  -24.701710522
       1       3   -1.335625337   -4.971153501
       1       4   -0.268052669   -3.785416915
       1       5    0.217794835   -3.193560181
       1       6   10.845998649   12.909465522
       1       7   16.731143295   19.140806185
       1       8   19.563313213   22.142753888
       1       9   19.705588779   22.294086485
       1      10   27.021730653   29.590344856
       1      11   27.035427382   29.364900896
       1      12   29.808729202   32.218147660
  0.000000000  0.375000000  0.000000000      12
       1       1  -39.360798530  -49.524961281
       1       2  -18.814309531  -24.639417099
       1       3   -1.850793999   -5.590831582
       1       4    0.126071918   -3.286354102
       1       5    0.126072069   -3.286353951
       1       6   10.606107147   12.609503365
       1       7   16.621487819   19.106192593
       1       8   19.041404131   21.592979798
       1       9   19.041404180   21.592979846
       1      10   28.572576156   31.025423657
       1      11   29.358727497   31.868702790
       1      12   29.358727525   31.868702817
  0.000000000  0.375000000  0.125000000      12
       1       1  -39.363779573  -49.498802351
       1       2  -18.810716732  -24.625588549
       1       3   -1.632192749   -5.311326964
       1       4   -0.094993065   -3.593805331
       1       5   -0.052110736   -3.494934429
       1       6   11.108429649   13.208453507
       1       7   16.557211119   18.976872794
       1       8   19.164498315   21.689973961
       1       9   19.429877431   22.087210574
       1      10   25.075453318   27.507038940
       1      11   30.614798282   33.170956384
       1      12   30.674310914   33.154182574
 -0.000000000  0.375000000  0.250000000      12
       1       1  -39.356710641  -49.510400789
       1       2  -18.725633688  -24.537804050
       1       3   -1.710814103   -5.375627883
       1       4   -0.439504267   -3.965444211
       1       5   -0.321929334   -3.796741281
       1       6   12.240240534   14.430484782
       1       7   16.737964993   19.021109589
       1       8   18.685047411   21.176441705
       1       9   19.804606341   22.543764972
       1      10   21.553946179   24.021165282
       1      11   33.271840745   35.875801576
       1      12   33.414701568   36.042823551
  0.000000000  0.375000000  0.375000000      12
       1       1  -39.346597955  -49.493058089
       1       2  -18.605479501  -24.390527777
       1       3   -2.198129566   -5.930000230
       1       4   -0.530730620   -4.036318547
       1       5   -0.530730542   -4.036318468
       1       6   13.330720187   15.694025616
       1       7   16.882166994   18.756265505
       1       8   17.990357397   20.400377514
       1       9   19.910851319   22.751158704
       1      10   19.910851325   22.751158710
       1      11   33.397422092   35.924882447
       1      12   35.873750196   38.581275497
  0.000000000  0.375000000  0.500000000      12
       1       1  -39.338436173  -49.490623199
       1       2  -18.520534912  -24.302424581
       1       3   -2.435436578   -6.194594029
       1       4   -0.801036234   -4.390531524
       1       5   -0.566684188   -4.085934011
       1       6   14.148397140   16.595994811
       1       7   15.819058141   18.090729906
       1       8   17.657528679   20.033254599
       1       9   19.698083537   22.517039053
       1      10   21.010363775   23.559069896
       1      11   33.235185374   35.889401625
       1      12   36.328164476   39.037254393
 -0.000000000  0.375000000 -0.375000000      12
       1       1  -39.336834370  -49.490372240
       1       2  -18.524427558  -24.301029977
       1       3   -2.172747641   -5.927608617
       1       4   -1.229833905   -4.824452812
       1       5   -0.407269776   -3.896619748
       1       6   14.285862621   16.651939034
       1       7   14.661664336   16.989489209
       1       8   18.170143051   20.650783246
       1       9   19.329333418   22.049843279
       1      10   23.184659360   25.612566178
       1      11   33.591724579   36.229106172
       1      12   34.155591023   36.775616521
 -0.000000000  0.375000000 -0.250000000      12
       1       1  -39.342075628  -49.487856292
       1       2  -18.614775361  -24.413225390
       1       3   -1.869477913   -5.581419869
       1       4   -1.167440689   -4.771507703
       1       5   -0.137764005   -3.595629920
       1       6   12.662810542   14.903832961
       1       7   15.189003977   17.566720892
       1       8   18.775484973   21.332410435
       1       9   19.004744354   21.670520521
       1      10   26.169967750   28.597536413
       1      11   30.842392482   33.480615225
       1      12   31.250516767   33.674264592
  0.000000000  0.375000000 -0.125000000      12
       1       1  -39.352397665  -49.527534612
       1       2  -18.734814722  -24.535224482
       1       3   -1.959111318   -5.707042308
       1       4   -0.350409149   -3.894325174
       1       5    0.088641439   -3.337950675
       1       6   11.222317342   13.319651006
       1       7   16.058443952   18.552153172
       1       8   18.880105374   21.426678524
       1       9   18.930703296   21.503842855
       1      10   28.822399244   31.375617291
       1      11   29.540618783   32.008642067
       1      12   29.672359050   32.153484396
 -0.000000000  0.500000000 -0.000000000      12
       1       1  -39.352324786  -49.569044055
       1       2  -18.748118804  -24.584823821
       1       3   -2.173613229   -5.987564023
       1       4    0.093683097   -3.333980021
       1       5    0.093683248   -3.333979870
       1       6   10.628772499   12.580228305
       1       7   16.471459345   19.156430048
       1       8   18.620427704   21.123762198
       1       9   18.620427753   21.123762248
       1      10   30.061538520   32.443556791
       1      11   30.558273006   33.212466631
       1      12   30.558273045   33.212466670
  0.000000000  0.500000000  0.125000000      12
       1       1  -39.349645013  -49.536778639
       1       2  -18.710059098  -24.514521867
       1       3   -2.080180767   -5.844926491
       1       4   -0.271113041   -3.797643787
       1       5   -0.025341564   -3.483402355
       1       6   11.273203012   13.369860188
       1       7   16.078256256   18.625106452
       1       8   18.735835338   21.244639864
       1       9   18.821034527   21.433911600
       1      10   27.454324706   29.952539044
       1      11   30.858208426   33.401302055
       1      12   31.233836010   33.853750696
  0.000000000  0.500000000  0.250000000      12
       1       1  -39.344303509  -49.503993740
       1       2  -18.616666977  -24.439031759
       1       3   -2.035107114   -5.771539644
       1       4   -0.839045675   -4.389644344
       1       5   -0.303640086   -3.792098550
       1       6   12.780149373   15.004999739
       1       7   15.600403446   18.045673807
       1       8   18.466371541   20.951559345
       1       9   19.277022484   21.998321633
       1      10   23.717046318   26.146676994
       1      11   32.538068524   35.186576906
       1      12   33.252176462   35.838947328
 -0.000000000  0.500000000  0.375000000      12
       1       1  -39.338436173  -49.490636204
       1       2  -18.520534913  -24.301094160
       1       3   -2.435436555   -6.194543656
       1       4   -0.801036257   -4.390545712
       1       5   -0.566684187   -4.085918630
       1       6   14.148397113   16.596042502
       1       7   15.819058172   18.090644013
       1       8   17.657528675   20.033254849
       1       9   19.698083530   22.517127004
       1      10   21.010363784   23.558956513
       1      11   33.235185375   35.889399637
       1      12   36.328164521   39.037226677
  0.000000000  0.500000000  0.500000000      12
       1       1  -39.336117241  -49.487481176
       1       2  -18.480007796  -24.282045578
       1       3   -2.677324657   -6.465586279
       1       4   -0.671426551   -4.221436974
       1       5   -0.671426474   -4.221436896
       1       6   14.562158946   17.235134380
       1       7   16.319617072   18.153483027
       1       8   17.235933489   19.504899853
       1       9   19.862033549   22.784913420
       1      10   19.862033554   22.784913425
       1      11   32.944585099   35.613940974
       1      12   37.920391734   40.742536519
  0.000000000 -0.500000000 -0.375000000      12
       1       1  -39.338436173  -49.490526939
       1       2  -18.520534913  -24.303240953
       1       3   -2.435436555   -6.196204764
       1       4   -0.801036257   -4.393166067
       1       5   -0.566684187   -4.086794758
       1       6   14.148397113   16.600110768
       1       7   15.819058172   18.091111910
       1       8   17.657528675   20.035075104
       1       9   19.698083530   22.519185075
       1      10   21.010363784   23.558650816
       1      11   33.235185375   35.889551208
       1      12   36.328164521   39.036129351
 -0.000000000 -0.500000000 -0.250000000      12
       1       1  -39.344303509  -49.503773835
       1       2  -18.616666977  -24.443307265
       1       3   -2.035107114   -5.774431933
       1       4   -0.839045675   -4.395334740
       1       5   -0.303640086   -3.793850806
       1       6   12.780149373   15.014644701
       1       7   15.600403446   18.045385818
       1       8   18.466371541   20.955400620
       1       9   19.277022484   22.002630325
       1      10   23.717046318   26.145687042
       1      11   32.538068524   35.186735269
       1      12   33.252176462   35.836519609
 -0.000000000 -0.500000000 -0.125000000      12
       1       1  -39.349645013  -49.536669201
       1       2  -18.710059098  -24.516667668
       1       3   -2.080180767   -5.846562178
       1       4   -0.271113041   -3.800293030
       1       5   -0.025341564   -3.484278483
       1       6   11.273203012   13.374536418
       1       7   16.078256256   18.625112275
       1       8   18.735835338   21.246398995
       1       9   18.821034527   21.435940056
       1      10   27.454324706   29.952123222
       1      11   30.858208426   33.401491104
       1      12   31.233836009   33.852661555
 -0.000000000 -0.375000000 -0.000000000      12
       1       1  -39.360798530  -49.524750014
       1       2  -18.814309532  -24.637305008
       1       3   -1.850793999   -5.594093965
       1       4    0.126071918   -3.286728703
       1       5    0.126072069   -3.286728552
       1       6   10.606107147   12.610899353
       1       7   16.621487819   19.109205573
       1       8   19.041404131   21.591734099
       1       9   19.041404180   21.591734148
       1      10   28.572576156   31.025787698
       1      11   29.358727497   31.870944075
       1      12   29.358727525   31.870944102
 -0.000000000 -0.375000000  0.125000000      12
       1       1  -39.352397665  -49.527515412
       1       2  -18.734814722  -24.535220443
       1       3   -1.959111318   -5.707072112
       1       4   -0.350409149   -3.894333685
       1       5    0.088641439   -3.337956565
       1       6   11.222317342   13.319569282
       1       7   16.058443952   18.552155190
       1       8   18.880105374   21.426712104
       1       9   18.930703296   21.503875325
       1      10   28.822399244   31.375627775
       1      11   29.540618783   32.008752110
       1      12   29.672359050   32.153450242
  0.000000000 -0.375000000  0.250000000      12
       1       1  -39.342075628  -49.487945212
       1       2  -18.614775361  -24.411092990
       1       3   -1.869477913   -5.579887970
       1       4   -1.167440689   -4.768780732
       1       5   -0.137764005   -3.594759682
       1       6   12.662810542   14.900074001
       1       7   15.189003977   17.565741332
       1       8   18.775484973   21.330522293
       1       9   19.004744354   21.668395493
       1      10   26.169967750   28.597916395
       1      11   30.842392482   33.480595643
       1      12   31.250516767   33.675588324
  0.000000000 -0.375000000  0.375000000      12
       1       1  -39.336834370  -49.490532810
       1       2  -18.524427558  -24.300115060
       1       3   -2.172747641   -5.927561175
       1       4   -1.229833905   -4.824454639
       1       5   -0.407269776   -3.896598344
       1       6   14.285862621   16.651899676
       1       7   14.661664336   16.989480425
       1       8   18.170143051   20.650761251
       1       9   19.329333418   22.049992197
       1      10   23.184659360   25.612345708
       1      11   33.591724579   36.229230673
       1      12   34.155591023   36.775735232
 -0.000000000 -0.375000000 -0.500000000      12
       1       1  -39.338436173  -49.490674666
       1       2  -18.520534912  -24.303648193
       1       3   -2.435436578   -6.196221912
       1       4   -0.801036234   -4.393147879
       1       5   -0.566684188   -4.086788735
       1       6   14.148397140   16.600078527
       1       7   15.819058141   18.091121342
       1       8   17.657528679   20.035049394
       1       9   19.698083537   22.519246270
       1      10   21.010363775   23.558558053
       1      11   33.235185374   35.889672834
       1      12   36.328164476   39.036333197
  0.000000000 -0.375000000 -0.375000000      12
       1       1  -39.346597955  -49.493432719
       1       2  -18.605479501  -24.390395942
       1       3   -2.198129565   -5.936063403
       1       4   -0.530730620   -4.037816544
       1       5   -0.530730542   -4.037816465
       1       6   13.330720187   15.700245500
       1       7   16.882166994   18.754531392
       1       8   17.990357397   20.400235791
       1       9   19.910851319   22.754934496
       1      10   19.910851325   22.754934502
       1      11   33.397422092   35.926518815
       1      12   35.873750196   38.593375007
  0.000000000 -0.375000000 -0.250000000      12
       1       1  -39.356710641  -49.510666074
       1       2  -18.725633688  -24.539722301
       1       3   -1.710814103   -5.382860077
       1       4   -0.439504267   -3.970173745
       1       5   -0.321929334   -3.799115407
       1       6   12.240240534   14.440747554
       1       7   16.737964993   19.021603411
       1       8   18.685047411   21.178183821
       1       9   19.804606341   22.549678989
       1      10   21.553946179   24.022882882
       1      11   33.271840745   35.878276538
       1      12   33.414701568   36.046545057
 -0.000000000 -0.375000000 -0.125000000      12
       1       1  -39.363779573  -49.498483042
       1       2  -18.810716732  -24.625579825
       1       3   -1.632192749   -5.316100027
       1       4   -0.094993065   -3.597015348
       1       5   -0.052110736   -3.496185159
       1       6   11.108429649   13.214368992
       1       7   16.557211119   18.979741082
       1       8   19.164498315   21.691041874
       1       9   19.429877431   22.088114579
       1      10   25.075453318   27.508054813
       1      11   30.614798282   33.171998317
       1      12   30.674310914   33.155166546
 -0.000000000 -0.250000000 -0.000000000      12
       1       1  -39.384425109  -49.500403300
       1       2  -18.968645792  -24.843007184
       1       3   -1.039210391   -4.640710207
       1       4    0.195286020   -3.202652105
       1       5    0.195286173   -3.202651952
       1       6   10.206995549   12.163434522
       1       7   17.693610795   20.087307942
       1       8   20.241450878   22.838947310
       1       9   20.241450923   22.838947355
       1      10   26.637817163   29.161914359
       1      11   27.213312829   29.582970337
       1      12   27.213312855   29.582970364
 -0.000000000 -0.250000000  0.125000000      12
       1       1  -39.370452057  -49.496509551
       1       2  -18.868254151  -24.699543699
       1       3   -1.335625337   -4.974408520
       1       4   -0.268052669   -3.785895580
       1       5    0.217794835   -3.193940672
       1       6   10.845998649   12.910555711
       1       7   16.731143295   19.143347052
       1       8   19.563313213   22.142530441
       1       9   19.705588779   22.293162219
       1      10   27.021730653   29.590862904
       1      11   27.035427382   29.366992960
       1      12   29.808729202   32.219987991
 -0.000000000 -0.250000000  0.250000000      12
       1       1  -39.353305168  -49.492291076
       1       2  -18.721685679  -24.560849667
       1       3   -1.524624961   -5.209084743
       1       4   -1.003420525   -4.577636612
       1       5    0.076057039   -3.349475851
       1       6   11.915141966   14.067178844
       1       7   15.560009217   17.952167451
       1       8   19.167654668   21.778770572
       1       9   19.171832290   21.807022444
       1      10   28.616269128   30.875989255
       1      11   28.656112286   31.290662473
       1      12   28.703047678   31.122171929
  0.000000000 -0.250000000  0.375000000      12
       1       1  -39.342075628  -49.487984893
       1       2  -18.614775360  -24.413628122
       1       3   -1.869478039   -5.581463909
       1       4   -1.167440560   -4.771501274
       1       5   -0.137764006   -3.595629788
       1       6   12.662810599   14.903721494
       1       7   15.189003906   17.566736606
       1       8   18.775484973   21.332414367
       1       9   19.004744370   21.670605575
       1      10   26.169967738   28.597368498
       1      11   30.842392503   33.480802292
       1      12   31.250516727   33.674590018
  0.000000000 -0.250000000 -0.500000000      12
       1       1  -39.344303509  -49.504069378
       1       2  -18.616666974  -24.444133749
       1       3   -2.035107221   -5.774479718
       1       4   -0.839045564   -4.395272477
       1       5   -0.303640088   -3.793838761
       1       6   12.780149437   15.014562902
       1       7   15.600403362   18.045431315
       1       8   18.466371547   20.955347704
       1       9   19.277022506   22.002744016
       1      10   23.717046302   26.145481914
       1      11   32.538068533   35.187002761
       1      12   33.252176380   35.836937846
 -0.000000000 -0.250000000 -0.375000000      12
       1       1  -39.356710641  -49.510813857
       1       2  -18.725633687  -24.540129146
       1       3   -1.710814179   -5.382886412
       1       4   -0.439504188   -3.970146492
       1       5   -0.321929335   -3.799109384
       1       6   12.240240558   14.440715334
       1       7   16.737964957   19.021613507
       1       8   18.685047413   21.178158856
       1       9   19.804606359   22.549736568
       1      10   21.553946168   24.022788076
       1      11   33.271840651   35.878483681
       1      12   33.414701557   36.046671702
  0.000000000 -0.250000000 -0.250000000      12
       1       1  -39.373992695  -49.528450059
       1       2  -18.871787369  -24.734177626
       1       3   -1.100239767   -4.677553190
       1       4   -0.188401863   -3.652563288
       1       5   -0.188401782   -3.652563207
       1       6   11.258848041   13.377249036
       1       7   18.562449584   20.473312425
       1       8   19.453354766   21.952701529
       1       9   20.272586584   23.037905974
       1      10   20.272586594   23.037905984
       1      11   32.610910443   35.229558223
       1      12   32.610910473   35.229558253
  0.000000000 -0.250000000 -0.125000000      12
       1       1  -39.385155979  -49.519407552
       1       2  -18.969881372  -24.815796151
       1       3   -0.806855106   -4.368083235
       1       4    0.027130244   -3.403919531
       1       5    0.074024745   -3.410072098
       1       6   10.415892970   12.462376800
       1       7   18.251919712   20.594033290
       1       8   20.278335931   22.808542292
       1       9   20.438413127   23.113190169
       1      10   22.943156282   25.349044181
       1      11   29.100885881   31.650199968
       1      12   29.287355542   31.789519038
 -0.000000000 -0.125000000 -0.000000000      12
       1       1  -39.407328510  -49.515738578
       1       2  -19.114895597  -24.988159071
       1       3   -0.122625192   -3.633723411
       1       4    0.274453233   -3.109960083
       1       5    0.274453387   -3.109959929
       1       6    9.402985268   11.290919124
       1       7   20.309943807   22.738250512
       1       8   21.984566650   24.665537612
       1       9   21.984566688   24.665537652
       1      10   25.239554576   27.929629148
       1      11   25.385560449   27.737245837
       1      12   25.385560481   27.737245868
 -0.000000000 -0.125000000  0.125000000      12
       1       1  -39.393702940  -49.507998069
       1       2  -19.024603548  -24.870232217
       1       3   -0.568881021   -4.103230222
       1       4   -0.017875848   -3.515234722
       1       5    0.293588580   -3.103978115
       1       6   10.017593240   11.995405748
       1       7   18.587918511   21.019185622
       1       8   20.468696486   22.970707842
       1       9   21.135016528   23.687059339
       1      10   25.219698036   27.634835904
       1      11   25.608753153   28.130528758
       1      12   28.454281872   30.854486084
 -0.000000000 -0.125000000  0.250000000      12
       1       1  -39.370452057  -49.495894751
       1       2  -18.868254149  -24.701299464
       1       3   -1.335625429   -4.971242097
       1       4   -0.268052574   -3.785419337
       1       5    0.217794834   -3.193569244
       1       6   10.845998676   12.909228710
       1       7   16.731143247   19.140919435
       1       8   19.563313210   22.142749223
       1       9   19.705588805   22.294059810
       1      10   27.021730666   29.590405193
       1      11   27.035427341   29.365133566
       1      12   29.808729218   32.218182750
 -0.000000000 -0.125000000  0.375000000      12
       1       1  -39.352397665  -49.520826007
       1       2  -18.734814719  -24.535689117
       1       3   -1.959111433   -5.707112437
       1       4   -0.350409029   -3.894329172
       1       5    0.088641436   -3.337948885
       1       6   11.222317402   13.319517869
       1       7   16.058443861   18.552221458
       1       8   18.880105409   21.426688654
       1       9   18.930703287   21.503865194
       1      10   28.822399212   31.375634369
       1      11   29.540618710   32.008831465
       1      12   29.672359127   32.153393909
  0.000000000 -0.125000000 -0.500000000      12
       1       1  -39.349645013  -49.530126148
       1       2  -18.710059094  -24.517548126
       1       3   -2.080180891   -5.846616452
       1       4   -0.271112911   -3.800271210
       1       5   -0.025341568   -3.484264780
       1       6   11.273203080   13.374439606
       1       7   16.078256155   18.625204150
       1       8   18.735835329   21.246367545
       1       9   18.821034566   21.435980068
       1      10   27.454324698   29.952039686
       1      11   30.858208471   33.401536843
       1      12   31.233835905   33.852944680
  0.000000000 -0.125000000 -0.375000000      12
       1       1  -39.363779573  -49.498012334
       1       2  -18.810716729  -24.627076744
       1       3   -1.632192877   -5.316142592
       1       4   -0.094992930   -3.596975974
       1       5   -0.052110739   -3.496156778
       1       6   11.108429694   13.214416991
       1       7   16.557211045   18.979761107
       1       8   19.164498307   21.691042139
       1       9   19.429877469   22.088204116
       1      10   25.075453313   27.507855533
       1      11   30.614798308   33.172021322
       1      12   30.674310808   33.155308698
 -0.000000000 -0.125000000 -0.250000000      12
       1       1  -39.385155979  -49.518788750
       1       2  -18.969881371  -24.816893813
       1       3   -0.806855229   -4.368089003
       1       4    0.027130243   -3.403897172
       1       5    0.074024874   -3.410063474
       1       6   10.415892984   12.462464473
       1       7   18.251919677   20.594033046
       1       8   20.278335925   22.808548668
       1       9   20.438413154   23.113216168
       1      10   22.943156282   25.348948404
       1      11   29.100885905   31.650107763
       1      12   29.287355460   31.789456847
  0.000000000 -0.125000000 -0.125000000      12
       1       1  -39.403158106  -49.530414344
       1       2  -19.092952797  -24.954094383
       1       3   -0.090710655   -3.596501112
       1       4    0.167335935   -3.250189031
       1       5    0.167336020   -3.250188946
       1       6    9.599216057   11.560719380
       1       7   21.309098749   23.348457771
       1       8   21.430562463   24.134689358
       1       9   21.430562475   24.134689375
       1      10   21.732418102   24.460826834
       1      11   27.560565650   30.123229711
       1      12   27.560565680   30.123229731
  0.125000000 -0.000000000  0.000000000      12
       1       1  -39.407328510  -49.515593229
       1       2  -19.114895597  -24.987874383
       1       3   -0.122625250   -3.631111687
       1       4    0.274453232   -3.109693243
       1       5    0.274453446   -3.109693030
       1       6    9.402985270   11.289808362
       1       7   20.309943810   22.735466733
       1       8   21.984566646   24.666367016
       1       9   21.984566708   24.666367077
       1      10   25.239554578   27.929703449
       1      11   25.385560422   27.735593917
       1      12   25.385560463   27.735593954
  0.125000000  0.000000000  0.125000000      12
       1       1  -39.403158106  -49.530306651
       1       2  -19.092952797  -24.953350268
       1       3   -0.090710449   -3.591111003
       1       4    0.167335792   -3.248882454
       1       5    0.167335946   -3.248882300
       1       6    9.599216071   11.555064385
       1       7   21.309098769   23.349905877
       1       8   21.430562433   24.131102891
       1       9   21.430562461   24.131102925
       1      10   21.732418140   24.461049970
       1      11   27.560565634   30.120236341
       1      12   27.560565667   30.120236372
  0.125000000  0.000000000  0.250000000      12
       1       1  -39.385155979  -49.518685188
       1       2  -18.969881371  -24.816855550
       1       3   -0.806855119   -4.360954496
       1       4    0.027130180   -3.402241445
       1       5    0.074024810   -3.406789966
       1       6   10.415893006   12.455372509
       1       7   18.251919674   20.590462214
       1       8   20.278335974   22.809245676
       1       9   20.438413108   23.110592298
       1      10   22.943156284   25.346204999
       1      11   29.100885888   31.646740626
       1      12   29.287355469   31.784585624
  0.125000000 -0.000000000  0.375000000      12
       1       1  -39.363779573  -49.497656467
       1       2  -18.810716730  -24.627229161
       1       3   -1.632192820   -5.311647491
       1       4   -0.094992941   -3.594089440
       1       5   -0.052110800   -3.495206597
       1       6   11.108429714   13.209028566
       1       7   16.557211045   18.976859242
       1       8   19.164498356   21.690044266
       1       9   19.429877412   22.087482639
       1      10   25.075453318   27.506755053
       1      11   30.614798277   33.171061144
       1      12   30.674310820   33.154509894
  0.125000000 -0.000000000  0.500000000      12
       1       1  -39.349645013  -49.529766792
       1       2  -18.710059094  -24.517053653
       1       3   -2.080180867   -5.845217315
       1       4   -0.271112883   -3.797927568
       1       5   -0.025341628   -3.483663667
       1       6   11.273203089   13.370509407
       1       7   16.078256171   18.625055699
       1       8   18.735835372   21.244753124
       1       9   18.821034505   21.434229516
       1      10   27.454324702   29.952204208
       1      11   30.858208448   33.401295533
       1      12   31.233835921   33.854031384
  0.125000000  0.000000000 -0.375000000      12
       1       1  -39.352397665  -49.520694566
       1       2  -18.734814719  -24.535431484
       1       3   -1.959111442   -5.707282952
       1       4   -0.350408960   -3.894522733
       1       5    0.088641375   -3.338114926
       1       6   11.222317399   13.319786838
       1       7   16.058443888   18.552347256
       1       8   18.880105347   21.426760679
       1       9   18.930703326   21.503920633
       1      10   28.822399188   31.375608864
       1      11   29.540618729   32.009029294
       1      12   29.672359151   32.153243645
  0.125000000  0.000000000 -0.250000000      12
       1       1  -39.370452057  -49.495759222
       1       2  -18.868254149  -24.700379618
       1       3   -1.335625491   -4.974582663
       1       4   -0.268052446   -3.786087062
       1       5    0.217794771   -3.194084355
       1       6   10.845998668   12.910948779
       1       7   16.731143271   19.143442261
       1       8   19.563313244   22.142596565
       1       9   19.705588746   22.293252444
       1      10   27.021730665   29.590843575
       1      11   27.035427353   29.367136194
       1      12   29.808729219   32.219652438
  0.125000000  0.000000000 -0.125000000      12
       1       1  -39.393702940  -49.507848995
       1       2  -19.024603548  -24.869315112
       1       3   -0.568881162   -4.103707585
       1       4   -0.017875636   -3.515489717
       1       5    0.293588517   -3.104060408
       1       6   10.017593234   11.995783575
       1       7   18.587918525   21.019270867
       1       8   20.468696513   22.970727901
       1       9   21.135016479   23.686900862
       1      10   25.219698033   27.635082909
       1      11   25.608753161   28.130695619
       1      12   28.454281861   30.854844140
  0.125000000  0.125000000  0.000000000      12
       1       1  -39.403158106  -49.530349516
       1       2  -19.092952797  -24.953143740
       1       3   -0.090710511   -3.591058222
       1       4    0.167335770   -3.248894855
       1       5    0.167336036   -3.248894589
       1       6    9.599216067   11.555200651
       1       7   21.309098719   23.349883460
       1       8   21.430562465   24.131040041
       1       9   21.430562483   24.131040056
       1      10   21.732418104   24.461075653
       1      11   27.560565671   30.120123375
       1      12   27.560565687   30.120123388
  0.125000000  0.125000000  0.125000000      12
       1       1  -39.407328510  -49.515770478
       1       2  -19.114895597  -24.988324875
       1       3   -0.122625331   -3.627208775
       1       4    0.274453284   -3.109302237
       1       5    0.274453476   -3.109302045
       1       6    9.402985275   11.288204049
       1       7   20.309943769   22.732564308
       1       8   21.984566674   24.667391969
       1       9   21.984566684   24.667391977
       1      10   25.239554647   27.928522118
       1      11   25.385560409   27.734064232
       1      12   25.385560467   27.734064295
  0.125000000  0.125000000  0.250000000      12
       1       1  -39.393702940  -49.508029918
       1       2  -19.024603547  -24.870433002
       1       3   -0.568881196   -4.098530441
       1       4   -0.017875699   -3.512678688
       1       5    0.293588612   -3.103320288
       1       6   10.017593246   11.992763835
       1       7   18.587918506   21.015854433
       1       8   20.468696489   22.969169147
       1       9   21.135016498   23.687924684
       1      10   25.219698075   27.632684064
       1      11   25.608753196   28.129853488
       1      12   28.454281788   30.851706112
  0.125000000  0.125000000  0.375000000      12
       1       1  -39.370452057  -49.495307464
       1       2  -18.868254148  -24.700190243
       1       3   -1.335625499   -4.968898379
       1       4   -0.268052533   -3.783479171
       1       5    0.217794867   -3.192903220
       1       6   10.845998677   12.907597629
       1       7   16.731143267   19.137583271
       1       8   19.563313215   22.142857460
       1       9   19.705588765   22.292576859
       1      10   27.021730693   29.589719064
       1      11   27.035427398   29.364099618
       1      12   29.808729103   32.220067618
  0.125000000  0.125000000  0.500000000      12
       1       1  -39.352397665  -49.520238237
       1       2  -18.734814719  -24.534581534
       1       3   -1.959111444   -5.704852544
       1       4   -0.350409052   -3.892302146
       1       5    0.088641470   -3.337282861
       1       6   11.222317402   13.317540904
       1       7   16.058443891   18.549449581
       1       8   18.880105367   21.425222415
       1       9   18.930703295   21.503895759
       1      10   28.822399218   31.375745905
       1      11   29.540618778   32.007779462
       1      12   29.672359046   32.154506983
  0.125000000  0.125000000 -0.375000000      12
       1       1  -39.349645013  -49.526070052
       1       2  -18.710059094  -24.516645083
       1       3   -2.080180865   -5.845816488
       1       4   -0.271112976   -3.797511135
       1       5   -0.025341534   -3.483067679
       1       6   11.273203086   13.367651269
       1       7   16.078256176   18.627051548
       1       8   18.735835338   21.247035441
       1       9   18.821034527   21.431215310
       1      10   27.454324648   29.952939090
       1      11   30.858208507   33.399858272
       1      12   31.233835975   33.854053448
  0.125000000  0.125000000 -0.250000000      12
       1       1  -39.363779573  -49.493957710
       1       2  -18.810716730  -24.626200104
       1       3   -1.632192818   -5.315503744
       1       4   -0.094993030   -3.594019407
       1       5   -0.052110706   -3.494959677
       1       6   11.108429706   13.207701173
       1       7   16.557211048   18.981454514
       1       8   19.164498325   21.691738914
       1       9   19.429877435   22.083317363
       1      10   25.075453285   27.508768180
       1      11   30.614798325   33.170396517
       1      12   30.674310873   33.156579822
  0.125000000  0.125000000 -0.125000000      12
       1       1  -39.385155979  -49.518724315
       1       2  -18.969881371  -24.815987154
       1       3   -0.806855125   -4.363916632
       1       4    0.027130274   -3.402602799
       1       5    0.074024729   -3.407438889
       1       6   10.415892996   12.456959769
       1       7   18.251919672   20.593176343
       1       8   20.278335950   22.808663461
       1       9   20.438413134   23.109567533
       1      10   22.943156256   25.347547547
       1      11   29.100885901   31.647230997
       1      12   29.287355512   31.786339735
  0.125000000  0.250000000 -0.000000000      12
       1       1  -39.385155979  -49.519553627
       1       2  -18.969881372  -24.817056727
       1       3   -0.806855056   -4.360874650
       1       4    0.027130121   -3.402250712
       1       5    0.074024811   -3.406775363
       1       6   10.415892987   12.455635219
       1       7   18.251919694   20.590330894
       1       8   20.278335921   22.809309974
       1       9   20.438413135   23.110592344
       1      10   22.943156282   25.346081036
       1      11   29.100885879   31.646613190
       1      12   29.287355548   31.784349956
  0.125000000  0.250000000  0.125000000      12
       1       1  -39.393702940  -49.508855369
       1       2  -19.024603548  -24.870839139
       1       3   -0.568881130   -4.098492255
       1       4   -0.017875635   -3.512664675
       1       5    0.293588482   -3.103317247
       1       6   10.017593236   11.992888270
       1       7   18.587918511   21.015806083
       1       8   20.468696493   22.969159450
       1       9   21.135016494   23.687957203
       1      10   25.219698046   27.632591621
       1      11   25.608753180   28.129861231
       1      12   28.454281898   30.851601076
  0.125000000  0.250000000  0.250000000      12
       1       1  -39.385155979  -49.519066213
       1       2  -18.969881371  -24.816244625
       1       3   -0.806855225   -4.357405232
       1       4    0.027130297   -3.401763685
       1       5    0.074024814   -3.405813420
       1       6   10.415892988   12.453560705
       1       7   18.251919664   20.588034646
       1       8   20.278335940   22.809468536
       1       9   20.438413137   23.111015505
       1      10   22.943156291   25.345256848
       1      11   29.100885899   31.645514031
       1      12   29.287355507   31.782968975
  0.125000000  0.250000000  0.375000000      12
       1       1  -39.367884326  -49.511875924
       1       2  -18.833934195  -24.651134841
       1       3   -1.295291068   -4.907304962
       1       4   -0.437290125   -3.953122262
       1       5    0.029143632   -3.459278763
       1       6   11.333383650   13.478711315
       1       7   16.833675704   19.163026748
       1       8   19.360140481   21.918133218
       1       9   19.818495670   22.489302679
       1      10   23.401023036   25.826130211
       1      11   30.741024055   33.271101429
       1      12   30.801501278   33.325619573
  0.125000000  0.250000000  0.500000000      12
       1       1  -39.350776845  -49.497844988
       1       2  -18.691308561  -24.496555284
       1       3   -1.783190539   -5.480616655
       1       4   -0.787891253   -4.340645221
       1       5   -0.090713575   -3.593954164
       1       6   12.120536410   14.322823925
       1       7   15.732474233   18.157039185
       1       8   18.794548674   21.341771772
       1       9   19.196711743   21.822888424
       1      10   25.380802287   27.842662263
       1      11   29.928265584   32.453372098
       1      12   32.608560083   35.139488041
  0.125000000  0.250000000 -0.375000000      12
       1       1  -39.343301605  -49.496550507
       1       2  -18.630100428  -24.419814305
       1       3   -1.988734126   -5.707455584
       1       4   -0.901297245   -4.464557967
       1       5   -0.156073868   -3.688769538
       1       6   12.341721956   14.580659727
       1       7   15.497501853   17.952402175
       1       8   18.657514333   21.292146157
       1       9   18.894699745   21.423485918
       1      10   27.266112569   29.791307689
       1      11   28.351058451   30.885598913
       1      12   33.767939116   36.380288348
  0.125000000  0.250000000 -0.250000000      12
       1       1  -39.350776845  -49.494446550
       1       2  -18.691308562  -24.497976776
       1       3   -1.783190435   -5.483797238
       1       4   -0.787891332   -4.342183522
       1       5   -0.090713605   -3.594503798
       1       6   12.120536419   14.322618325
       1       7   15.732474210   18.161474336
       1       8   18.794548687   21.345013501
       1       9   19.196711755   21.821489448
       1      10   25.380802243   27.843251665
       1      11   29.928265680   32.451241531
       1      12   32.608560064   35.139519471
  0.125000000  0.250000000 -0.125000000      12
       1       1  -39.367884326  -49.512791119
       1       2  -18.833934197  -24.651116684
       1       3   -1.295290880   -4.910143158
       1       4   -0.437290267   -3.955192731
       1       5    0.029143576   -3.460357140
       1       6   11.333383651   13.481043825
       1       7   16.833675695   19.166488407
       1       8   19.360140481   21.918867062
       1       9   19.818495703   22.489685267
       1      10   23.401022995   25.826915464
       1      11   30.741024022   33.272443571
       1      12   30.801501378   33.324440740
  0.125000000  0.375000000  0.000000000      12
       1       1  -39.363779573  -49.498571083
       1       2  -18.810716732  -24.626902166
       1       3   -1.632192727   -5.311534973
       1       4   -0.094992972   -3.594086380
       1       5   -0.052110859   -3.495235543
       1       6   11.108429665   13.209286655
       1       7   16.557211103   18.976725447
       1       8   19.164498311   21.690035257
       1       9   19.429877438   22.087545264
       1      10   25.075453318   27.506568802
       1      11   30.614798257   33.171057568
       1      12   30.674310908   33.154374271
  0.125000000  0.375000000  0.125000000      12
       1       1  -39.370452057  -49.496175199
       1       2  -18.868254151  -24.700501014
       1       3   -1.335625389   -4.968800417
       1       4   -0.268052518   -3.783482963
       1       5    0.217794738   -3.192892094
       1       6   10.845998644   12.907824984
       1       7   16.731143307   19.137414063
       1       8   19.563313224   22.142870237
       1       9   19.705588746   22.292659989
       1      10   27.021730677   29.589669759
       1      11   27.035427388   29.363951702
       1      12   29.808729225   32.219933534
  0.125000000  0.375000000  0.250000000      12
       1       1  -39.367884326  -49.511918172
       1       2  -18.833934197  -24.651038157
       1       3   -1.295291001   -4.907249380
       1       4   -0.437290066   -3.953141148
       1       5    0.029143501   -3.459266632
       1       6   11.333383635   13.478811119
       1       7   16.833675714   19.162931500
       1       8   19.360140483   21.918142274
       1       9   19.818495684   22.489301329
       1      10   23.401023019   25.826090781
       1      11   30.741024022   33.271062515
       1      12   30.801501405   33.325599789
  0.125000000  0.375000000  0.375000000      12
       1       1  -39.356710641  -49.510847748
       1       2  -18.725633686  -24.538124102
       1       3   -1.710814171   -5.374802442
       1       4   -0.439504250   -3.965363516
       1       5   -0.321929282   -3.797153646
       1       6   12.240240562   14.432165352
       1       7   16.737964957   19.019361282
       1       8   18.685047410   21.174303433
       1       9   19.804606347   22.546280664
       1      10   21.553946177   24.021903847
       1      11   33.271840703   35.874703369
       1      12   33.414701552   36.043759885
  0.125000000  0.375000000  0.500000000      12
       1       1  -39.344261667  -49.501465033
       1       2  -18.602994561  -24.388208592
       1       3   -2.057408823   -5.767862566
       1       4   -0.840614451   -4.425844692
       1       5   -0.395004684   -3.919066223
       1       6   13.276147096   15.556195708
       1       7   15.844583372   18.288963206
       1       8   18.087256282   20.574412439
       1       9   19.468064234   22.036138299
       1      10   22.432206820   24.964786683
       1      11   32.007527443   34.628216827
       1      12   35.205121972   37.802580061
  0.125000000  0.375000000  0.625000000      12
       1       1  -39.337694340  -49.497415351
       1       2  -18.540110937  -24.332301360
       1       3   -2.028181104   -5.740413001
       1       4   -1.295854719   -4.909592217
       1       5   -0.400440655   -3.939090831
       1       6   13.911126507   16.262054608
       1       7   15.084397624   17.550836041
       1       8   17.910970028   20.424033396
       1       9   19.098384603   21.671611404
       1      10   24.558831137   27.053917192
       1      11   30.053902678   32.627774400
       1      12   34.396378541   37.079546994
  0.125000000  0.375000000 -0.250000000      12
       1       1  -39.340537128  -49.488866290
       1       2  -18.577750896  -24.365633866
       1       3   -1.675751061   -5.370216529
       1       4   -1.540028123   -5.164452767
       1       5   -0.263713043   -3.777528566
       1       6   13.397109837   15.711636525
       1       7   14.981035728   17.412608015
       1       8   18.387044437   20.917429053
       1       9   18.975750295   21.573545078
       1      10   27.137242877   29.625500754
       1      11   27.438971194   29.921284444
       1      12   35.055091291   37.628154183
  0.125000000  0.375000000 -0.125000000      12
       1       1  -39.350776845  -49.498232698
       1       2  -18.691308564  -24.497642855
       1       3   -1.783190365   -5.482990671
       1       4   -0.787891368   -4.342798408
       1       5   -0.090713640   -3.595083411
       1       6   12.120536378   14.325579492
       1       7   15.732474251   18.160123053
       1       8   18.794548689   21.343023818
       1       9   19.196711758   21.822951266
       1      10   25.380802263   27.842899275
       1      11   29.928265675   32.451899991
       1      12   32.608560038   35.140436013
  0.125000000  0.500000000  0.000000000      12
       1       1  -39.349645013  -49.536546943
       1       2  -18.710059098  -24.515844534
       1       3   -2.080180759   -5.845127914
       1       4   -0.271112932   -3.797922315
       1       5   -0.025341687   -3.483703469
       1       6   11.273203019   13.370699687
       1       7   16.078256249   18.624934356
       1       8   18.735835337   21.244708850
       1       9   18.821034534   21.434243457
       1      10   27.454324713   29.952078867
       1      11   30.858208394   33.401400848
       1      12   31.233836004   33.853946165
  0.125000000  0.500000000  0.125000000      12
       1       1  -39.352397665  -49.526969909
       1       2  -18.734814723  -24.534017328
       1       3   -1.959111326   -5.704776106
       1       4   -0.350409048   -3.892300467
       1       5    0.088641343   -3.337282587
       1       6   11.222317341   13.317655514
       1       7   16.058443968   18.549335312
       1       8   18.880105341   21.425269797
       1       9   18.930703313   21.503880395
       1      10   28.822399274   31.375700649
       1      11   29.540618776   32.007673653
       1      12   29.672359045   32.154532125
  0.125000000  0.500000000  0.250000000      12
       1       1  -39.350776845  -49.497900276
       1       2  -18.691308563  -24.495125163
       1       3   -1.783190420   -5.480508739
       1       4   -0.787891270   -4.340669283
       1       5   -0.090713684   -3.593941177
       1       6   12.120536363   14.322980772
       1       7   15.732474290   18.156886908
       1       8   18.794548660   21.341794619
       1       9   19.196711755   21.822904850
       1      10   25.380802287   27.842530247
       1      11   29.928265663   32.453333441
       1      12   32.608560070   35.139436218
  0.125000000  0.500000000  0.375000000      12
       1       1  -39.344261666  -49.501477997
       1       2  -18.602994562  -24.386882445
       1       3   -2.057408786   -5.767813470
       1       4   -0.840614395   -4.425823672
       1       5   -0.395004782   -3.919080449
       1       6   13.276147078   15.556235516
       1       7   15.844583381   18.288923179
       1       8   18.087256287   20.574404676
       1       9   19.468064257   22.036132912
       1      10   22.432206809   24.964738054
       1      11   32.007527504   34.628204770
       1      12   35.205121953   37.802554051
  0.125000000  0.500000000  0.500000000      12
       1       1  -39.338436173  -49.491082930
       1       2  -18.520534912  -24.301425701
       1       3   -2.435436574   -6.193805100
       1       4   -0.801036290   -4.390366519
       1       5   -0.566684135   -4.086330995
       1       6   14.148397141   16.597686772
       1       7   15.819058163   18.088876852
       1       8   17.657528653   20.031287248
       1       9   19.698083529   22.519555089
       1      10   21.010363781   23.559596201
       1      11   33.235185373   35.890322256
       1      12   36.328164513   39.036209282
  0.125000000  0.500000000  0.625000000      12
       1       1  -39.335150605  -49.491315314
       1       2  -18.493842886  -24.269158661
       1       3   -2.415384124   -6.146823488
       1       4   -1.006918808   -4.619232572
       1       5   -0.567109266   -4.149472525
       1       6   14.601150537   17.173763362
       1       7   15.514270594   17.833912084
       1       8   17.206169242   19.639339810
       1       9   19.402763183   22.074057264
       1      10   22.179852556   24.734103325
       1      11   33.358450649   36.076642106
       1      12   33.479177212   36.068720254
  0.125000000 -0.500000000 -0.250000000      12
       1       1  -39.337694340  -49.497319013
       1       2  -18.540110938  -24.333095556
       1       3   -2.028181035   -5.741861813
       1       4   -1.295854752   -4.911983698
       1       5   -0.400440692   -3.940395427
       1       6   13.911126437   16.266881474
       1       7   15.084397678   17.550732966
       1       8   17.910970041   20.425855660
       1       9   19.098384614   21.673307974
       1      10   24.558831128   27.053778380
       1      11   30.053902725   32.627320764
       1      12   34.396378502   37.079791653
  0.125000000  0.500000000 -0.125000000      12
       1       1  -39.343301605  -49.500240022
       1       2  -18.630100431  -24.420291032
       1       3   -1.988734017   -5.708430384
       1       4   -0.901297275   -4.467130865
       1       5   -0.156073949   -3.690721864
       1       6   12.341721884   14.587984607
       1       7   15.497501916   17.951118082
       1       8   18.657514343   21.295340625
       1       9   18.894699757   21.424034671
       1      10   27.266112576   29.790923381
       1      11   28.351058491   30.885413438
       1      12   33.767939067   36.380361744
  0.125000000 -0.375000000 -0.000000000      12
       1       1  -39.352397665  -49.527368779
       1       2  -18.734814723  -24.534635391
       1       3   -1.959111321   -5.707229658
       1       4   -0.350409025   -3.894513956
       1       5    0.088641314   -3.338168689
       1       6   11.222317337   13.319820963
       1       7   16.058443961   18.552329642
       1       8   18.880105381   21.426765814
       1       9   18.930703293   21.503930318
       1      10   28.822399206   31.375618614
       1      11   29.540618800   32.009023413
       1      12   29.672359091   32.153244787
  0.125000000 -0.375000000  0.125000000      12
       1       1  -39.349645013  -49.532953901
       1       2  -18.710059098  -24.516052543
       1       3   -2.080180747   -5.845788590
       1       4   -0.271112976   -3.797501687
       1       5   -0.025341659   -3.483070464
       1       6   11.273203023   13.367676557
       1       7   16.078256265   18.626965491
       1       8   18.735835361   21.247067502
       1       9   18.821034495   21.431269228
       1      10   27.454324701   29.952973669
       1      11   30.858208454   33.399858273
       1      12   31.233835979   33.853934147
  0.125000000 -0.375000000  0.250000000      12
       1       1  -39.343301605  -49.496756285
       1       2  -18.630100431  -24.418367813
       1       3   -1.988733997   -5.707411607
       1       4   -0.901297309   -4.464563726
       1       5   -0.156073942   -3.688744461
       1       6   12.341721891   14.580692077
       1       7   15.497501943   17.952306435
       1       8   18.657514295   21.292224599
       1       9   18.894699774   21.423527061
       1      10   27.266112634   29.791240697
       1      11   28.351058417   30.885536967
       1      12   33.767939120   36.380211005
  0.125000000  0.625000000  0.375000000      12
       1       1  -39.337694340  -49.499264854
       1       2  -18.540110938  -24.331164022
       1       3   -2.028181037   -5.740344864
       1       4   -1.295854729   -4.909609409
       1       5   -0.400440718   -3.939069252
       1       6   13.911126438   16.262109468
       1       7   15.084397703   17.550705440
       1       8   17.910970012   20.424094861
       1       9   19.098384626   21.671656091
       1      10   24.558831135   27.053845655
       1      11   30.053902702   32.627769530
       1      12   34.396378530   37.079483822
  0.125000000  0.625000000  0.500000000      12
       1       1  -39.335150605  -49.493152428
       1       2  -18.493842886  -24.269352691
       1       3   -2.415384125   -6.146817628
       1       4   -1.006918753   -4.619226657
       1       5   -0.567109325   -4.149461779
       1       6   14.601150539   17.173727568
       1       7   15.514270598   17.833877716
       1       8   17.206169236   19.639391443
       1       9   19.402763196   22.074084211
       1      10   22.179852551   24.734117949
       1      11   33.358450647   36.076564173
       1      12   33.479177219   36.068736404
  0.125000000 -0.375000000 -0.375000000      12
       1       1  -39.338436173  -49.489933039
       1       2  -18.520534912  -24.303361103
       1       3   -2.435436559   -6.196551353
       1       4   -0.801036305   -4.392843099
       1       5   -0.566684135   -4.087148145
       1       6   14.148397121   16.601525470
       1       7   15.819058187   18.089957323
       1       8   17.657528650   20.032942104
       1       9   19.698083529   22.522086399
       1      10   21.010363782   23.558867933
       1      11   33.235185380   35.890721051
       1      12   36.328164514   39.034707013
  0.125000000 -0.375000000 -0.250000000      12
       1       1  -39.344261666  -49.500218811
       1       2  -18.602994563  -24.390938756
       1       3   -2.057408756   -5.772113568
       1       4   -0.840614452   -4.429221421
       1       5   -0.395004752   -3.922627053
       1       6   13.276147058   15.563677639
       1       7   15.844583390   18.291688289
       1       8   18.087256299   20.577649084
       1       9   19.468064260   22.038571193
       1      10   22.432206800   24.965358882
       1      11   32.007527519   34.627570630
       1      12   35.205121946   37.800511392
  0.125000000 -0.375000000 -0.125000000      12
       1       1  -39.350776845  -49.498188967
       1       2  -18.691308564  -24.497852387
       1       3   -1.783190406   -5.484465288
       1       4   -0.787891271   -4.344655384
       1       5   -0.090713694   -3.596765288
       1       6   12.120536350   14.329541709
       1       7   15.732474281   18.160760315
       1       8   18.794548685   21.344707133
       1       9   19.196711762   21.824471406
       1      10   25.380802268   27.843428038
       1      11   29.928265693   32.450809958
       1      12   32.608560041   35.140158808
  0.125000000 -0.250000000 -0.000000000      12
       1       1  -39.370452057  -49.496362645
       1       2  -18.868254151  -24.698954335
       1       3   -1.335625355   -4.974558507
       1       4   -0.268052526   -3.786088350
       1       5    0.217794709   -3.194152797
       1       6   10.845998636   12.910821481
       1       7   16.731143318   19.143521234
       1       8   19.563313208   22.142580692
       1       9   19.705588784   22.293207145
       1      10   27.021730614   29.591045173
       1      11   27.035427414   29.367273771
       1      12   29.808729234   32.219614169
  0.125000000 -0.250000000  0.125000000      12
       1       1  -39.363779573  -49.494769085
       1       2  -18.810716732  -24.624990108
       1       3   -1.632192699   -5.315495314
       1       4   -0.094993034   -3.594020567
       1       5   -0.052110832   -3.494977140
       1       6   11.108429668   13.207582628
       1       7   16.557211120   18.981439658
       1       8   19.164498345   21.691739977
       1       9   19.429877402   22.083320298
       1      10   25.075453308   27.508918007
       1      11   30.614798291   33.170418026
       1      12   30.674310884   33.156603438
  0.125000000 -0.250000000  0.250000000      12
       1       1  -39.350776845  -49.494620382
       1       2  -18.691308563  -24.497852912
       1       3   -1.783190331   -5.483846106
       1       4   -0.787891401   -4.342171624
       1       5   -0.090713651   -3.594502823
       1       6   12.120536384   14.322487485
       1       7   15.732474272   18.161489670
       1       8   18.794548697   21.345055988
       1       9   19.196711738   21.821552645
       1      10   25.380802266   27.843381109
       1      11   29.928265662   32.451115295
       1      12   32.608560060   35.139541996
  0.125000000 -0.250000000  0.375000000      12
       1       1  -39.340537128  -49.490682826
       1       2  -18.577750896  -24.365823334
       1       3   -1.675751030   -5.370255305
       1       4   -1.540028124   -5.164438860
       1       5   -0.263713081   -3.777526737
       1       6   13.397109843   15.711515803
       1       7   14.981035734   17.412607144
       1       8   18.387044429   20.917486926
       1       9   18.975750313   21.573583883
       1      10   27.137242872   29.625441430
       1      11   27.438971197   29.921387325
       1      12   35.055091307   37.628024902
  0.125000000 -0.250000000 -0.500000000      12
       1       1  -39.337694340  -49.499303272
       1       2  -18.540110937  -24.333697370
       1       3   -2.028181103   -5.741880923
       1       4   -1.295854657   -4.911956073
       1       5   -0.400440724   -3.940373760
       1       6   13.911126513   16.266823476
       1       7   15.084397609   17.550724091
       1       8   17.910970034   20.425891660
       1       9   19.098384631   21.673333450
       1      10   24.558831119   27.053719240
       1      11   30.053902722   32.627492681
       1      12   34.396378513   37.079850682
  0.125000000 -0.250000000 -0.375000000      12
       1       1  -39.344261666  -49.500366535
       1       2  -18.602994562  -24.391344725
       1       3   -2.057408799   -5.772131021
       1       4   -0.840614396   -4.429216406
       1       5   -0.395004768   -3.922608853
       1       6   13.276147081   15.563651186
       1       7   15.844583388   18.291695748
       1       8   18.087256279   20.577630145
       1       9   19.468064260   22.038570045
       1      10   22.432206801   24.965318895
       1      11   32.007527504   34.627721852
       1      12   35.205121937   37.800696015
  0.125000000 -0.250000000 -0.250000000      12
       1       1  -39.356710641  -49.510072055
       1       2  -18.725633688  -24.539853626
       1       3   -1.710814120   -5.383319172
       1       4   -0.439504302   -3.969726339
       1       5   -0.321929282   -3.799468793
       1       6   12.240240541   14.442186301
       1       7   16.737964995   19.020456601
       1       8   18.685047406   21.175909920
       1       9   19.804606345   22.552690245
       1      10   21.553946168   24.023181278
       1      11   33.271840713   35.876752803
       1      12   33.414701573   36.047753557
  0.125000000 -0.250000000 -0.125000000      12
       1       1  -39.367884326  -49.512689444
       1       2  -18.833934198  -24.651419848
       1       3   -1.295290936   -4.914888910
       1       4   -0.437290127   -3.956689264
       1       5    0.029143498   -3.462834215
       1       6   11.333383618   13.486688757
       1       7   16.833675737   19.167456515
       1       8   19.360140480   21.918852942
       1       9   19.818495703   22.493420575
       1      10   23.401023001   25.828777671
       1      11   30.741024010   33.275879095
       1      12   30.801501397   33.326873663
  0.125000000 -0.125000000 -0.000000000      12
       1       1  -39.393702940  -49.508467676
       1       2  -19.024603549  -24.868221735
       1       3   -0.568881040   -4.103708456
       1       4   -0.017875701   -3.515487085
       1       5    0.293588453   -3.104082832
       1       6   10.017593229   11.995698109
       1       7   18.587918546   21.019267986
       1       8   20.468696476   22.970745641
       1       9   21.135016526   23.686889305
       1      10   25.219698079   27.635130286
       1      11   25.608753104   28.130782974
       1      12   28.454281867   30.854922137
  0.125000000 -0.125000000  0.125000000      12
       1       1  -39.385155979  -49.519300195
       1       2  -18.969881372  -24.815096232
       1       3   -0.806855007   -4.363941478
       1       4    0.027130148   -3.402612907
       1       5    0.074024727   -3.407457194
       1       6   10.415892991   12.456738709
       1       7   18.251919715   20.593214050
       1       8   20.278335968   22.808639429
       1       9   20.438413103   23.109604487
       1      10   22.943156269   25.347686569
       1      11   29.100885865   31.647426542
       1      12   29.287355527   31.786513865
  0.125000000 -0.125000000  0.250000000      12
       1       1  -39.367884326  -49.512728992
       1       2  -18.833934197  -24.651318851
       1       3   -1.295290854   -4.910223488
       1       4   -0.437290269   -3.955172306
       1       5    0.029143542   -3.460370101
       1       6   11.333383660   13.480806804
       1       7   16.833675706   19.166564184
       1       8   19.360140517   21.918872654
       1       9   19.818495676   22.489764314
       1      10   23.401022996   25.827048873
       1      11   30.741023999   33.272644029
       1      12   30.801501369   33.324471204
  0.125000000 -0.125000000  0.375000000      12
       1       1  -39.350776845  -49.498124129
       1       2  -18.691308562  -24.498375661
       1       3   -1.783190432   -5.483087946
       1       4   -0.787891284   -4.342778275
       1       5   -0.090713666   -3.595078617
       1       6   12.120536427   14.325349081
       1       7   15.732474205   18.160187522
       1       8   18.794548719   21.343099902
       1       9   19.196711745   21.823015516
       1      10   25.380802253   27.843079837
       1      11   29.928265684   32.451822230
       1      12   32.608559994   35.140506951
  0.125000000 -0.125000000  0.500000000      12
       1       1  -39.343301605  -49.500298575
       1       2  -18.630100428  -24.421430500
       1       3   -1.988734131   -5.708501314
       1       4   -0.901297155   -4.467109507
       1       5   -0.156073960   -3.690698261
       1       6   12.341721961   14.587822679
       1       7   15.497501839   17.951178599
       1       8   18.657514342   21.295398518
       1       9   18.894699768   21.424073586
       1      10   27.266112537   29.790997775
       1      11   28.351058525   30.885494289
       1      12   33.767938997   36.380523115
  0.125000000 -0.125000000 -0.375000000      12
       1       1  -39.350776845  -49.498351891
       1       2  -18.691308561  -24.498590093
       1       3   -1.783190533   -5.484498457
       1       4   -0.787891158   -4.344642498
       1       5   -0.090713680   -3.596714970
       1       6   12.120536404   14.329536644
       1       7   15.732474231   18.160711167
       1       8   18.794548668   21.344724829
       1       9   19.196711777   21.824503345
       1      10   25.380802260   27.843265216
       1      11   29.928265681   32.451089964
       1      12   32.608560010   35.140234102
  0.125000000 -0.125000000 -0.250000000      12
       1       1  -39.367884326  -49.512704714
       1       2  -18.833934196  -24.651747832
       1       3   -1.295291027   -4.914898415
       1       4   -0.437290066   -3.956697785
       1       5    0.029143531   -3.462795771
       1       6   11.333383635   13.486731186
       1       7   16.833675725   19.167366861
       1       8   19.360140481   21.918880456
       1       9   19.818495687   22.493442868
       1      10   23.401023006   25.828686120
       1      11   30.741024006   33.275787489
       1      12   30.801501365   33.326992101
  0.125000000 -0.125000000 -0.125000000      12
       1       1  -39.385155979  -49.519262290
       1       2  -18.969881372  -24.815534663
       1       3   -0.806855144   -4.365692119
       1       4    0.027130298   -3.403652638
       1       5    0.074024731   -3.409548919
       1       6   10.415892973   12.461311380
       1       7   18.251919712   20.591451219
       1       8   20.278335941   22.808974749
       1       9   20.438413134   23.113894742
       1      10   22.943156262   25.348018727
       1      11   29.100885867   31.649847310
       1      12   29.287355517   31.788001628
  0.250000000  0.000000000 -0.000000000      12
       1       1  -39.384425109  -49.500112875
       1       2  -18.968645791  -24.842490127
       1       3   -1.039210447   -4.635433684
       1       4    0.195286019   -3.202118426
       1       5    0.195286232   -3.202118214
       1       6   10.206995560   12.161339291
       1       7   17.693610782   20.081544492
       1       8   20.241450877   22.840644292
       1       9   20.241450949   22.840644364
       1      10   26.637817164   29.162105437
       1      11   27.213312783   29.579647463
       1      12   27.213312830   29.579647510
  0.250000000 -0.000000000  0.125000000      12
       1       1  -39.385155979  -49.519154932
       1       2  -18.969881371  -24.814834743
       1       3   -0.806855054   -4.361550385
       1       4    0.027130181   -3.402346035
       1       5    0.074024742   -3.406933972
       1       6   10.415892997   12.455673293
       1       7   18.251919705   20.590631966
       1       8   20.278335975   22.809071881
       1       9   20.438413105   23.110309054
       1      10   22.943156270   25.346661140
       1      11   29.100885871   31.647073904
       1      12   29.287355478   31.784996431
  0.250000000  0.000000000  0.250000000      12
       1       1  -39.373992695  -49.528236088
       1       2  -18.871787369  -24.732817624
       1       3   -1.100239586   -4.666637265
       1       4   -0.188402002   -3.649949988
       1       5   -0.188401852   -3.649949837
       1       6   11.258848082   13.365860366
       1       7   18.562449602   20.476208617
       1       8   19.453354803   21.953188091
       1       9   20.272586544   23.030733025
       1      10   20.272586574   23.030733055
       1      11   32.610910425   35.223571729
       1      12   32.610910458   35.223571762
  0.250000000  0.000000000  0.375000000      12
       1       1  -39.356710641  -49.510346306
       1       2  -18.725633687  -24.538936108
       1       3   -1.710814018   -5.376572380
       1       4   -0.439504319   -3.965960241
       1       5   -0.321929396   -3.797201553
       1       6   12.240240604   14.431637741
       1       7   16.737964964   19.020943984
       1       8   18.685047446   21.176629549
       1       9   19.804606312   22.544300054
       1      10   21.553946161   24.020867992
       1      11   33.271840644   35.876619153
       1      12   33.414701585   36.043503184
  0.250000000 -0.000000000  0.500000000      12
       1       1  -39.344303509  -49.503351170
       1       2  -18.616666975  -24.443192985
       1       3   -2.035107094   -5.772036902
       1       4   -0.839045656   -4.390184561
       1       5   -0.303640148   -3.792636475
       1       6   12.780149468   15.006465838
       1       7   15.600403391   18.045379700
       1       8   18.466371565   20.951843053
       1       9   19.277022452   21.999013845
       1      10   23.717046300   26.145938046
       1      11   32.538068551   35.186713406
       1      12   33.252176386   35.839338226
  0.250000000 -0.000000000 -0.375000000      12
       1       1  -39.342075628  -49.487493360
       1       2  -18.614775360  -24.412881775
       1       3   -1.869477978   -5.580351020
       1       4   -1.167440576   -4.769234119
       1       5   -0.137764067   -3.595194655
       1       6   12.662810603   14.900877864
       1       7   15.189003960   17.565918625
       1       8   18.775484983   21.330715151
       1       9   19.004744316   21.668804682
       1      10   26.169967733   28.597308262
       1      11   30.842392516   33.480753999
       1      12   31.250516739   33.675992695
  0.250000000  0.000000000 -0.250000000      12
       1       1  -39.353305168  -49.492027755
       1       2  -18.721685679  -24.560317394
       1       3   -1.524625093   -5.209393062
       1       4   -1.003420335   -4.578074347
       1       5    0.076056977   -3.349807872
       1       6   11.915141966   14.067809253
       1       7   15.560009256   17.952357479
       1       8   19.167654618   21.778892539
       1       9   19.171832304   21.807119951
       1      10   28.616269125   30.876409343
       1      11   28.656112297   31.290859522
       1      12   28.703047674   31.121633325
  0.250000000  0.000000000 -0.125000000      12
       1       1  -39.370452057  -49.496232682
       1       2  -18.868254150  -24.699020815
       1       3   -1.335625442   -4.972028626
       1       4   -0.268052496   -3.785736057
       1       5    0.217794772   -3.193839876
       1       6   10.845998653   12.909830947
       1       7   16.731143303   19.141144519
       1       8   19.563313242   22.142662467
       1       9   19.705588743   22.293864999
       1      10   27.021730660   29.590858783
       1      11   27.035427357   29.365731292
       1      12   29.808729195   32.218378627
  0.250000000  0.125000000  0.000000000      12
       1       1  -39.385155979  -49.519197856
       1       2  -18.969881371  -24.814628005
       1       3   -0.806855114   -4.361519822
       1       4    0.027130120   -3.402358474
       1       5    0.074024871   -3.406924048
       1       6   10.415892993   12.455806681
       1       7   18.251919689   20.590594501
       1       8   20.278335922   22.809089521
       1       9   20.438413153   23.110246148
       1      10   22.943156266   25.346617878
       1      11   29.100885875   31.646970556
       1      12   29.287355493   31.784884441
  0.250000000  0.125000000  0.125000000      12
       1       1  -39.393702940  -49.508499525
       1       2  -19.024603548  -24.868422519
       1       3   -0.568881077   -4.099008617
       1       4   -0.017875847   -3.512931265
       1       5    0.293588636   -3.103424854
       1       6   10.017593248   11.993056210
       1       7   18.587918501   21.015936768
       1       8   20.468696511   22.969206966
       1       9   21.135016502   23.687754661
       1      10   25.219698071   27.632978396
       1      11   25.608753140   28.130107685
       1      12   28.454281827   30.852142221
  0.250000000  0.125000000  0.250000000      12
       1       1  -39.385155979  -49.519332194
       1       2  -18.969881370  -24.815322023
       1       3   -0.806855146   -4.357969125
       1       4    0.027130146   -3.401955114
       1       5    0.074024871   -3.406166092
       1       6   10.415893011   12.454109000
       1       7   18.251919663   20.587967110
       1       8   20.278335961   22.809536624
       1       9   20.438413131   23.111205480
       1      10   22.943156284   25.345239362
       1      11   29.100885904   31.646117385
       1      12   29.287355444   31.783605208
  0.250000000  0.125000000  0.375000000      12
       1       1  -39.367884326  -49.512141897
       1       2  -18.833934195  -24.650215042
       1       3   -1.295290975   -4.907914769
       1       4   -0.437290125   -3.953313539
       1       5    0.029143519   -3.459585370
       1       6   11.333383679   13.479254894
       1       7   16.833675707   19.162944589
       1       8   19.360140511   21.918207607
       1       9   19.818495639   22.489507793
       1      10   23.401023031   25.826121144
       1      11   30.741024049   33.271745268
       1      12   30.801501267   33.326195058
  0.250000000  0.125000000  0.500000000      12
       1       1  -39.350776845  -49.497536958
       1       2  -18.691308561  -24.497280715
       1       3   -1.783190460   -5.480808995
       1       4   -0.787891252   -4.340931870
       1       5   -0.090713674   -3.594236848
       1       6   12.120536436   14.323593635
       1       7   15.732474247   18.156912937
       1       8   18.794548690   21.341912220
       1       9   19.196711712   21.823114480
       1      10   25.380802280   27.842292894
       1      11   29.928265595   32.453485099
       1      12   32.608560078   35.139597413
  0.250000000  0.125000000 -0.375000000      12
       1       1  -39.343301605  -49.496242625
       1       2  -18.630100428  -24.420537820
       1       3   -1.988734089   -5.707665116
       1       4   -0.901297195   -4.464838546
       1       5   -0.156073971   -3.689042441
       1       6   12.341721967   14.581396573
       1       7   15.497501890   17.952254289
       1       8   18.657514287   21.292436822
       1       9   18.894699762   21.423660602
       1      10   27.266112528   29.791128100
       1      11   28.351058498   30.885455062
       1      12   33.767939108   36.380411889
  0.250000000  0.125000000 -0.250000000      12
       1       1  -39.350776845  -49.494295748
       1       2  -18.691308562  -24.497711559
       1       3   -1.783190458   -5.483996789
       1       4   -0.787891205   -4.342390026
       1       5   -0.090713718   -3.594675756
       1       6   12.120536421   14.322816578
       1       7   15.732474250   18.161603132
       1       8   18.794548652   21.345078141
       1       9   19.196711756   21.821575327
       1      10   25.380802247   27.843470829
       1      11   29.928265681   32.450940744
       1      12   32.608560070   35.139762140
  0.250000000  0.125000000 -0.125000000      12
       1       1  -39.367884326  -49.512640227
       1       2  -18.833934197  -24.650853384
       1       3   -1.295290961   -4.910339060
       1       4   -0.437290065   -3.955403442
       1       5    0.029143452   -3.460526417
       1       6   11.333383655   13.481244331
       1       7   16.833675717   19.166620973
       1       8   19.360140482   21.918932245
       1       9   19.818495676   22.489760919
       1      10   23.401023001   25.827156522
       1      11   30.741024020   33.272683952
       1      12   30.801501363   33.324131226
  0.250000000  0.250000000  0.000000000      12
       1       1  -39.373992695  -49.528321969
       1       2  -18.871787369  -24.732400196
       1       3   -1.100239639   -4.666536126
       1       4   -0.188402022   -3.649974766
       1       5   -0.188401765   -3.649974508
       1       6   11.258848070   13.366134376
       1       7   18.562449557   20.476163837
       1       8   19.453354767   21.953238733
       1       9   20.272586576   23.030607280
       1      10   20.272586598   23.030607302
       1      11   32.610910464   35.223345745
       1      12   32.610910478   35.223345759
  0.250000000  0.250000000  0.125000000      12
       1       1  -39.385155979  -49.519375117
       1       2  -18.969881371  -24.815115285
       1       3   -0.806855141   -4.357938509
       1       4    0.027130274   -3.401967365
       1       5    0.074024744   -3.406156415
       1       6   10.415893003   12.454242386
       1       7   18.251919655   20.587929647
       1       8   20.278335949   22.809554280
       1       9   20.438413135   23.111142528
       1      10   22.943156272   25.345196116
       1      11   29.100885917   31.646014046
       1      12   29.287355509   31.783493268
  0.250000000  0.250000000  0.250000000      12
       1       1  -39.384425110  -49.500467592
       1       2  -18.968645789  -24.843489174
       1       3   -1.039210527   -4.627528695
       1       4    0.195286070   -3.201336466
       1       5    0.195286262   -3.201336273
       1       6   10.206995583   12.158229385
       1       7   17.693610723   20.075595292
       1       8   20.241450908   22.842733475
       1       9   20.241450923   22.842733490
       1      10   26.637817238   29.159768414
       1      11   27.213312756   29.576568490
       1      12   27.213312843   29.576568578
  0.250000000  0.250000000  0.375000000      12
       1       1  -39.370452057  -49.495954378
       1       2  -18.868254148  -24.698656989
       1       3   -1.335625512   -4.965716350
       1       4   -0.268052522   -3.783060242
       1       5    0.217794867   -3.192616855
       1       6   10.845998683   12.906366472
       1       7   16.731143260   19.135358514
       1       8   19.563313215   22.142796299
       1       9   19.705588765   22.293140702
       1      10   27.021730692   29.589142466
       1      11   27.035427397   29.363156840
       1      12   29.808729122   32.219034311
  0.250000000  0.250000000  0.500000000      12
       1       1  -39.353305168  -49.491117171
       1       2  -18.721685677  -24.558661282
       1       3   -1.524625130   -5.204202373
       1       4   -1.003420390   -4.573919233
       1       5    0.076057072   -3.348143837
       1       6   11.915141991   14.063979295
       1       7   15.560009237   17.944849105
       1       8   19.167654641   21.775765166
       1       9   19.171832263   21.807761578
       1      10   28.616269167   30.873965758
       1      11   28.656112320   31.289118685
       1      12   28.703047588   31.126233189
  0.250000000  0.250000000  0.625000000      12
       1       1  -39.342075628  -49.483341945
       1       2  -18.614775359  -24.411637860
       1       3   -1.869477977   -5.578733351
       1       4   -1.167440662   -4.766371694
       1       5   -0.137763974   -3.593766697
       1       6   12.662810608   14.896870903
       1       7   15.189003965   17.563546442
       1       8   18.775484930   21.333397525
       1       9   19.004744341   21.664110243
       1      10   26.169967690   28.600215136
       1      11   30.842392524   33.478255301
       1      12   31.250516785   33.674904546
  0.250000000  0.250000000 -0.250000000      12
       1       1  -39.344303509  -49.495955245
       1       2  -18.616666975  -24.442380653
       1       3   -2.035107102   -5.773616549
       1       4   -0.839045728   -4.388971287
       1       5   -0.303640056   -3.791444594
       1       6   12.780149457   15.000471669
       1       7   15.600403403   18.049609509
       1       8   18.466371506   20.956877184
       1       9   19.277022480   21.992740209
       1      10   23.717046286   26.147399466
       1      11   32.538068574   35.183289351
       1      12   33.252176437   35.839625223
  0.250000000  0.250000000 -0.125000000      12
       1       1  -39.356710641  -49.506693406
       1       2  -18.725633688  -24.538338416
       1       3   -1.710814039   -5.377253978
       1       4   -0.439504374   -3.965402801
       1       5   -0.321929305   -3.796617945
       1       6   12.240240587   14.429479182
       1       7   16.737964959   19.022288495
       1       8   18.685047400   21.179143559
       1       9   19.804606342   22.541115957
       1      10   21.553946161   24.021499400
       1      11   33.271840697   35.876610989
       1      12   33.414701608   36.041781620
  0.250000000  0.375000000 -0.000000000      12
       1       1  -39.356710641  -49.510478346
       1       2  -18.725633688  -24.537995583
       1       3   -1.710814014   -5.376459978
       1       4   -0.439504253   -3.965969431
       1       5   -0.321929452   -3.797246047
       1       6   12.240240571   14.431879908
       1       7   16.737964963   19.020886311
       1       8   18.685047419   21.176592018
       1       9   19.804606338   22.544228403
       1      10   21.553946168   24.020710676
       1      11   33.271840728   35.876503481
       1      12   33.414701581   36.043424210
  0.250000000  0.375000000  0.125000000      12
       1       1  -39.367884326  -49.512227071
       1       2  -18.833934197  -24.649912725
       1       3   -1.295290935   -4.907821930
       1       4   -0.437290064   -3.953344803
       1       5    0.029143423   -3.459568661
       1       6   11.333383656   13.479484589
       1       7   16.833675706   19.162809575
       1       8   19.360140477   21.918234212
       1       9   19.818495680   22.489452375
       1      10   23.401023014   25.826035876
       1      11   30.741024038   33.271593396
       1      12   30.801501402   33.326075767
  0.250000000  0.375000000  0.250000000      12
       1       1  -39.370452057  -49.495996623
       1       2  -18.868254149  -24.698560234
       1       3   -1.335625493   -4.965669566
       1       4   -0.268052411   -3.783066247
       1       5    0.217794736   -3.192608903
       1       6   10.845998676   12.906462176
       1       7   16.731143251   19.135271974
       1       8   19.563313221   22.142775056
       1       9   19.705588772   22.293166662
       1      10   27.021730689   29.589098006
       1      11   27.035427346   29.363128216
       1      12   29.808729259   32.219008528
  0.250000000  0.375000000  0.375000000      12
       1       1  -39.363779573  -49.499070025
       1       2  -18.810716729  -24.623958373
       1       3   -1.632192882   -5.307381163
       1       4   -0.094992984   -3.593304073
       1       5   -0.052110684   -3.495063600
       1       6   11.108429703   13.209216763
       1       7   16.557211037   18.972221690
       1       8   19.164498325   21.688228687
       1       9   19.429877442   22.090289996
       1      10   25.075453314   27.506940572
       1      11   30.614798293   33.171028221
       1      12   30.674310875   33.152174644
  0.250000000  0.375000000  0.500000000      12
       1       1  -39.350776845  -49.498305039
       1       2  -18.691308560  -24.495554188
       1       3   -1.783190540   -5.479716996
       1       4   -0.787891272   -4.340812681
       1       5   -0.090713555   -3.594126905
       1       6   12.120536416   14.325087829
       1       7   15.732474238   18.155234678
       1       8   18.794548672   21.340057979
       1       9   19.196711734   21.824230824
       1      10   25.380802275   27.843542497
       1      11   29.928265607   32.453165626
       1      12   32.608560092   35.139525917
  0.250000000  0.375000000  0.625000000      12
       1       1  -39.340537129  -49.488259857
       1       2  -18.577750894  -24.364524591
       1       3   -1.675751243   -5.368010667
       1       4   -1.540027996   -5.162585969
       1       5   -0.263712988   -3.776676816
       1       6   13.397109853   15.709950673
       1       7   14.981035766   17.409001662
       1       8   18.387044384   20.916671781
       1       9   18.975750285   21.573605938
       1      10   27.137242820   29.627040545
       1      11   27.438971227   29.920480165
       1      12   35.055091311   37.629314977
  0.250000000  0.375000000 -0.250000000      12
       1       1  -39.337694340  -49.493410982
       1       2  -18.540110937  -24.332623520
       1       3   -2.028180963   -5.741328180
       1       4   -1.295854888   -4.909339773
       1       5   -0.400440633   -3.938773076
       1       6   13.911126522   16.259914841
       1       7   15.084397641   17.552426194
       1       8   17.910969995   20.424950722
       1       9   19.098384609   21.671339934
       1      10   24.558831102   27.053682324
       1      11   30.053902738   32.626987083
       1      12   34.396378529   37.077873471
  0.250000000  0.375000000 -0.125000000      12
       1       1  -39.344261666  -49.496782035
       1       2  -18.602994563  -24.389510625
       1       3   -2.057408663   -5.769627592
       1       4   -0.840614587   -4.425887771
       1       5   -0.395004722   -3.918904698
       1       6   13.276147112   15.554057473
       1       7   15.844583348   18.289888403
       1       8   18.087256298   20.578577494
       1       9   19.468064254   22.034935642
       1      10   22.432206787   24.962536014
       1      11   32.007527523   34.627195047
       1      12   35.205121962   37.803185138
  0.250000000  0.500000000  0.000000000      12
       1       1  -39.344303509  -49.503530006
       1       2  -18.616666977  -24.441701878
       1       3   -2.035107053   -5.771915326
       1       4   -0.839045631   -4.390203512
       1       5   -0.303640204   -3.792700650
       1       6   12.780149399   15.006743630
       1       7   15.600403426   18.045274724
       1       8   18.466371558   20.951720520
       1       9   19.277022480   21.998996340
       1      10   23.717046305   26.145709611
       1      11   32.538068527   35.186783584
       1      12   33.252176460   35.839327363
  0.250000000  0.500000000  0.125000000      12
       1       1  -39.350776845  -49.497668603
       1       2  -18.691308564  -24.496447480
       1       3   -1.783190383   -5.480702587
       1       4   -0.787891216   -4.340959341
       1       5   -0.090713786   -3.594238302
       1       6   12.120536384   14.323812130
       1       7   15.732474276   18.156795449
       1       8   18.794548668   21.341877800
       1       9   19.196711754   21.823061990
       1      10   25.380802276   27.842155925
       1      11   29.928265674   32.453475045
       1      12   32.608560054   35.139576430
  0.250000000  0.500000000  0.250000000      12
       1       1  -39.353305168  -49.491201740
       1       2  -18.721685679  -24.558466127
       1       3   -1.524625063   -5.204084509
       1       4   -1.003420334   -4.573957068
       1       5    0.076056943   -3.348127799
       1       6   11.915141965   14.064185149
       1       7   15.560009247   17.944656736
       1       8   19.167654630   21.775821863
       1       9   19.171832295   21.807723065
       1      10   28.616269138   30.873903184
       1      11   28.656112310   31.289026836
       1      12   28.703047687   31.126184187
  0.250000000  0.500000000  0.375000000      12
       1       1  -39.350776845  -49.498347318
       1       2  -18.691308561  -24.495457686
       1       3   -1.783190529   -5.479671208
       1       4   -0.787891152   -4.340821564
       1       5   -0.090713692   -3.594114730
       1       6   12.120536412   14.325175221
       1       7   15.732474220   18.155157906
       1       8   18.794548680   21.340078070
       1       9   19.196711763   21.824210563
       1      10   25.380802261   27.843505193
       1      11   29.928265695   32.453144347
       1      12   32.608560025   35.139487658
  0.250000000  0.500000000  0.500000000      12
       1       1  -39.344303509  -49.504888172
       1       2  -18.616666974  -24.439706113
       1       3   -2.035107216   -5.769805976
       1       4   -0.839045625   -4.389529402
       1       5   -0.303640034   -3.792923332
       1       6   12.780149446   15.009695846
       1       7   15.600403376   18.040626462
       1       8   18.466371537   20.947280748
       1       9   19.277022487   22.003388059
       1      10   23.717046295   26.148248432
       1      11   32.538068520   35.188529519
       1      12   33.252176443   35.836658040
  0.250000000  0.500000000  0.625000000      12
       1       1  -39.337694340  -49.497875279
       1       2  -18.540110936  -24.331301633
       1       3   -2.028181097   -5.739526059
       1       4   -1.295854760   -4.909628255
       1       5   -0.400440621   -3.939381075
       1       6   13.911126507   16.264421904
       1       7   15.084397649   17.548515381
       1       8   17.910970003   20.423473199
       1       9   19.098384601   21.672101095
       1      10   24.558831121   27.054874229
       1      11   30.053902693   32.627820958
       1      12   34.396378541   37.080596182
  0.250000000  0.500000000 -0.250000000      12
       1       1  -39.335514476  -49.501377276
       1       2  -18.507921984  -24.329279797
       1       3   -1.750046272   -5.424663377
       1       4   -1.750046144   -5.424663248
       1       5   -0.467771382   -4.002364736
       1       6   14.823237179   17.295154166
       1       7   14.823237238   17.295154225
       1       8   17.159828042   19.614065627
       1       9   18.983882481   21.555353258
       1      10   27.073054010   29.579494087
       1      11   27.073054087   29.579494164
       1      12   33.601213592   36.359983471
  0.250000000  0.500000000 -0.125000000      12
       1       1  -39.337694340  -49.497196713
       1       2  -18.540110939  -24.332290466
       1       3   -2.028180942   -5.740547596
       1       4   -1.295854829   -4.909899238
       1       5   -0.400440715   -3.939381958
       1       6   13.911126461   16.262988063
       1       7   15.084397659   17.550573780
       1       8   17.910970050   20.424170612
       1       9   19.098384611   21.671771686
       1      10   24.558831113   27.053486955
       1      11   30.053902735   32.627905171
       1      12   34.396378519   37.079676001
  0.250000000 -0.375000000  0.000000000      12
       1       1  -39.342075628  -49.487567163
       1       2  -18.614775362  -24.411820797
       1       3   -1.869477888   -5.580267800
       1       4   -1.167440604   -4.769227951
       1       5   -0.137764125   -3.595272792
       1       6   12.662810532   14.900951501
       1       7   15.189003997   17.565971127
       1       8   18.775484986   21.330642317
       1       9   19.004744351   21.668771042
       1      10   26.169967745   28.597076592
       1      11   30.842392464   33.480884680
       1      12   31.250516798   33.676068648
  0.250000000 -0.375000000  0.125000000      12
       1       1  -39.343301605  -49.496524853
       1       2  -18.630100431  -24.419685228
       1       3   -1.988733986   -5.707620249
       1       4   -0.901297193   -4.464834703
       1       5   -0.156074080   -3.689050716
       1       6   12.341721900   14.581490906
       1       7   15.497501936   17.952203477
       1       8   18.657514320   21.292438725
       1       9   18.894699762   21.423635813
       1      10   27.266112593   29.791075094
       1      11   28.351058467   30.885405414
       1      12   33.767939073   36.380364097
  0.250000000  0.625000000  0.250000000      12
       1       1  -39.342075628  -49.483577093
       1       2  -18.614775361  -24.411422341
       1       3   -1.869477858   -5.578723856
       1       4   -1.167440666   -4.766336339
       1       5   -0.137764099   -3.593753715
       1       6   12.662810549   14.896911006
       1       7   15.189004015   17.563467975
       1       8   18.775484981   21.333401694
       1       9   19.004744316   21.664171947
       1      10   26.169967744   28.600236203
       1      11   30.842392506   33.478128427
       1      12   31.250516772   33.674831556
  0.250000000  0.625000000  0.375000000      12
       1       1  -39.340537128  -49.490137826
       1       2  -18.577750896  -24.364620900
       1       3   -1.675751183   -5.367953388
       1       4   -1.540027945   -5.162599004
       1       5   -0.263713111   -3.776650915
       1       6   13.397109824   15.710041550
       1       7   14.981035779   17.408869618
       1       8   18.387044404   20.916727396
       1       9   18.975750309   21.573606519
       1      10   27.137242858   29.627028726
       1      11   27.438971217   29.920457532
       1      12   35.055091319   37.629242597
  0.250000000  0.625000000  0.500000000      12
       1       1  -39.337694340  -49.499711807
       1       2  -18.540110936  -24.331495737
       1       3   -2.028181096   -5.739521526
       1       4   -1.295854688   -4.909622747
       1       5   -0.400440702   -3.939368661
       1       6   13.911126522   16.264402994
       1       7   15.084397618   17.548481359
       1       8   17.910970019   20.423514926
       1       9   19.098384625   21.672117954
       1      10   24.558831112   27.054889595
       1      11   30.053902720   32.627828876
       1      12   34.396378528   37.080528223
 -0.750000000 -0.375000000 -0.375000000      12
       1       1  -39.336834370  -49.490237864
       1       2  -18.524427557  -24.300156189
       1       3   -2.172747641   -5.927153578
       1       4   -1.229833959   -4.823972799
       1       5   -0.407269723   -3.897370170
       1       6   14.285862656   16.650888277
       1       7   14.661664334   16.990466036
       1       8   18.170143024   20.646755796
       1       9   19.329333409   22.055326974
       1      10   23.184659347   25.613500821
       1      11   33.591724559   36.230997188
       1      12   34.155591032   36.777628564
  0.250000000 -0.375000000 -0.250000000      12
       1       1  -39.337694340  -49.496725091
       1       2  -18.540110937  -24.333226290
       1       3   -2.028181049   -5.742312570
       1       4   -1.295854765   -4.911720406
       1       5   -0.400440664   -3.940567946
       1       6   13.911126471   16.268778470
       1       7   15.084397660   17.549305391
       1       8   17.910970028   20.425289844
       1       9   19.098384613   21.673931124
       1      10   24.558831116   27.054515244
       1      11   30.053902719   32.627353021
       1      12   34.396378520   37.081114300
  0.250000000 -0.375000000 -0.125000000      12
       1       1  -39.340537128  -49.488700155
       1       2  -18.577750897  -24.365044972
       1       3   -1.675751126   -5.370394966
       1       4   -1.540027997   -5.164654973
       1       5   -0.263713107   -3.777741516
       1       6   13.397109786   15.711794347
       1       7   14.981035781   17.412828917
       1       8   18.387044440   20.917434725
       1       9   18.975750303   21.573605664
       1      10   27.137242870   29.625092292
       1      11   27.438971205   29.921613588
       1      12   35.055091285   37.627807959
  0.250000000 -0.250000000 -0.000000000      12
       1       1  -39.353305168  -49.491997373
       1       2  -18.721685681  -24.559651142
       1       3   -1.524624977   -5.209369289
       1       4   -1.003420392   -4.578057240
       1       5    0.076056916   -3.349899972
       1       6   11.915141935   14.067723310
       1       7   15.560009264   17.952536948
       1       8   19.167654664   21.778839625
       1       9   19.171832296   21.807087900
       1      10   28.616269170   30.876574222
       1      11   28.656112244   31.291060605
       1      12   28.703047693   31.121378937
  0.250000000 -0.250000000  0.125000000      12
       1       1  -39.350776845  -49.494473595
       1       2  -18.691308564  -24.497262297
       1       3   -1.783190335   -5.483999422
       1       4   -0.787891249   -4.342373513
       1       5   -0.090713807   -3.594703251
       1       6   12.120536377   14.322752336
       1       7   15.732474288   18.161667699
       1       8   18.794548701   21.345069831
       1       9   19.196711740   21.821597633
       1      10   25.380802260   27.843601251
       1      11   29.928265692   32.450767276
       1      12   32.608560047   35.139786475
  0.250000000 -0.250000000  0.250000000      12
       1       1  -39.344303509  -49.496341454
       1       2  -18.616666977  -24.442137871
       1       3   -2.035106998   -5.773643355
       1       4   -0.839045724   -4.388941470
       1       5   -0.303640179   -3.791434670
       1       6   12.780149407   15.000406145
       1       7   15.600403463   18.049580672
       1       8   18.466371560   20.956927365
       1       9   19.277022447   21.992808698
       1      10   23.717046305   26.147502882
       1      11   32.538068570   35.183120776
       1      12   33.252176432   35.839540353
  0.250000000 -0.250000000  0.375000000      12
       1       1  -39.337694340  -49.495440528
       1       2  -18.540110938  -24.332697884
       1       3   -2.028180882   -5.741335030
       1       4   -1.295854888   -4.909322283
       1       5   -0.400440730   -3.938753135
       1       6   13.911126466   16.259863379
       1       7   15.084397707   17.552380199
       1       8   17.910970023   20.425019995
       1       9   19.098384607   21.671387366
       1      10   24.558831112   27.053745706
       1      11   30.053902727   32.626930301
       1      12   34.396378566   37.077726717
  0.250000000 -0.250000000  0.500000000      12
       1       1  -39.335514476  -49.505052331
       1       2  -18.507921984  -24.329673885
       1       3   -1.750046301   -5.424651685
       1       4   -1.750046067   -5.424651452
       1       5   -0.467771442   -4.002335448
       1       6   14.823237161   17.295081535
       1       7   14.823237274   17.295081648
       1       8   17.159828038   19.614206305
       1       9   18.983882496   21.555373973
       1      10   27.073053997   29.579527372
       1      11   27.073054097   29.579527471
       1      12   33.601213606   36.359822565
  0.250000000 -0.250000000 -0.375000000      12
       1       1  -39.337694340  -49.498561619
       1       2  -18.540110937  -24.333420392
       1       3   -2.028181052   -5.742308036
       1       4   -1.295854753   -4.911714958
       1       5   -0.400440680   -3.940555470
       1       6   13.911126465   16.268759540
       1       7   15.084397702   17.549271436
       1       8   17.910969987   20.425331536
       1       9   19.098384626   21.673947952
       1      10   24.558831120   27.054530623
       1      11   30.053902709   32.627360896
       1      12   34.396378527   37.081046360
  0.250000000 -0.250000000 -0.250000000      12
       1       1  -39.344303509  -49.502585210
       1       2  -18.616666976  -24.443563370
       1       3   -2.035107143   -5.775426008
       1       4   -0.839045698   -4.394373017
       1       5   -0.303640034   -3.794557631
       1       6   12.780149402   15.018538578
       1       7   15.600403434   18.041985189
       1       8   18.466371530   20.950794756
       1       9   19.277022484   22.008696814
       1      10   23.717046297   26.146298734
       1      11   32.538068528   35.189260234
       1      12   33.252176451   35.833355572
  0.250000000 -0.250000000 -0.125000000      12
       1       1  -39.350776845  -49.497594929
       1       2  -18.691308563  -24.497983138
       1       3   -1.783190443   -5.484937242
       1       4   -0.787891243   -4.344556880
       1       5   -0.090713685   -3.596751778
       1       6   12.120536369   14.331375664
       1       7   15.732474263   18.159741879
       1       8   18.794548691   21.342944303
       1       9   19.196711764   21.826085517
       1      10   25.380802252   27.844056796
       1      11   29.928265684   32.450539340
       1      12   32.608560034   35.140186750
  0.250000000 -0.125000000 -0.000000000      12
       1       1  -39.370452057  -49.496217415
       1       2  -18.868254150  -24.698691904
       1       3   -1.335625398   -4.972015944
       1       4   -0.268052482   -3.785724126
       1       5    0.217794708   -3.193885958
       1       6   10.845998648   12.909791864
       1       7   16.731143302   19.141223545
       1       8   19.563313207   22.142655156
       1       9   19.705588801   22.293842965
       1      10   27.021730615   29.590950349
       1      11   27.035427386   29.365808805
       1      12   29.808729222   32.218260000
  0.250000000 -0.125000000  0.125000000      12
       1       1  -39.367884326  -49.512582032
       1       2  -18.833934198  -24.650731032
       1       3   -1.295290844   -4.910366810
       1       4   -0.437290127   -3.955382544
       1       5    0.029143385   -3.460569439
       1       6   11.333383647   13.481072012
       1       7   16.833675740   19.166750393
       1       8   19.360140510   21.918887174
       1       9   19.818495672   22.489792701
       1      10   23.401022996   25.827293904
       1      11   30.741024003   33.272888528
       1      12   30.801501386   33.324112294
  0.250000000 -0.125000000  0.250000000      12
       1       1  -39.356710641  -49.506843448
       1       2  -18.725633688  -24.538425432
       1       3   -1.710813952   -5.377311367
       1       4   -0.439504356   -3.965382762
       1       5   -0.321929427   -3.796600665
       1       6   12.240240580   14.429319320
       1       7   16.737965001   19.022303467
       1       8   18.685047443   21.179144273
       1       9   19.804606308   22.541212744
       1      10   21.553946157   24.021595557
       1      11   33.271840700   35.876679773
       1      12   33.414701624   36.041810931
  0.250000000 -0.125000000  0.375000000      12
       1       1  -39.344261666  -49.496885708
       1       2  -18.602994563  -24.390123827
       1       3   -2.057408621   -5.769688813
       1       4   -0.840614590   -4.425879651
       1       5   -0.395004778   -3.918875898
       1       6   13.276147126   15.553931775
       1       7   15.844583366   18.289895614
       1       8   18.087256325   20.578657316
       1       9   19.468064238   22.035012213
       1      10   22.432206779   24.962651338
       1      11   32.007527527   34.627116909
       1      12   35.205121983   37.803133496
  0.250000000 -0.125000000  0.500000000      12
       1       1  -39.337694340  -49.498943903
       1       2  -18.540110937  -24.333220097
       1       3   -2.028180939   -5.740604441
       1       4   -1.295854834   -4.909884792
       1       5   -0.400440726   -3.939346752
       1       6   13.911126539   16.262832848
       1       7   15.084397618   17.550589071
       1       8   17.910970043   20.424260199
       1       9   19.098384608   21.671829354
       1      10   24.558831105   27.053598185
       1      11   30.053902738   32.627896036
       1      12   34.396378549   37.079572986
  0.250000000 -0.125000000 -0.375000000      12
       1       1  -39.340537128  -49.490551162
       1       2  -18.577750895  -24.365564764
       1       3   -1.675751206   -5.370403834
       1       4   -1.540027945   -5.164657643
       1       5   -0.263713086   -3.777690472
       1       6   13.397109829   15.711826760
       1       7   14.981035784   17.412702944
       1       8   18.387044392   20.917511511
       1       9   18.975750310   21.573634915
       1      10   27.137242862   29.625213335
       1      11   27.438971209   29.921538091
       1      12   35.055091300   37.627848452
  0.250000000 -0.125000000 -0.250000000      12
       1       1  -39.350776845  -49.497610119
       1       2  -18.691308562  -24.498312462
       1       3   -1.783190462   -5.484946822
       1       4   -0.787891268   -4.344563038
       1       5   -0.090713643   -3.596714475
       1       6   12.120536380   14.331408376
       1       7   15.732474286   18.159668891
       1       8   18.794548653   21.342973527
       1       9   19.196711759   21.826094383
       1      10   25.380802264   27.843974917
       1      11   29.928265661   32.450653107
       1      12   32.608560053   35.140096736
  0.250000000 -0.125000000 -0.125000000      12
       1       1  -39.363779573  -49.497744137
       1       2  -18.810716731  -24.625437859
       1       3   -1.632192796   -5.313967483
       1       4   -0.094993071   -3.596255015
       1       5   -0.052110683   -3.496271705
       1       6   11.108429666   13.215087940
       1       7   16.557211102   18.975653232
       1       8   19.164498324   21.689359144
       1       9   19.429877437   22.091867763
       1      10   25.075453291   27.507411119
       1      11   30.614798271   33.172536700
       1      12   30.674310887   33.152043033
  0.375000000  0.000000000 -0.000000000      12
       1       1  -39.360798530  -49.521217776
       1       2  -18.814309530  -24.636893617
       1       3   -1.850794055   -5.591445312
       1       4    0.126071916   -3.286515855
       1       5    0.126072128   -3.286515643
       1       6   10.606107172   12.609713798
       1       7   16.621487786   19.106491795
       1       8   19.041404131   21.592574365
       1       9   19.041404207   21.592574441
       1      10   28.572576155   31.025900762
       1      11   29.358727435   31.869287474
       1      12   29.358727500   31.869287540
  0.375000000  0.000000000  0.125000000      12
       1       1  -39.363779573  -49.498280422
       1       2  -18.810716731  -24.624854845
       1       3   -1.632192753   -5.312217565
       1       4   -0.094993012   -3.594213823
       1       5   -0.052110800   -3.495129110
       1       6   11.108429689   13.208796903
       1       7   16.557211096   18.977184402
       1       8   19.164498355   21.690082361
       1       9   19.429877408   22.086704193
       1      10   25.075453307   27.507814371
       1      11   30.614798264   33.171183318
       1      12   30.674310833   33.154640494
  0.375000000 -0.000000000  0.250000000      12
       1       1  -39.356710641  -49.510501067
       1       2  -18.725633688  -24.538566269
       1       3   -1.710813978   -5.376526407
       1       4   -0.439504361   -3.965976503
       1       5   -0.321929396   -3.797019476
       1       6   12.240240590   14.431180779
       1       7   16.737964991   19.021046786
       1       8   18.685047441   21.176895927
       1       9   19.804606310   22.543833609
       1      10   21.553946161   24.021447862
       1      11   33.271840653   35.876314736
       1      12   33.414701593   36.043244469
  0.375000000  0.000000000  0.375000000      12
       1       1  -39.346597955  -49.493394977
       1       2  -18.605479501  -24.389800321
       1       3   -2.198129402   -5.930679086
       1       4   -0.530730756   -4.036524665
       1       5   -0.530730609   -4.036524518
       1       6   13.330720251   15.694543411
       1       7   16.882167011   18.756028988
       1       8   17.990357432   20.400423117
       1       9   19.910851267   22.751361908
       1      10   19.910851301   22.751361942
       1      11   33.397422166   35.925030062
       1      12   35.873750124   38.591125171
  0.375000000  0.000000000  0.500000000      12
       1       1  -39.338436173  -49.490386362
       1       2  -18.520534913  -24.303328652
       1       3   -2.435436413   -6.194773936
       1       4   -0.801036376   -4.390846298
       1       5   -0.566684247   -4.086202327
       1       6   14.148397205   16.596603683
       1       7   15.819058164   18.090634161
       1       8   17.657528690   20.033386049
       1       9   19.698083490   22.517491224
       1      10   21.010363759   23.558654817
       1      11   33.235185442   35.889423472
       1      12   36.328164451   39.037811767
  0.375000000 -0.000000000 -0.375000000      12
       1       1  -39.336834370  -49.490102770
       1       2  -18.524427558  -24.300491260
       1       3   -2.172747474   -5.927514935
       1       4   -1.229834040   -4.824434696
       1       5   -0.407269836   -3.896955256
       1       6   14.285862636   16.652012989
       1       7   14.661664404   16.989760760
       1       8   18.170143048   20.650531150
       1       9   19.329333371   22.050406719
       1      10   23.184659352   25.611909151
       1      11   33.591724596   36.229475729
       1      12   34.155591079   36.775997462
  0.375000000 -0.000000000 -0.250000000      12
       1       1  -39.342075628  -49.487743502
       1       2  -18.614775360  -24.411699689
       1       3   -1.869477912   -5.581305371
       1       4   -1.167440644   -4.771406114
       1       5   -0.137764067   -3.595883748
       1       6   12.662810572   14.903896683
       1       7   15.189004001   17.566797866
       1       8   18.775484980   21.332061267
       1       9   19.004744314   21.670743818
       1      10   26.169967743   28.597036391
       1      11   30.842392491   33.481097139
       1      12   31.250516744   33.674698404
  0.375000000  0.000000000 -0.125000000      12
       1       1  -39.352397665  -49.523995917
       1       2  -18.734814721  -24.534846538
       1       3   -1.959111382   -5.707197120
       1       4   -0.350409024   -3.894578712
       1       5    0.088641375   -3.338176598
       1       6   11.222317367   13.319865727
       1       7   16.058443943   18.552284492
       1       8   18.880105343   21.426780285
       1       9   18.930703326   21.503929256
       1      10   28.822399239   31.375604873
       1      11   29.540618737   32.008946313
       1      12   29.672359052   32.153310367
  0.375000000  0.125000000 -0.000000000      12
       1       1  -39.363779573  -49.498381579
       1       2  -18.810716731  -24.625312395
       1       3   -1.632192787   -5.312220036
       1       4   -0.094992909   -3.594184287
       1       5   -0.052110860   -3.495177828
       1       6   11.108429685   13.208858306
       1       7   16.557211078   18.977231979
       1       8   19.164498312   21.690025974
       1       9   19.429877463   22.086609513
       1      10   25.075453301   27.507827877
       1      11   30.614798250   33.171151694
       1      12   30.674310836   33.154703553
  0.375000000  0.125000000  0.125000000      12
       1       1  -39.370452057  -49.496087856
       1       2  -18.868254149  -24.698163015
       1       3   -1.335625400   -4.969674244
       1       4   -0.268052661   -3.783854348
       1       5    0.217794891   -3.193145225
       1       6   10.845998669   12.908161971
       1       7   16.731143278   19.137825753
       1       8   19.563313231   22.142782575
       1       9   19.705588769   22.292396377
       1      10   27.021730642   29.590216405
       1      11   27.035427396   29.364791430
       1      12   29.808729129   32.220153195
  0.375000000  0.125000000  0.250000000      12
       1       1  -39.367884326  -49.512452720
       1       2  -18.833934196  -24.650205713
       1       3   -1.295290902   -4.908041496
       1       4   -0.437290269   -3.953604255
       1       5    0.029143589   -3.459720544
       1       6   11.333383673   13.479523787
       1       7   16.833675698   19.163062387
       1       8   19.360140513   21.918254551
       1       9   19.818495674   22.489566063
       1      10   23.401023006   25.826346933
       1      11   30.741024011   33.271970653
       1      12   30.801501304   33.325849351
  0.375000000  0.125000000  0.375000000      12
       1       1  -39.356710641  -49.510987474
       1       2  -18.725633686  -24.538471507
       1       3   -1.710814039   -5.375692679
       1       4   -0.439504266   -3.966028975
       1       5   -0.321929428   -3.797471058
       1       6   12.240240611   14.433358753
       1       7   16.737964954   19.019101229
       1       8   18.685047445   21.174484728
       1       9   19.804606326   22.546941632
       1      10   21.553946155   24.021462616
       1      11   33.271840606   35.875518306
       1      12   33.414701598   36.044383256
  0.375000000  0.125000000  0.500000000      12
       1       1  -39.344261667  -49.501030588
       1       2  -18.602994561  -24.390197764
       1       3   -2.057408674   -5.768282951
       1       4   -0.840614451   -4.426394098
       1       5   -0.395004868   -3.919631461
       1       6   13.276147150   15.557370331
       1       7   15.844583378   18.289065269
       1       8   18.087256309   20.574605143
       1       9   19.468064199   22.036264628
       1      10   22.432206808   24.964453408
       1      11   32.007527462   34.628390138
       1      12   35.205121986   37.802844913
  0.375000000  0.125000000  0.625000000      12
       1       1  -39.337694340  -49.498939115
       1       2  -18.540110937  -24.333750388
       1       3   -2.028180942   -5.740600524
       1       4   -1.295854763   -4.909881681
       1       5   -0.400440804   -3.939378819
       1       6   13.911126536   16.262846161
       1       7   15.084397672   17.550608910
       1       8   17.910970012   20.424243766
       1       9   19.098384584   21.671813236
       1      10   24.558831123   27.053590304
       1      11   30.053902693   32.627893127
       1      12   34.396378582   37.079623888
  0.375000000  0.125000000 -0.250000000      12
       1       1  -39.340537129  -49.490546345
       1       2  -18.577750896  -24.366091286
       1       3   -1.675751128   -5.370413147
       1       4   -1.540027944   -5.164649078
       1       5   -0.263713176   -3.777718653
       1       6   13.397109851   15.711836638
       1       7   14.981035780   17.412723813
       1       8   18.387044398   20.917497774
       1       9   18.975750297   21.573618915
       1      10   27.137242863   29.625212418
       1      11   27.438971200   29.921529132
       1      12   35.055091320   37.627897336
  0.375000000  0.125000000 -0.125000000      12
       1       1  -39.350776845  -49.498248539
       1       2  -18.691308563  -24.498203155
       1       3   -1.783190439   -5.483206552
       1       4   -0.787891176   -4.342917668
       1       5   -0.090713767   -3.595164426
       1       6   12.120536400   14.325172469
       1       7   15.732474261   18.160416307
       1       8   18.794548670   21.343277007
       1       9   19.196711765   21.822822017
       1      10   25.380802263   27.843690648
       1      11   29.928265657   32.451331161
       1      12   32.608560010   35.140381518
  0.375000000  0.250000000  0.000000000      12
       1       1  -39.356710641  -49.510645167
       1       2  -18.725633688  -24.538818808
       1       3   -1.710814050   -5.376483511
       1       4   -0.439504216   -3.965950133
       1       5   -0.321929453   -3.797080570
       1       6   12.240240581   14.431370990
       1       7   16.737964953   19.021069300
       1       8   18.685047421   21.176857103
       1       9   19.804606350   22.543673810
       1      10   21.553946157   24.021413136
       1      11   33.271840665   35.876267366
       1      12   33.414701539   36.043107496
  0.375000000  0.250000000  0.125000000      12
       1       1  -39.367884326  -49.512495644
       1       2  -18.833934196  -24.650000081
       1       3   -1.295290929   -4.908004239
       1       4   -0.437290267   -3.953616632
       1       5    0.029143624   -3.459715965
       1       6   11.333383665   13.479653678
       1       7   16.833675687   19.163022620
       1       8   19.360140484   21.918272114
       1       9   19.818495695   22.489511982
       1      10   23.401023006   25.826301103
       1      11   30.741024032   33.271857689
       1      12   30.801501313   33.325749844
  0.375000000  0.250000000  0.250000000      12
       1       1  -39.370452057  -49.496265198
       1       2  -18.868254148  -24.698647956
       1       3   -1.335625461   -4.965868355
       1       4   -0.268052599   -3.783323400
       1       5    0.217794890   -3.192754270
       1       6   10.845998689   12.906633429
       1       7   16.731143239   19.135471068
       1       8   19.563313234   22.142865740
       1       9   19.705588772   22.293221985
       1      10   27.021730646   29.589276917
       1      11   27.035427392   29.363454233
       1      12   29.808729171   32.218668807
  0.375000000  0.250000000  0.375000000      12
       1       1  -39.363779573  -49.498943785
       1       2  -18.810716729  -24.625221809
       1       3   -1.632192845   -5.307606521
       1       4   -0.094992883   -3.593725497
       1       5   -0.052110834   -3.495189740
       1       6   11.108429725   13.209977319
       1       7   16.557211032   18.972012482
       1       8   19.164498337   21.688332460
       1       9   19.429877440   22.090757510
       1      10   25.075453316   27.506436704
       1      11   30.614798325   33.171053543
       1      12   30.674310777   33.152368961
  0.375000000  0.250000000  0.500000000      12
       1       1  -39.350776845  -49.498178412
       1       2  -18.691308560  -24.496824296
       1       3   -1.783190484   -5.479920529
       1       4   -0.787891213   -4.341105436
       1       5   -0.090713691   -3.594398594
       1       6   12.120536443   14.325847497
       1       7   15.732474235   18.155101681
       1       8   18.794548691   21.340193913
       1       9   19.196711721   21.824474871
       1      10   25.380802280   27.843155413
       1      11   29.928265594   32.453267353
       1      12   32.608560071   35.139616681
  0.375000000  0.250000000  0.625000000      12
       1       1  -39.340537129  -49.490090773
       1       2  -18.577750895  -24.365243939
       1       3   -1.675751134   -5.368017297
       1       4   -1.540027996   -5.162571545
       1       5   -0.263713117   -3.776692874
       1       6   13.397109882   15.709949702
       1       7   14.981035767   17.408986244
       1       8   18.387044382   20.916699691
       1       9   18.975750287   21.573600313
       1      10   27.137242822   29.627045848
       1      11   27.438971220   29.920487684
       1      12   35.055091336   37.629298740
  0.375000000  0.250000000 -0.250000000      12
       1       1  -39.337694340  -49.495242721
       1       2  -18.540110937  -24.333347915
       1       3   -2.028180965   -5.741319732
       1       4   -1.295854755   -4.909331164
       1       5   -0.400440780   -3.938792716
       1       6   13.911126525   16.259909235
       1       7   15.084397681   17.552412026
       1       8   17.910969970   20.424976008
       1       9   19.098384612   21.671340674
       1      10   24.558831106   27.053689802
       1      11   30.053902726   32.626992097
       1      12   34.396378548   37.077856411
  0.375000000  0.250000000 -0.125000000      12
       1       1  -39.344261667  -49.496948677
       1       2  -18.602994563  -24.390331428
       1       3   -2.057408692   -5.769634867
       1       4   -0.840614393   -4.425814417
       1       5   -0.395004896   -3.918813669
       1       6   13.276147121   15.553606288
       1       7   15.844583375   18.289903352
       1       8   18.087256280   20.578819525
       1       9   19.468064242   22.034951776
       1      10   22.432206799   24.962813342
       1      11   32.007527502   34.626912305
       1      12   35.205121955   37.802945212
  0.375000000  0.375000000  0.000000000      12
       1       1  -39.346597955  -49.493577272
       1       2  -18.605479502  -24.389692396
       1       3   -2.198129448   -5.930608507
       1       4   -0.530730773   -4.036564552
       1       5   -0.530730525   -4.036564303
       1       6   13.330720235   15.694747357
       1       7   16.882166969   18.755953697
       1       8   17.990357397   20.400452405
       1       9   19.910851299   22.751265127
       1      10   19.910851329   22.751265156
       1      11   33.397422117   35.925132615
       1      12   35.873750173   38.549864519
  0.375000000  0.375000000  0.125000000      12
       1       1  -39.356710641  -49.510998933
       1       2  -18.725633687  -24.536926728
       1       3   -1.710814051   -5.375596028
       1       4   -0.439504364   -3.966066832
       1       5   -0.321929305   -3.797494376
       1       6   12.240240594   14.433549574
       1       7   16.737964948   19.019075173
       1       8   18.685047398   21.174507845
       1       9   19.804606343   22.546787002
       1      10   21.553946171   24.021465480
       1      11   33.271840694   35.875253196
       1      12   33.414701595   36.044299631
  0.375000000  0.375000000  0.250000000      12
       1       1  -39.363779573  -49.498912435
       1       2  -18.810716729  -24.623886798
       1       3   -1.632192836   -5.307558674
       1       4   -0.094993014   -3.593751800
       1       5   -0.052110706   -3.495200674
       1       6   11.108429718   13.210046603
       1       7   16.557211033   18.972006275
       1       8   19.164498323   21.688334007
       1       9   19.429877437   22.090664924
       1      10   25.075453298   27.506489583
       1      11   30.614798333   33.171076837
       1      12   30.674310871   33.152214025
  0.375000000  0.375000000  0.375000000      12
       1       1  -39.360798530  -49.521330842
       1       2  -18.814309527  -24.636058873
       1       3   -1.850794135   -5.586352369
       1       4    0.126071967   -3.285851736
       1       5    0.126072158   -3.285851544
       1       6   10.606107215   12.607693004
       1       7   16.621487711   19.103445558
       1       8   19.041404163   21.593545954
       1       9   19.041404179   21.593545970
       1      10   28.572576238   31.023031529
       1      11   29.358727399   31.868090892
       1      12   29.358727519   31.868091012
  0.375000000  0.375000000  0.500000000      12
       1       1  -39.352397665  -49.523475763
       1       2  -18.734814718  -24.532734498
       1       3   -1.959111461   -5.703561074
       1       4   -0.350409038   -3.892074724
       1       5    0.088641470   -3.337071420
       1       6   11.222317412   13.317278364
       1       7   16.058443884   18.549212102
       1       8   18.880105368   21.425185956
       1       9   18.930703294   21.503744518
       1      10   28.822399196   31.375431710
       1      11   29.540618778   32.008013823
       1      12   29.672359080   32.153579294
  0.375000000  0.375000000  0.625000000      12
       1       1  -39.342075628  -49.487215827
       1       2  -18.614775358  -24.411046293
       1       3   -1.869477996   -5.578573281
       1       4   -1.167440644   -4.769037331
       1       5   -0.137763974   -3.594093644
       1       6   12.662810614   14.899570570
       1       7   15.189003961   17.564487456
       1       8   18.775484930   21.335078957
       1       9   19.004744341   21.665702053
       1      10   26.169967688   28.599424913
       1      11   30.842392521   33.478807188
       1      12   31.250516785   33.674792486
  0.375000000  0.375000000 -0.250000000      12
       1       1  -39.336834370  -49.486336549
       1       2  -18.524427557  -24.300303559
       1       3   -2.172747521   -5.927613422
       1       4   -1.229834070   -4.824044933
       1       5   -0.407269745   -3.895401230
       1       6   14.285862661   16.652354235
       1       7   14.661664387   16.987671835
       1       8   18.170142973   20.655335111
       1       9   19.329333402   22.043952780
       1      10   23.184659340   25.612781440
       1      11   33.591724594   36.226720657
       1      12   34.155591046   36.773048604
  0.375000000  0.375000000 -0.125000000      12
       1       1  -39.338436173  -49.486829765
       1       2  -18.520534913  -24.303019635
       1       3   -2.435436451   -6.195326092
       1       4   -0.801036409   -4.390485858
       1       5   -0.566684157   -4.085633833
       1       6   14.148397185   16.594435234
       1       7   15.819058173   18.092004443
       1       8   17.657528616   20.035733826
       1       9   19.698083524   22.514409063
       1      10   21.010363774   23.559338856
       1      11   33.235185402   35.887896855
       1      12   36.328164498   39.037584788
  0.375000000  0.500000000 -0.000000000      12
       1       1  -39.338436173  -49.490615300
       1       2  -18.520534914  -24.302692719
       1       3   -2.435436446   -6.194701850
       1       4   -0.801036271   -4.390865301
       1       5   -0.566684301   -4.086261931
       1       6   14.148397169   16.596782986
       1       7   15.819058129   18.090562787
       1       8   17.657528699   20.033319190
       1       9   19.698083517   22.517443455
       1      10   21.010363766   23.558514915
       1      11   33.235185405   35.889495610
       1      12   36.328164508   39.037549237
  0.375000000  0.500000000  0.125000000      12
       1       1  -39.344261667  -49.501088772
       1       2  -18.602994563  -24.388128615
       1       3   -2.057408679   -5.768202910
       1       4   -0.840614392   -4.426386553
       1       5   -0.395004910   -3.919676334
       1       6   13.276147119   15.557521063
       1       7   15.844583369   18.289049995
       1       8   18.087256286   20.574543349
       1       9   19.468064239   22.036189752
       1      10   22.432206805   24.964381431
       1      11   32.007527521   34.628365018
       1      12   35.205121945   37.802737499
  0.375000000  0.500000000  0.250000000      12
       1       1  -39.350776845  -49.498189585
       1       2  -18.691308562  -24.495383770
       1       3   -1.783190469   -5.479834824
       1       4   -0.787891162   -4.341140021
       1       5   -0.090713754   -3.594398720
       1       6   12.120536430   14.326002820
       1       7   15.732474228   18.155008489
       1       8   18.794548667   21.340204779
       1       9   19.196711752   21.824400297
       1      10   25.380802257   27.843153035
       1      11   29.928265692   32.453179487
       1      12   32.608560062   35.139525752
  0.375000000  0.500000000  0.375000000      12
       1       1  -39.352397665  -49.523518030
       1       2  -18.734814719  -24.532638966
       1       3   -1.959111458   -5.703524960
       1       4   -0.350408914   -3.892068533
       1       5    0.088641340   -3.337063466
       1       6   11.222317412   13.317341562
       1       7   16.058443870   18.549164102
       1       8   18.880105376   21.425209886
       1       9   18.930703303   21.503719024
       1      10   28.822399220   31.375393022
       1      11   29.540618704   32.007987371
       1      12   29.672359156   32.153548133
  0.375000000  0.500000000  0.500000000      12
       1       1  -39.349645013  -49.533773254
       1       2  -18.710059093  -24.513475441
       1       3   -2.080180903   -5.842924627
       1       4   -0.271112958   -3.797244667
       1       5   -0.025341511   -3.483595595
       1       6   11.273203091   13.371766633
       1       7   16.078256156   18.622554546
       1       8   18.735835347   21.242529301
       1       9   18.821034535   21.436250796
       1      10   27.454324676   29.952942809
       1      11   30.858208455   33.400958055
       1      12   31.233835981   33.853057027
  0.375000000  0.500000000  0.625000000      12
       1       1  -39.343301605  -49.500884885
       1       2  -18.630100427  -24.418242497
       1       3   -1.988734135   -5.706785707
       1       4   -0.901297277   -4.466289989
       1       5   -0.156073827   -3.689962366
       1       6   12.341721965   14.585987149
       1       7   15.497501866   17.950915590
       1       8   18.657514304   21.294678845
       1       9   18.894699755   21.424008656
       1      10   27.266112491   29.791452620
       1      11   28.351058523   30.885861694
       1      12   33.767939140   36.380286713
 -0.625000000 -0.500000000 -0.250000000      12
       1       1  -39.337694340  -49.497285338
       1       2  -18.540110937  -24.332029284
       1       3   -2.028180975   -5.741106689
       1       4   -1.295854895   -4.911546962
       1       5   -0.400440616   -3.939646204
       1       6   13.911126525   16.263326149
       1       7   15.084397653   17.552717089
       1       8   17.910969979   20.426429234
       1       9   19.098384611   21.672628332
       1      10   24.558831101   27.053227117
       1      11   30.053902717   32.627282070
       1      12   34.396378554   37.078531947
 -0.625000000 -0.500000000 -0.125000000      12
       1       1  -39.335150605  -49.491526125
       1       2  -18.493842887  -24.269436732
       1       3   -2.415384008   -6.146772700
       1       4   -1.006918941   -4.619274901
       1       5   -0.567109263   -4.149518912
       1       6   14.601150598   17.173801547
       1       7   15.514270557   17.833903550
       1       8   17.206169236   19.639333616
       1       9   19.402763188   22.074045280
       1      10   22.179852534   24.734088083
       1      11   33.358450666   36.076649135
       1      12   33.479177232   36.068758398
  0.375000000 -0.375000000  0.000000000      12
       1       1  -39.336834370  -49.490218252
       1       2  -18.524427559  -24.300443208
       1       3   -2.172747522   -5.927475659
       1       4   -1.229833924   -4.824401694
       1       5   -0.407269892   -3.897027270
       1       6   14.285862576   16.652028490
       1       7   14.661664396   16.989808991
       1       8   18.170143075   20.650491890
       1       9   19.329333406   22.050413559
       1      10   23.184659346   25.611680263
       1      11   33.591724555   36.229580123
       1      12   34.155591041   36.776101993
  0.375000000  0.625000000  0.125000000      12
       1       1  -39.337694340  -49.497152318
       1       2  -18.540110939  -24.333264667
       1       3   -2.028180944   -5.740539597
       1       4   -1.295854685   -4.909891205
       1       5   -0.400440873   -3.939400826
       1       6   13.911126473   16.262980093
       1       7   15.084397682   17.550559246
       1       8   17.910970036   20.424193213
       1       9   19.098384610   21.671771835
       1      10   24.558831122   27.053487811
       1      11   30.053902717   32.627894729
       1      12   34.396378537   37.079536393
  0.375000000  0.625000000  0.250000000      12
       1       1  -39.340537128  -49.488257662
       1       2  -18.577750896  -24.365395533
       1       3   -1.675751105   -5.367965613
       1       4   -1.540027943   -5.162590120
       1       5   -0.263713202   -3.776677976
       1       6   13.397109847   15.710047930
       1       7   14.981035774   17.408890217
       1       8   18.387044409   20.916708246
       1       9   18.975750294   21.573591437
       1      10   27.137242866   29.627007476
       1      11   27.438971207   29.920445185
       1      12   35.055091327   37.629173296
  0.375000000  0.625000000  0.375000000      12
       1       1  -39.342075628  -49.487356895
       1       2  -18.614775360  -24.410960052
       1       3   -1.869478003   -5.578569385
       1       4   -1.167440520   -4.768978113
       1       5   -0.137764100   -3.594082021
       1       6   12.662810613   14.899662560
       1       7   15.189003941   17.564470233
       1       8   18.775484981   21.334980922
       1       9   19.004744332   21.665706720
       1      10   26.169967730   28.599474143
       1      11   30.842392522   33.478731349
       1      12   31.250516733   33.674882260
  0.375000000  0.625000000  0.500000000      12
       1       1  -39.343301605  -49.500983759
       1       2  -18.630100427  -24.418252387
       1       3   -1.988734146   -5.706795589
       1       4   -0.901297155   -4.466266921
       1       5   -0.156073947   -3.689950284
       1       6   12.341721974   14.586003752
       1       7   15.497501836   17.950964215
       1       8   18.657514337   21.294653706
       1       9   18.894699766   21.423947873
       1      10   27.266112516   29.791503112
       1      11   28.351058526   30.885916249
       1      12   33.767939035   36.380339188
 -0.625000000 -0.375000000 -0.375000000      12
       1       1  -39.342075628  -49.488262051
       1       2  -18.614775358  -24.410805549
       1       3   -1.869478044   -5.580231762
       1       4   -1.167440612   -4.769710401
       1       5   -0.137763951   -3.595569285
       1       6   12.662810617   14.902315940
       1       7   15.189003916   17.567952835
       1       8   18.775484968   21.327335010
       1       9   19.004744349   21.672969949
       1      10   26.169967703   28.597721992
       1      11   30.842392489   33.481203036
       1      12   31.250516780   33.675013403
 -0.625000000 -0.375000000 -0.250000000      12
       1       1  -39.340537129  -49.488716609
       1       2  -18.577750895  -24.365017651
       1       3   -1.675751105   -5.370414269
       1       4   -1.540028123   -5.166506107
       1       5   -0.263713000   -3.777906050
       1       6   13.397109864   15.711884576
       1       7   14.981035724   17.416998636
       1       8   18.387044414   20.918562894
       1       9   18.975750296   21.572955673
       1      10   27.137242840   29.624845483
       1      11   27.438971200   29.921457646
       1      12   35.055091316   37.627709079
 -0.625000000 -0.375000000 -0.125000000      12
       1       1  -39.337694340  -49.497383748
       1       2  -18.540110938  -24.332519139
       1       3   -2.028180975   -5.741580572
       1       4   -1.295854808   -4.911739052
       1       5   -0.400440703   -3.940408988
       1       6   13.911126496   16.266702204
       1       7   15.084397629   17.550730264
       1       8   17.910970048   20.425614111
       1       9   19.098384612   21.673194693
       1      10   24.558831116   27.053552832
       1      11   30.053902692   32.627639940
       1      12   34.396378555   37.080185945
  0.375000000 -0.250000000  0.000000000      12
       1       1  -39.342075628  -49.487754633
       1       2  -18.614775361  -24.412056856
       1       3   -1.869477948   -5.581316958
       1       4   -1.167440543   -4.771360166
       1       5   -0.137764126   -3.595969725
       1       6   12.662810557   14.903858653
       1       7   15.189003968   17.566860908
       1       8   18.775484987   21.332060933
       1       9   19.004744362   21.670732715
       1      10   26.169967741   28.596802097
       1      11   30.842392448   33.481270798
       1      12   31.250516770   33.674879098
  0.375000000 -0.250000000  0.125000000      12
       1       1  -39.340537128  -49.488655722
       1       2  -18.577750898  -24.366012430
       1       3   -1.675751017   -5.370404509
       1       4   -1.540027997   -5.164640231
       1       5   -0.263713236   -3.777756457
       1       6   13.397109815   15.711789877
       1       7   14.981035782   17.412813228
       1       8   18.387044438   20.917457194
       1       9   18.975750305   21.573600989
       1      10   27.137242871   29.625077253
       1      11   27.438971199   29.921617713
       1      12   35.055091310   37.627673546
  0.375000000 -0.250000000  0.250000000      12
       1       1  -39.337694340  -49.493559604
       1       2  -18.540110939  -24.333477982
       1       3   -2.028180881   -5.741331566
       1       4   -1.295854767   -4.909319708
       1       5   -0.400440862   -3.938784464
       1       6   13.911126477   16.259874333
       1       7   15.084397705   17.552399636
       1       8   17.910970038   20.425000897
       1       9   19.098384595   21.671370684
       1      10   24.558831115   27.053731181
       1      11   30.053902732   32.626911995
       1      12   34.396378558   37.077655028
  0.375000000 -0.250000000  0.375000000      12
       1       1  -39.336834370  -49.486628292
       1       2  -18.524427558  -24.300195378
       1       3   -2.172747474   -5.927623469
       1       4   -1.229834010   -4.824008765
       1       5   -0.407269867   -3.895392663
       1       6   14.285862628   16.652372279
       1       7   14.661664401   16.987669850
       1       8   18.170143059   20.655285131
       1       9   19.329333377   22.043965534
       1      10   23.184659345   25.612908165
       1      11   33.591724597   36.226608909
       1      12   34.155591090   36.772943887
 -0.625000000 -0.250000000 -0.500000000      12
       1       1  -39.337694340  -49.499220745
       1       2  -18.540110937  -24.332233528
       1       3   -2.028180959   -5.741118234
       1       4   -1.295854812   -4.911510998
       1       5   -0.400440729   -3.939622348
       1       6   13.911126552   16.263321193
       1       7   15.084397608   17.552735260
       1       8   17.910970040   20.426418557
       1       9   19.098384611   21.672616798
       1      10   24.558831101   27.053303987
       1      11   30.053902718   32.627323781
       1      12   34.396378576   37.078433349
 -0.625000000 -0.250000000 -0.375000000      12
       1       1  -39.340537128  -49.490552341
       1       2  -18.577750895  -24.365210479
       1       3   -1.675751074   -5.370411588
       1       4   -1.540028124   -5.166500248
       1       5   -0.263713038   -3.777893928
       1       6   13.397109872   15.711873727
       1       7   14.981035730   17.416962349
       1       8   18.387044406   20.918604568
       1       9   18.975750312   21.572966022
       1      10   27.137242841   29.624851703
       1      11   27.438971202   29.921474115
       1      12   35.055091324   37.627643964
 -0.625000000 -0.250000000 -0.250000000      12
       1       1  -39.342075628  -49.487113005
       1       2  -18.614775360  -24.412747357
       1       3   -1.869477959   -5.583001333
       1       4   -1.167440697   -4.772157489
       1       5   -0.137763951   -3.596386434
       1       6   12.662810580   14.905864866
       1       7   15.189003960   17.569451838
       1       8   18.775484965   21.329094292
       1       9   19.004744347   21.675622832
       1      10   26.169967713   28.596846349
       1      11   30.842392468   33.481555110
       1      12   31.250516784   33.673370783
 -0.625000000 -0.250000000 -0.125000000      12
       1       1  -39.343301605  -49.499833021
       1       2  -18.630100429  -24.420655179
       1       3   -1.988734072   -5.709935524
       1       4   -0.901297244   -4.468663780
       1       5   -0.156073926   -3.691935508
       1       6   12.341721920   14.593195460
       1       7   15.497501884   17.950347777
       1       8   18.657514349   21.298307343
       1       9   18.894699757   21.424387875
       1      10   27.266112587   29.790944437
       1      11   28.351058430   30.885518497
       1      12   33.767939066   36.379592430
  0.375000000 -0.125000000 -0.000000000      12
       1       1  -39.352397665  -49.523980724
       1       2  -18.734814721  -24.534519120
       1       3   -1.959111376   -5.707184151
       1       4   -0.350408969   -3.894565424
       1       5    0.088641313   -3.338222680
       1       6   11.222317364   13.319848439
       1       7   16.058443927   18.552333150
       1       8   18.880105404   21.426761963
       1       9   18.930703291   21.503928818
       1      10   28.822399204   31.375621209
       1      11   29.540618751   32.009019802
       1      12   29.672359078   32.153255172
  0.375000000 -0.125000000  0.125000000      12
       1       1  -39.350776845  -49.498132217
       1       2  -18.691308563  -24.497412641
       1       3   -1.783190379   -5.483196622
       1       4   -0.787891205   -4.342908067
       1       5   -0.090713807   -3.595188049
       1       6   12.120536395   14.325078509
       1       7   15.732474266   18.160455739
       1       8   18.794548711   21.343305611
       1       9   19.196711742   21.822879703
       1      10   25.380802258   27.843772195
       1      11   29.928265684   32.451198848
       1      12   32.608560002   35.140460160
  0.375000000 -0.125000000  0.250000000      12
       1       1  -39.344261666  -49.497040545
       1       2  -18.602994563  -24.389753460
       1       3   -2.057408606   -5.769647704
       1       4   -0.840614453   -4.425787625
       1       5   -0.395004937   -3.918798668
       1       6   13.276147112   15.553521057
       1       7   15.844583396   18.289870473
       1       8   18.087256325   20.578891821
       1       9   19.468064224   22.035020743
       1      10   22.432206789   24.962876205
       1      11   32.007527538   34.626845787
       1      12   35.205121960   37.802853707
  0.375000000 -0.125000000  0.375000000      12
       1       1  -39.338436173  -49.486883198
       1       2  -18.520534913  -24.302800293
       1       3   -2.435436394   -6.195353950
       1       4   -0.801036367   -4.390446411
       1       5   -0.566684277   -4.085601439
       1       6   14.148397179   16.594335875
       1       7   15.819058187   18.092030903
       1       8   17.657528696   20.035764022
       1       9   19.698083490   22.514480223
       1      10   21.010363757   23.559420314
       1      11   33.235185450   35.887777125
       1      12   36.328164476   39.037801992
  0.375000000 -0.125000000  0.500000000      12
       1       1  -39.335150605  -49.493223620
       1       2  -18.493842887  -24.269531153
       1       3   -2.415383962   -6.146787152
       1       4   -1.006918945   -4.619241554
       1       5   -0.567109325   -4.149479374
       1       6   14.601150612   17.173684898
       1       7   15.514270577   17.833916294
       1       8   17.206169260   19.639399085
       1       9   19.402763174   22.074105933
       1      10   22.179852522   24.734142177
       1      11   33.358450708   36.076543070
       1      12   33.479177235   36.068693676
 -0.625000000 -0.125000000 -0.375000000      12
       1       1  -39.337694340  -49.499194032
       1       2  -18.540110937  -24.332024993
       1       3   -2.028180906   -5.741555927
       1       4   -1.295854896   -4.911751680
       1       5   -0.400440698   -3.940370937
       1       6   13.911126493   16.266706491
       1       7   15.084397697   17.550687919
       1       8   17.910970005   20.425649670
       1       9   19.098384608   21.673212441
       1      10   24.558831118   27.053664943
       1      11   30.053902699   32.627561502
       1      12   34.396378575   37.080044043
  0.375000000 -0.125000000 -0.250000000      12
       1       1  -39.343301605  -49.499806678
       1       2  -18.630100429  -24.419969282
       1       3   -1.988734046   -5.709921193
       1       4   -0.901297311   -4.468675526
       1       5   -0.156073891   -3.691907643
       1       6   12.341721922   14.593217756
       1       7   15.497501926   17.950341647
       1       8   18.657514280   21.298298528
       1       9   18.894699780   21.424379345
       1      10   27.266112599   29.790964084
       1      11   28.351058421   30.885532268
       1      12   33.767939102   36.379503261
  0.375000000 -0.125000000 -0.125000000      12
       1       1  -39.349645013  -49.532686472
       1       2  -18.710059096  -24.516672396
       1       3   -2.080180820   -5.846881878
       1       4   -0.271113043   -3.800002075
       1       5   -0.025341511   -3.484685858
       1       6   11.273203044   13.376418183
       1       7   16.078256227   18.623501578
       1       8   18.735835347   21.244311111
       1       9   18.821034530   21.438796931
       1      10   27.454324663   29.952387624
       1      11   30.858208427   33.402539152
       1      12   31.233835993   33.851246860
  0.500000000 -0.000000000  0.000000000      12
       1       1  -39.352324786  -49.562266156
       1       2  -18.748118802  -24.584588596
       1       3   -2.173613285   -5.987474105
       1       4    0.093683094   -3.334088003
       1       5    0.093683306   -3.334087791
       1       6   10.628772531   12.580286298
       1       7   16.471459304   19.156436714
       1       8   18.620427704   21.123754424
       1       9   18.620427781   21.123754501
       1      10   30.061538515   32.443592224
       1      11   30.558272936   33.212459471
       1      12   30.558273020   33.212459555
  0.500000000  0.000000000  0.125000000      12
       1       1  -39.349645013  -49.533223797
       1       2  -18.710059096  -24.516094227
       1       3   -2.080180802   -5.845099150
       1       4   -0.271112952   -3.797989287
       1       5   -0.025341627   -3.483543263
       1       6   11.273203053   13.370056897
       1       7   16.078256233   18.625167385
       1       8   18.735835371   21.245010056
       1       9   18.821034500   21.433787127
       1      10   27.454324697   29.952785865
       1      11   30.858208414   33.401136518
       1      12   31.233835934   33.853639680
  0.500000000  0.000000000  0.250000000      12
       1       1  -39.344303509  -49.503661104
       1       2  -18.616666976  -24.442442189
       1       3   -2.035107038   -5.771947803
       1       4   -0.839045714   -4.390224818
       1       5   -0.303640148   -3.792272322
       1       6   12.780149433   15.005341380
       1       7   15.600403441   18.045767238
       1       8   18.466371557   20.952384173
       1       9   19.277022450   21.998079385
       1      10   23.717046306   26.147167447
       1      11   32.538068538   35.186141089
       1      12   33.252176394   35.838733553
  0.500000000 -0.000000000  0.375000000      12
       1       1  -39.338436173  -49.490541242
       1       2  -18.520534913  -24.302958594
       1       3   -2.435436401   -6.194737923
       1       4   -0.801036389   -4.390852534
       1       5   -0.566684247   -4.086020251
       1       6   14.148397190   16.596159523
       1       7   15.819058184   18.090750499
       1       8   17.657528686   20.033652863
       1       9   19.698083490   22.517028708
       1      10   21.010363762   23.559213902
       1      11   33.235185440   35.889172006
       1      12   36.328164450   39.037503721
  0.500000000  0.000000000  0.500000000      12
       1       1  -39.336117241  -49.487623621
       1       2  -18.480007797  -24.282408131
       1       3   -2.677324499   -6.465525495
       1       4   -0.671426686   -4.221466519
       1       5   -0.671426540   -4.221466373
       1       6   14.562159025   17.235048972
       1       7   16.319617089   18.153582028
       1       8   17.235933518   19.504908517
       1       9   19.862033492   22.784940934
       1      10   19.862033528   22.784940970
       1      11   32.944585173   35.613857273
       1      12   37.920391656   40.743340468
 -0.500000000  0.000000000 -0.375000000      12
       1       1  -39.338436173  -49.490636573
       1       2  -18.520534913  -24.302151786
       1       3   -2.435436401   -6.195874818
       1       4   -0.801036389   -4.392867789
       1       5   -0.566684247   -4.086891420
       1       6   14.148397190   16.599935933
       1       7   15.819058184   18.091103448
       1       8   17.657528686   20.034665367
       1       9   19.698083490   22.519338847
       1      10   21.010363762   23.558492311
       1      11   33.235185440   35.889813788
       1      12   36.328164450   39.036623122
 -0.500000000 -0.000000000 -0.250000000      12
       1       1  -39.344303509  -49.503851071
       1       2  -18.616666976  -24.440745611
       1       3   -2.035107038   -5.773841220
       1       4   -0.839045714   -4.394721144
       1       5   -0.303640148   -3.794014661
       1       6   12.780149433   15.014330299
       1       7   15.600403441   18.045346595
       1       8   18.466371557   20.954523012
       1       9   19.277022450   22.002894369
       1      10   23.717046306   26.145321480
       1      11   32.538068538   35.187414063
       1      12   33.252176394   35.836736674
 -0.500000000 -0.000000000 -0.125000000      12
       1       1  -39.349645013  -49.533318986
       1       2  -18.710059096  -24.515282013
       1       3   -2.080180802   -5.846219631
       1       4   -0.271112952   -3.800028900
       1       5   -0.025341627   -3.484414433
       1       6   11.273203053   13.374411173
       1       7   16.078256233   18.625082763
       1       8   18.735835371   21.246007979
       1       9   18.821034500   21.436067318
       1      10   27.454324697   29.951943889
       1      11   30.858208414   33.401791517
       1      12   31.233835934   33.852767356
  0.500000000  0.125000000 -0.000000000      12
       1       1  -39.349645013  -49.533324934
       1       2  -18.710059096  -24.516554755
       1       3   -2.080180818   -5.845094519
       1       4   -0.271112871   -3.797963992
       1       5   -0.025341689   -3.483591983
       1       6   11.273203050   13.370119313
       1       7   16.078256210   18.625219198
       1       8   18.735835336   21.244949907
       1       9   18.821034561   21.433695577
       1      10   27.454324700   29.952799076
       1      11   30.858208384   33.401105390
       1      12   31.233835933   33.853698574
  0.500000000  0.125000000  0.125000000      12
       1       1  -39.352397665  -49.523850474
       1       2  -18.734814720  -24.533990392
       1       3   -1.959111375   -5.704941044
       1       4   -0.350409146   -3.892595445
       1       5    0.088641493   -3.337481948
       1       6   11.222317373   13.317860463
       1       7   16.058443924   18.549516128
       1       8   18.880105372   21.425331351
       1       9   18.930703309   21.503973837
       1      10   28.822399225   31.375706340
       1      11   29.540618783   32.007985178
       1      12   29.672358995   32.154359958
  0.500000000  0.125000000  0.250000000      12
       1       1  -39.350776845  -49.498002731
       1       2  -18.691308562  -24.496899078
       1       3   -1.783190384   -5.480914420
       1       4   -0.787891401   -4.341123649
       1       5   -0.090713598   -3.594284650
       1       6   12.120536412   14.323320533
       1       7   15.732474258   18.157122664
       1       8   18.794548687   21.342151291
       1       9   19.196711739   21.823000568
       1      10   25.380802271   27.842968399
       1      11   29.928265607   32.452873141
       1      12   32.608560053   35.139533554
  0.500000000  0.125000000  0.375000000      12
       1       1  -39.344261667  -49.501185425
       1       2  -18.602994562  -24.389827394
       1       3   -2.057408647   -5.768241835
       1       4   -0.840614590   -4.426302254
       1       5   -0.395004753   -3.919554045
       1       6   13.276147142   15.556959615
       1       7   15.844583362   18.289040097
       1       8   18.087256313   20.574839651
       1       9   19.468064238   22.036273210
       1      10   22.432206784   24.964678227
       1      11   32.007527482   34.628119026
       1      12   35.205121989   37.802565148
  0.500000000  0.125000000  0.500000000      12
       1       1  -39.338436173  -49.491027492
       1       2  -18.520534913  -24.302875838
       1       3   -2.435436420   -6.194011543
       1       4   -0.801036340   -4.390785144
       1       5   -0.566684278   -4.086471832
       1       6   14.148397211   16.598284794
       1       7   15.819058151   18.088768276
       1       8   17.657528699   20.031409966
       1       9   19.698083496   22.520042079
       1      10   21.010363752   23.559156596
       1      11   33.235185438   35.890292335
       1      12   36.328164433   39.036794596
  0.500000000  0.125000000  0.625000000      12
       1       1  -39.335150605  -49.493218930
       1       2  -18.493842887  -24.270061400
       1       3   -2.415383962   -6.146778588
       1       4   -1.006918808   -4.619232853
       1       5   -0.567109468   -4.149521833
       1       6   14.601150611   17.173705488
       1       7   15.514270601   17.833936097
       1       8   17.206169257   19.639376037
       1       9   19.402763147   22.074087387
       1      10   22.179852542   24.734134204
       1      11   33.358450709   36.076601109
       1      12   33.479177222   36.068684810
 -0.500000000  0.125000000 -0.250000000      12
       1       1  -39.337694340  -49.499189243
       1       2  -18.540110938  -24.332555285
       1       3   -2.028180904   -5.741552004
       1       4   -1.295854756   -4.911748499
       1       5   -0.400440849   -3.940403080
       1       6   13.911126503   16.266719815
       1       7   15.084397679   17.550707690
       1       8   17.910970039   20.425633281
       1       9   19.098384596   21.673196354
       1      10   24.558831116   27.053657041
       1      11   30.053902726   32.627558669
       1      12   34.396378551   37.080094890
  0.500000000  0.125000000 -0.125000000      12
       1       1  -39.343301605  -49.500445111
       1       2  -18.630100430  -24.419850583
       1       3   -1.988734047   -5.708144868
       1       4   -0.901297137   -4.466866949
       1       5   -0.156074074   -3.690572072
       1       6   12.341721928   14.587261838
       1       7   15.497501903   17.951289840
       1       8   18.657514336   21.295057734
       1       9   18.894699763   21.423846939
       1      10   27.266112593   29.791158864
       1      11   28.351058451   30.885612707
       1      12   33.767938993   36.380285779
  0.500000000  0.250000000 -0.000000000      12
       1       1  -39.344303509  -49.503863400
       1       2  -18.616666976  -24.443374979
       1       3   -2.035107104   -5.771946975
       1       4   -0.839045579   -4.390154040
       1       5   -0.303640205   -3.792369696
       1       6   12.780149427   15.005467440
       1       7   15.600403394   18.045875835
       1       8   18.466371562   20.952253024
       1       9   19.277022495   21.997884056
       1      10   23.717046296   26.147196451
       1      11   32.538068486   35.186082204
       1      12   33.252176403   35.838863394
  0.500000000  0.250000000  0.125000000      12
       1       1  -39.350776845  -49.498103863
       1       2  -18.691308562  -24.497360268
       1       3   -1.783190426   -5.480914771
       1       4   -0.787891347   -4.341127092
       1       5   -0.090713600   -3.594298330
       1       6   12.120536407   14.323381781
       1       7   15.732474230   18.157156219
       1       8   18.794548684   21.342093464
       1       9   19.196711765   21.822934013
       1      10   25.380802265   27.842968736
       1      11   29.928265604   32.452891686
       1      12   32.608560042   35.139544924
  0.500000000  0.250000000  0.250000000      12
       1       1  -39.353305168  -49.491738982
       1       2  -18.721685678  -24.558638280
       1       3   -1.524625017   -5.204455794
       1       4   -1.003420525   -4.574500512
       1       5    0.076057095   -3.348418690
       1       6   11.915141991   14.064529789
       1       7   15.560009210   17.945079469
       1       8   19.167654648   21.775908675
       1       9   19.171832295   21.807881830
       1      10   28.616269162   30.874581965
       1      11   28.656112270   31.289412125
       1      12   28.703047622   31.125462057
  0.500000000  0.250000000  0.375000000      12
       1       1  -39.350776845  -49.498489310
       1       2  -18.691308561  -24.496815063
       1       3   -1.783190464   -5.480070595
       1       4   -0.787891289   -4.341369313
       1       5   -0.090713630   -3.594537390
       1       6   12.120536443   14.326109817
       1       7   15.732474201   18.155221222
       1       8   18.794548700   21.340241118
       1       9   19.196711756   21.824541764
       1      10   25.380802255   27.843358700
       1      11   29.928265638   32.452930760
       1      12   32.608560030   35.139844097
  0.500000000  0.250000000  0.500000000      12
       1       1  -39.344303509  -49.504634634
       1       2  -18.616666974  -24.442272806
       1       3   -2.035107121   -5.770196354
       1       4   -0.839045598   -4.390391102
       1       5   -0.303640181   -3.793175456
       1       6   12.780149481   15.011292071
       1       7   15.600403372   18.040090073
       1       8   18.466371565   20.947557994
       1       9   19.277022470   22.004333287
       1      10   23.717046292   26.147213312
       1      11   32.538068557   35.188559515
       1      12   33.252176353   35.837040341
  0.500000000  0.250000000  0.625000000      12
       1       1  -39.337694340  -49.499580435
       1       2  -18.540110937  -24.333294442
       1       3   -2.028180960   -5.739729271
       1       4   -1.295854722   -4.909979434
       1       5   -0.400440827   -3.939598893
       1       6   13.911126550   16.265203241
       1       7   15.084397647   17.548278250
       1       8   17.910970027   20.423686446
       1       9   19.098384584   21.672314207
       1      10   24.558831122   27.054532185
       1      11   30.053902693   32.627921809
       1      12   34.396378587   37.080623017
  0.500000000  0.250000000 -0.250000000      12
       1       1  -39.335514476  -49.505042688
       1       2  -18.507921985  -24.330750433
       1       3   -1.750046160   -5.424634416
       1       4   -1.750046082   -5.424634338
       1       5   -0.467771585   -4.002403748
       1       6   14.823237222   17.295123358
       1       7   14.823237253   17.295123389
       1       8   17.159828028   19.614153367
       1       9   18.983882479   21.555341668
       1      10   27.073054034   29.579509129
       1      11   27.073054061   29.579509155
       1      12   33.601213615   36.359942287
  0.500000000  0.250000000 -0.125000000      12
       1       1  -39.337694340  -49.499195096
       1       2  -18.540110938  -24.333838930
       1       3   -2.028180976   -5.740557762
       1       4   -1.295854656   -4.909840347
       1       5   -0.400440870   -3.939272952
       1       6   13.911126500   16.262354660
       1       7   15.084397653   17.550808272
       1       8   17.910970041   20.424250924
       1       9   19.098384613   21.671689669
       1      10   24.558831118   27.054016504
       1      11   30.053902709   32.627612907
       1      12   34.396378540   37.079300040
  0.500000000  0.375000000  0.000000000      12
       1       1  -39.338436173  -49.490781952
       1       2  -18.520534914  -24.303517609
       1       3   -2.435436457   -6.194714899
       1       4   -0.801036260   -4.390855343
       1       5   -0.566684301   -4.086096454
       1       6   14.148397180   16.596290427
       1       7   15.819058117   18.090763656
       1       8   17.657528700   20.033584385
       1       9   19.698083521   22.516896576
       1      10   21.010363763   23.559192014
       1      11   33.235185384   35.889186417
       1      12   36.328164475   39.037306031
  0.500000000  0.375000000  0.125000000      12
       1       1  -39.344261667  -49.501255414
       1       2  -18.602994562  -24.388949418
       1       3   -2.057408689   -5.768210166
       1       4   -0.840614587   -4.426313579
       1       5   -0.395004697   -3.919584928
       1       6   13.276147127   15.557069879
       1       7   15.844583344   18.289064893
       1       8   18.087256287   20.574785402
       1       9   19.468064256   22.036205911
       1      10   22.432206792   24.964658735
       1      11   32.007527461   34.628082240
       1      12   35.205121992   37.802497627
  0.500000000  0.375000000  0.250000000      12
       1       1  -39.350776845  -49.498458204
       1       2  -18.691308561  -24.495471040
       1       3   -1.783190460   -5.480030677
       1       4   -0.787891358   -4.341395015
       1       5   -0.090713555   -3.594549691
       1       6   12.120536433   14.326177747
       1       7   15.732474213   18.155204802
       1       8   18.794548667   21.340231895
       1       9   19.196711757   21.824487448
       1      10   25.380802250   27.843393639
       1      11   29.928265640   32.452864166
       1      12   32.608560083   35.139791415
  0.500000000  0.375000000  0.375000000      12
       1       1  -39.352397665  -49.523786650
       1       2  -18.734814718  -24.532728299
       1       3   -1.959111453   -5.703735406
       1       4   -0.350409068   -3.892312046
       1       5    0.088641492   -3.337208835
       1       6   11.222317416   13.317519033
       1       7   16.058443862   18.549341415
       1       8   18.880105376   21.425275284
       1       9   18.930703308   21.503813974
       1      10   28.822399152   31.375396137
       1      11   29.540618775   32.008302521
       1      12   29.672359128   32.153365545
  0.500000000  0.375000000  0.500000000      12
       1       1  -39.349645013  -49.533646629
       1       2  -18.710059093  -24.514748759
       1       3   -2.080180889   -5.843152812
       1       4   -0.271112830   -3.797652866
       1       5   -0.025341663   -3.483721735
       1       6   11.273203102   13.372532675
       1       7   16.078256156   18.622316438
       1       8   18.735835351   21.242645328
       1       9   18.821034535   21.436712900
       1      10   27.454324701   29.952449667
       1      11   30.858208491   33.400977660
       1      12   31.233835876   33.853258537
  0.500000000  0.375000000  0.625000000      12
       1       1  -39.343301605  -49.500758490
       1       2  -18.630100428  -24.419508882
       1       3   -1.988734116   -5.707020001
       1       4   -0.901297137   -4.466611677
       1       5   -0.156074004   -3.690176099
       1       6   12.341721979   14.586713641
       1       7   15.497501868   17.950758621
       1       8   18.657514315   21.294989428
       1       9   18.894699749   21.424182751
       1      10   27.266112556   29.791252633
       1      11   28.351058473   30.885701513
       1      12   33.767939081   36.380401826
 -0.500000000 -0.625000000 -0.250000000      12
       1       1  -39.337694340  -49.499117078
       1       2  -18.540110937  -24.332753680
       1       3   -2.028180975   -5.741098232
       1       4   -1.295854732   -4.911538319
       1       5   -0.400440794   -3.939665886
       1       6   13.911126538   16.263320552
       1       7   15.084397660   17.552702889
       1       8   17.910969982   20.426454545
       1       9   19.098384608   21.672629070
       1      10   24.558831110   27.053234600
       1      11   30.053902728   32.627287107
       1      12   34.396378539   37.078514856
 -0.500000000 -0.625000000 -0.125000000      12
       1       1  -39.335150605  -49.493358547
       1       2  -18.493842887  -24.270161009
       1       3   -2.415384008   -6.146758276
       1       4   -1.006918750   -4.619260285
       1       5   -0.567109464   -4.149550626
       1       6   14.601150598   17.173786343
       1       7   15.514270584   17.833888989
       1       8   17.206169226   19.639362194
       1       9   19.402763174   22.074053684
       1      10   22.179852548   24.734094734
       1      11   33.358450666   36.076629238
       1      12   33.479177226   36.068765681
  0.500000000  0.500000000  0.000000000      12
       1       1  -39.336117241  -49.487902983
       1       2  -18.480007797  -24.282609813
       1       3   -2.677324543   -6.465484823
       1       4   -0.671426702   -4.221521516
       1       5   -0.671426457   -4.221521270
       1       6   14.562159009   17.235210691
       1       7   16.319617047   18.153476224
       1       8   17.235933481   19.504890838
       1       9   19.862033524   22.784873139
       1      10   19.862033557   22.784873172
       1      11   32.944585121   35.613945044
       1      12   37.920391699   40.742805373
  0.500000000  0.500000000  0.125000000      12
       1       1  -39.338436173  -49.491135982
       1       2  -18.520534913  -24.301634130
       1       3   -2.435436454   -6.193960725
       1       4   -0.801036406   -4.390828435
       1       5   -0.566684157   -4.086510264
       1       6   14.148397190   16.598415095
       1       7   15.819058168   18.088731234
       1       8   17.657528615   20.031405919
       1       9   19.698083524   22.519909729
       1      10   21.010363776   23.559171208
       1      11   33.235185393   35.890360852
       1      12   36.328164498   39.036384117
  0.500000000  0.500000000  0.250000000      12
       1       1  -39.344303509  -49.504572479
       1       2  -18.616666975  -24.439552631
       1       3   -2.035107118   -5.770119749
       1       4   -0.839045713   -4.390474095
       1       5   -0.303640056   -3.793197456
       1       6   12.780149466   15.011436408
       1       7   15.600403395   18.040070688
       1       8   18.466371504   20.947558341
       1       9   19.277022480   22.004150471
       1      10   23.717046290   26.147320539
       1      11   32.538068554   35.188610445
       1      12   33.252176437   35.836728893
  0.500000000  0.500000000  0.375000000      12
       1       1  -39.349645013  -49.533615497
       1       2  -18.710059093  -24.513405078
       1       3   -2.080180884   -5.843123845
       1       4   -0.271112959   -3.797668611
       1       5   -0.025341534   -3.483732668
       1       6   11.273203097   13.372602815
       1       7   16.078256168   18.622309301
       1       8   18.735835336   21.242647179
       1       9   18.821034528   21.436619075
       1      10   27.454324656   29.952501773
       1      11   30.858208502   33.401001686
       1      12   31.233835976   33.853105255
  0.500000000  0.500000000  0.500000000      12
       1       1  -39.352324786  -49.562139155
       1       2  -18.748118799  -24.582046170
       1       3   -2.173613364   -5.985061161
       1       4    0.093683145   -3.333541725
       1       5    0.093683336   -3.333541533
       1       6   10.628772579   12.579580598
       1       7   16.471459225   19.156072375
       1       8   18.620427736   21.123616159
       1       9   18.620427753   21.123616175
       1      10   30.061538648   32.440187856
       1      11   30.558272895   33.213128919
       1      12   30.558273041   33.213129065
 -0.500000000 -0.500000000 -0.375000000      12
       1       1  -39.349645013  -49.533183351
       1       2  -18.710059093  -24.514227748
       1       3   -2.080180884   -5.844606202
       1       4   -0.271112959   -3.799691757
       1       5   -0.025341534   -3.483183184
       1       6   11.273203097   13.370743288
       1       7   16.078256168   18.627105641
       1       8   18.735835336   21.248474774
       1       9   18.821034528   21.432709874
       1      10   27.454324656   29.951816962
       1      11   30.858208502   33.399443495
       1      12   31.233835976   33.854236310
 -0.500000000 -0.500000000 -0.250000000      12
       1       1  -39.344303509  -49.503707144
       1       2  -18.616666975  -24.441167109
       1       3   -2.035107118   -5.772881153
       1       4   -0.839045713   -4.394753436
       1       5   -0.303640056   -3.792098488
       1       6   12.780149466   15.007380299
       1       7   15.600403395   18.050020300
       1       8   18.466371504   20.960260946
       1       9   19.277022480   21.995925012
       1      10   23.717046290   26.145645576
       1      11   32.538068554   35.184432091
       1      12   33.252176437   35.839394269
 -0.500000000 -0.500000000 -0.125000000      12
       1       1  -39.338436173  -49.490704064
       1       2  -18.520534913  -24.302459123
       1       3   -2.435436454   -6.195453880
       1       4   -0.801036406   -4.392836655
       1       5   -0.566684157   -4.085960780
       1       6   14.148397190   16.597389073
       1       7   15.819058168   18.092574064
       1       8   17.657528615   20.037330218
       1       9   19.698083524   22.515952648
       1      10   21.010363777   23.558667876
       1      11   33.235185393   35.888479861
       1      12   36.328164498   39.037528401
 -0.500000000 -0.375000000 -0.000000000      12
       1       1  -39.338436173  -49.490802389
       1       2  -18.520534914  -24.302938522
       1       3   -2.435436457   -6.195868347
       1       4   -0.801036260   -4.392872141
       1       5   -0.566684301   -4.086958863
       1       6   14.148397180   16.599985465
       1       7   15.819058117   18.091061335
       1       8   17.657528700   20.034670195
       1       9   19.698083521   22.519315933
       1      10   21.010363763   23.558347919
       1      11   33.235185384   35.889926424
       1      12   36.328164475   39.036462646
  0.500000000  0.625000000  0.125000000      12
       1       1  -39.335150605  -49.491481895
       1       2  -18.493842887  -24.270410299
       1       3   -2.415384008   -6.146757958
       1       4   -1.006918750   -4.619259966
       1       5   -0.567109464   -4.149552364
       1       6   14.601150598   17.173786044
       1       7   15.514270584   17.833888603
       1       8   17.206169226   19.639359547
       1       9   19.402763174   22.074052283
       1      10   22.179852548   24.734091464
       1      11   33.358450666   36.076491378
       1      12   33.479177226   36.068762323
  0.500000000  0.625000000  0.250000000      12
       1       1  -39.337694340  -49.497673164
       1       2  -18.540110937  -24.332202442
       1       3   -2.028180975   -5.739687659
       1       4   -1.295854732   -4.910007081
       1       5   -0.400440794   -3.939608841
       1       6   13.911126538   16.265271211
       1       7   15.084397660   17.548263742
       1       8   17.910969983   20.423662145
       1       9   19.098384608   21.672274129
       1      10   24.558831110   27.054554290
       1      11   30.053902728   32.627853189
       1      12   34.396378538   37.080522883
  0.500000000  0.625000000  0.375000000      12
       1       1  -39.343301605  -49.500826032
       1       2  -18.630100428  -24.418181295
       1       3   -1.988734116   -5.706996575
       1       4   -0.901297137   -4.466610898
       1       5   -0.156074004   -3.690166150
       1       6   12.341721979   14.586796446
       1       7   15.497501868   17.950796342
       1       8   18.657514315   21.294904248
       1       9   18.894699749   21.424107877
       1      10   27.266112556   29.791304351
       1      11   28.351058473   30.885746377
       1      12   33.767939081   36.380379648
 -0.500000000 -0.375000000 -0.500000000      12
       1       1  -39.349645013  -49.533282245
       1       2  -18.710059093  -24.514237421
       1       3   -2.080180889   -5.844616964
       1       4   -0.271112830   -3.799659342
       1       5   -0.025341663   -3.483179648
       1       6   11.273203102   13.370758334
       1       7   16.078256156   18.627159068
       1       8   18.735835351   21.248400851
       1       9   18.821034535   21.432692382
       1      10   27.454324701   29.951891160
       1      11   30.858208491   33.399409089
       1      12   31.233835876   33.854351701
 -0.500000000 -0.375000000 -0.375000000      12
       1       1  -39.352397665  -49.523934523
       1       2  -18.734814718  -24.533260721
       1       3   -1.959111453   -5.706527429
       1       4   -0.350409068   -3.895548325
       1       5    0.088641492   -3.338134627
       1       6   11.222317416   13.320387825
       1       7   16.058443861   18.554970589
       1       8   18.880105376   21.428603809
       1       9   18.930703308   21.502917815
       1      10   28.822399152   31.374915520
       1      11   29.540618775   32.009738149
       1      12   29.672359128   32.151748097
 -0.500000000 -0.375000000 -0.250000000      12
       1       1  -39.350776845  -49.498172140
       1       2  -18.691308561  -24.496765957
       1       3   -1.783190460   -5.483971726
       1       4   -0.787891358   -4.345651431
       1       5   -0.090713555   -3.596353834
       1       6   12.120536433   14.326518877
       1       7   15.732474213   18.165820559
       1       8   18.794548667   21.348251231
       1       9   19.196711757   21.821868335
       1      10   25.380802250   27.842839191
       1      11   29.928265640   32.450766765
       1      12   32.608560083   35.140035357
 -0.500000000 -0.375000000 -0.125000000      12
       1       1  -39.344261667  -49.500843902
       1       2  -18.602994562  -24.389174066
       1       3   -2.057408689   -5.770720488
       1       4   -0.840614587   -4.428421510
       1       5   -0.395004696   -3.921994858
       1       6   13.276147127   15.559837551
       1       7   15.844583344   18.291943589
       1       8   18.087256287   20.581277690
       1       9   19.468064256   22.036752737
       1      10   22.432206792   24.962955154
       1      11   32.007527461   34.627382648
       1      12   35.205121992   37.802420747
 -0.500000000 -0.250000000  0.000000000      12
       1       1  -39.344303509  -49.503903497
       1       2  -18.616666976  -24.442140211
       1       3   -2.035107104   -5.773879054
       1       4   -0.839045579   -4.394641485
       1       5   -0.303640205   -3.794094515
       1       6   12.780149427   15.014281814
       1       7   15.600403394   18.045361995
       1       8   18.466371562   20.954552250
       1       9   19.277022495   22.002921871
       1      10   23.717046296   26.145080486
       1      11   32.538068486   35.187571465
       1      12   33.252176404   35.836935625
 -0.500000000 -0.250000000  0.125000000      12
       1       1  -39.337694340  -49.497339352
       1       2  -18.540110938  -24.333493341
       1       3   -2.028180976   -5.741572568
       1       4   -1.295854656   -4.911731008
       1       5   -0.400440870   -3.940427870
       1       6   13.911126500   16.266694227
       1       7   15.084397653   17.550715731
       1       8   17.910970041   20.425636722
       1       9   19.098384613   21.673194842
       1      10   24.558831118   27.053553682
       1      11   30.053902709   32.627629532
       1      12   34.396378540   37.080046302
  0.500000000  0.750000000  0.250000000      12
       1       1  -39.335514476  -49.501288321
       1       2  -18.507921985  -24.331257869
       1       3   -1.750046160   -5.424633779
       1       4   -1.750046082   -5.424633701
       1       5   -0.467771585   -4.002399677
       1       6   14.823237222   17.295122819
       1       7   14.823237253   17.295122850
       1       8   17.159828028   19.614146103
       1       9   18.983882479   21.555343850
       1      10   27.073054034   29.579502353
       1      11   27.073054061   29.579502380
       1      12   33.601213615   36.359660124
 -0.500000000 -0.250000000 -0.625000000      12
       1       1  -39.337694340  -49.497339820
       1       2  -18.540110937  -24.333013626
       1       3   -2.028180960   -5.741114761
       1       4   -1.295854722   -4.911508452
       1       5   -0.400440827   -3.939653658
       1       6   13.911126550   16.263332134
       1       7   15.084397647   17.552754733
       1       8   17.910970027   20.426399447
       1       9   19.098384584   21.672600090
       1      10   24.558831122   27.053289480
       1      11   30.053902693   32.627305441
       1      12   34.396378587   37.078361677
 -0.500000000 -0.250000000 -0.500000000      12
       1       1  -39.344303509  -49.503904982
       1       2  -18.616666974  -24.441187630
       1       3   -2.035107121   -5.772918774
       1       4   -0.839045598   -4.394671595
       1       5   -0.303640180   -3.792091280
       1       6   12.780149481   15.007407985
       1       7   15.600403372   18.050134210
       1       8   18.466371565   20.960098255
       1       9   19.277022470   21.995879265
       1      10   23.717046292   26.145802292
       1      11   32.538068557   35.184367629
       1      12   33.252176353   35.839635809
 -0.500000000 -0.250000000 -0.375000000      12
       1       1  -39.350776845  -49.498271025
       1       2  -18.691308561  -24.496776123
       1       3   -1.783190464   -5.483988975
       1       4   -0.787891289   -4.345627672
       1       5   -0.090713630   -3.596334471
       1       6   12.120536443   14.326533945
       1       7   15.732474201   18.165863343
       1       8   18.794548700   21.348187583
       1       9   19.196711756   21.821857539
       1      10   25.380802255   27.842903558
       1      11   29.928265638   32.450812143
       1      12   32.608560030   35.140069395
 -0.500000000 -0.250000000 -0.250000000      12
       1       1  -39.353305168  -49.492030295
       1       2  -18.721685678  -24.559592885
       1       3   -1.524625017   -5.209373623
       1       4   -1.003420525   -4.581759389
       1       5    0.076057095   -3.350270275
       1       6   11.915141991   14.067909175
       1       7   15.560009210   17.960928170
       1       8   19.167654648   21.782899333
       1       9   19.171832295   21.804594424
       1      10   28.616269162   30.877084772
       1      11   28.656112270   31.289984222
       1      12   28.703047622   31.120295655
 -0.500000000 -0.250000000 -0.125000000      12
       1       1  -39.350776845  -49.498270487
       1       2  -18.691308562  -24.497255822
       1       3   -1.783190426   -5.484459921
       1       4   -0.787891347   -4.346075463
       1       5   -0.090713601   -3.596870200
       1       6   12.120536407   14.329777842
       1       7   15.732474230   18.164383036
       1       8   18.794548684   21.346039187
       1       9   19.196711765   21.823597354
       1      10   25.380802265   27.843015166
       1      11   29.928265604   32.450796412
       1      12   32.608560042   35.140387326
 -0.500000000 -0.125000000  0.000000000      12
       1       1  -39.349645013  -49.533345224
       1       2  -18.710059096  -24.515970688
       1       3   -2.080180818   -5.846231334
       1       4   -0.271112871   -3.800004900
       1       5   -0.025341689   -3.484454392
       1       6   11.273203050   13.374387289
       1       7   16.078256210   18.625088858
       1       8   18.735835336   21.246023798
       1       9   18.821034561   21.436084312
       1      10   27.454324700   29.951828574
       1      11   30.858208384   33.401865186
       1      12   31.233835933   33.852863650
  0.500000000 -0.125000000  0.125000000      12
       1       1  -39.343301605  -49.500370254
       1       2  -18.630100430  -24.420077638
       1       3   -1.988734047   -5.708161563
       1       4   -0.901297137   -4.466865022
       1       5   -0.156074074   -3.690567413
       1       6   12.341721928   14.587177880
       1       7   15.497501903   17.951252523
       1       8   18.657514336   21.295140725
       1       9   18.894699763   21.423921544
       1      10   27.266112593   29.791131585
       1      11   28.351058451   30.885590292
       1      12   33.767938993   36.380352217
  0.500000000 -0.125000000  0.250000000      12
       1       1  -39.337694340  -49.497217825
       1       2  -18.540110938  -24.333628293
       1       3   -2.028180904   -5.740557517
       1       4   -1.295854756   -4.909855366
       1       5   -0.400440849   -3.939240127
       1       6   13.911126503   16.262290153
       1       7   15.084397679   17.550762254
       1       8   17.910970039   20.424315736
       1       9   19.098384596   21.671755814
       1      10   24.558831116   27.054013414
       1      11   30.053902726   32.627586443
       1      12   34.396378551   37.079207165
  0.500000000 -0.125000000  0.375000000      12
       1       1  -39.335150605  -49.491342277
       1       2  -18.493842887  -24.270310691
       1       3   -2.415383962   -6.146778269
       1       4   -1.006918809   -4.619232535
       1       5   -0.567109468   -4.149523572
       1       6   14.601150611   17.173705188
       1       7   15.514270600   17.833935719
       1       8   17.206169257   19.639373387
       1       9   19.402763147   22.074085987
       1      10   22.179852541   24.734130933
       1      11   33.358450709   36.076463250
       1      12   33.479177222   36.068681452
 -0.500000000 -0.125000000 -0.500000000      12
       1       1  -39.338436173  -49.490663354
       1       2  -18.520534913  -24.302369306
       1       3   -2.435436420   -6.195482847
       1       4   -0.801036340   -4.392777618
       1       5   -0.566684278   -4.085929744
       1       6   14.148397211   16.597339319
       1       7   15.819058151   18.092666705
       1       8   17.657528699   20.037261949
       1       9   19.698083496   22.515972983
       1      10   21.010363752   23.558774183
       1      11   33.235185438   35.888408215
       1      12   36.328164433   39.037901183
 -0.500000000 -0.125000000 -0.375000000      12
       1       1  -39.344261667  -49.500916520
       1       2  -18.602994562  -24.388498441
       1       3   -2.057408647   -5.770719186
       1       4   -0.840614590   -4.428387901
       1       5   -0.395004753   -3.921973600
       1       6   13.276147142   15.559875789
       1       7   15.844583362   18.291983944
       1       8   18.087256313   20.581208988
       1       9   19.468064239   22.036781603
       1      10   22.432206784   24.963066933
       1      11   32.007527482   34.627329355
       1      12   35.205121989   37.802414899
 -0.500000000 -0.125000000 -0.250000000      12
       1       1  -39.350776845  -49.498244257
       1       2  -18.691308562  -24.496566450
       1       3   -1.783190385   -5.484440347
       1       4   -0.787891401   -4.346078043
       1       5   -0.090713598   -3.596860791
       1       6   12.120536412   14.329800738
       1       7   15.732474258   18.164375468
       1       8   18.794548687   21.346023665
       1       9   19.196711739   21.823601133
       1      10   25.380802271   27.843116803
       1      11   29.928265607   32.450710243
       1      12   32.608560053   35.140300323
 -0.500000000 -0.125000000 -0.125000000      12
       1       1  -39.352397665  -49.523998348
       1       2  -18.734814720  -24.534522816
       1       3   -1.959111375   -5.707733068
       1       4   -0.350409146   -3.895831726
       1       5    0.088641493   -3.338407741
       1       6   11.222317373   13.320729256
       1       7   16.058443924   18.555145303
       1       8   18.880105372   21.428659876
       1       9   18.930703309   21.503077679
       1      10   28.822399225   31.375225726
       1      11   29.540618783   32.009420807
       1      12   29.672358995   32.152742506
 -0.375000000 -0.000000000  0.000000000      12
       1       1  -39.360798530  -49.521476392
       1       2  -18.814309530  -24.639893729
       1       3   -1.850794055   -5.593260888
       1       4    0.126071916   -3.286772405
       1       5    0.126072128   -3.286772193
       1       6   10.606107172   12.610778726
       1       7   16.621487786   19.108900504
       1       8   19.041404131   21.592122745
       1       9   19.041404207   21.592122821
       1      10   28.572576155   31.025373236
       1      11   29.358727435   31.870325403
       1      12   29.358727500   31.870325468
 -0.375000000 -0.000000000  0.125000000      12
       1       1  -39.352397665  -49.523815499
       1       2  -18.734814721  -24.534948503
       1       3   -1.959111382   -5.706776030
       1       4   -0.350409024   -3.894111275
       1       5    0.088641375   -3.337996692
       1       6   11.222317367   13.319457983
       1       7   16.058443943   18.551979619
       1       8   18.880105343   21.426599910
       1       9   18.930703326   21.503796449
       1      10   28.822399239   31.375628027
       1      11   29.540618737   32.008411083
       1      12   29.672359052   32.153651282
 -0.375000000  0.000000000  0.250000000      12
       1       1  -39.342075628  -49.487467898
       1       2  -18.614775360  -24.412616747
       1       3   -1.869477911   -5.579859746
       1       4   -1.167440644   -4.768803924
       1       5   -0.137764067   -3.594832672
       1       6   12.662810572   14.900080799
       1       7   15.189004001   17.565620875
       1       8   18.775484980   21.330867834
       1       9   19.004744314   21.668182337
       1      10   26.169967742   28.598508266
       1      11   30.842392491   33.480189349
       1      12   31.250516744   33.675124313
 -0.375000000  0.000000000  0.375000000      12
       1       1  -39.336834370  -49.490224788
       1       2  -18.524427558  -24.301167438
       1       3   -2.172747474   -5.927537209
       1       4   -1.229834040   -4.824341213
       1       5   -0.407269836   -3.896586011
       1       6   14.285862635   16.651859481
       1       7   14.661664404   16.989229596
       1       8   18.170143048   20.650989833
       1       9   19.329333371   22.049439209
       1      10   23.184659352   25.613121107
       1      11   33.591724596   36.229016739
       1      12   34.155591079   36.775506984
 -0.375000000 -0.000000000 -0.500000000      12
       1       1  -39.338436173  -49.490603739
       1       2  -18.520534913  -24.303202712
       1       3   -2.435436413   -6.195931876
       1       4   -0.801036376   -4.392764067
       1       5   -0.566684247   -4.086704252
       1       6   14.148397205   16.599387619
       1       7   15.819058164   18.091311763
       1       8   17.657528690   20.034921811
       1       9   19.698083490   22.518838685
       1      10   21.010363759   23.559067571
       1      11   33.235185442   35.889614247
       1      12   36.328164451   39.036542683
 -0.375000000  0.000000000 -0.375000000      12
       1       1  -39.346597955  -49.493224895
       1       2  -18.605479501  -24.390472520
       1       3   -2.198129402   -5.935259887
       1       4   -0.530730756   -4.037673197
       1       5   -0.530730609   -4.037673050
       1       6   13.330720251   15.699622426
       1       7   16.882167011   18.754940319
       1       8   17.990357432   20.400140977
       1       9   19.910851267   22.754783109
       1      10   19.910851301   22.754783143
       1      11   33.397422166   35.926246379
       1      12   35.873750124   38.593438400
 -0.375000000  0.000000000 -0.250000000      12
       1       1  -39.356710641  -49.510425388
       1       2  -18.725633688  -24.538367884
       1       3   -1.710813978   -5.381821658
       1       4   -0.439504361   -3.969645167
       1       5   -0.321929396   -3.799039177
       1       6   12.240240590   14.440036703
       1       7   16.737964991   19.021749063
       1       8   18.685047441   21.177661124
       1       9   19.804606310   22.549645521
       1      10   21.553946161   24.022701386
       1      11   33.271840653   35.877775007
       1      12   33.414701593   36.046252810
 -0.375000000 -0.000000000 -0.125000000      12
       1       1  -39.363779573  -49.498633956
       1       2  -18.810716731  -24.627032219
       1       3   -1.632192753   -5.315006591
       1       4   -0.094993012   -3.596679194
       1       5   -0.052110800   -3.496256829
       1       6   11.108429689   13.214079890
       1       7   16.557211096   18.979433566
       1       8   19.164498355   21.690909971
       1       9   19.429877408   22.088622379
       1      10   25.075453307   27.507337269
       1      11   30.614798264   33.171883771
       1      12   30.674310833   33.154683926
 -0.375000000  0.125000000  0.000000000      12
       1       1  -39.352397665  -49.523849431
       1       2  -18.734814721  -24.534689652
       1       3   -1.959111376   -5.706732655
       1       4   -0.350408969   -3.894089994
       1       5    0.088641313   -3.338037741
       1       6   11.222317364   13.319520791
       1       7   16.058443927   18.552025401
       1       8   18.880105404   21.426552641
       1       9   18.930703291   21.503762263
       1      10   28.822399204   31.375641903
       1      11   29.540618751   32.008386926
       1      12   29.672359078   32.153640987
 -0.375000000  0.125000000  0.125000000      12
       1       1  -39.349645013  -49.529490860
       1       2  -18.710059096  -24.514893451
       1       3   -2.080180820   -5.845476974
       1       4   -0.271113043   -3.797240209
       1       5   -0.025341511   -3.483178080
       1       6   11.273203044   13.367574506
       1       7   16.078256227   18.626923148
       1       8   18.735835347   21.246686211
       1       9   18.821034530   21.431360554
       1      10   27.454324663   29.952750139
       1      11   30.858208427   33.400092126
       1      12   31.233835993   33.854016502
 -0.375000000  0.125000000  0.250000000      12
       1       1  -39.343301605  -49.496515958
       1       2  -18.630100429  -24.419011333
       1       3   -1.988734046   -5.707367719
       1       4   -0.901297311   -4.464575971
       1       5   -0.156073891   -3.688849119
       1       6   12.341721923   14.580728229
       1       7   15.497501926   17.952318113
       1       8   18.657514280   21.292206587
       1       9   18.894699780   21.423515656
       1      10   27.266112599   29.791256793
       1      11   28.351058421   30.885550311
       1      12   33.767939102   36.380220950
  0.625000000  0.125000000  0.375000000      12
       1       1  -39.337694340  -49.497287046
       1       2  -18.540110937  -24.332625917
       1       3   -2.028180906   -5.740559723
       1       4   -1.295854896   -4.909857191
       1       5   -0.400440698   -3.939204775
       1       6   13.911126493   16.262278470
       1       7   15.084397697   17.550742857
       1       8   17.910970005   20.424331966
       1       9   19.098384607   21.671773533
       1      10   24.558831117   27.054024416
       1      11   30.053902699   32.627601155
       1      12   34.396378575   37.079274929
  0.625000000  0.125000000  0.500000000      12
       1       1  -39.335150605  -49.491411337
       1       2  -18.493842887  -24.269308827
       1       3   -2.415383962   -6.146787816
       1       4   -1.006918945   -4.619242217
       1       5   -0.567109325   -4.149472216
       1       6   14.601150612   17.173684995
       1       7   15.514270577   17.833916293
       1       8   17.206169260   19.639396398
       1       9   19.402763174   22.074106038
       1      10   22.179852522   24.734138755
       1      11   33.358450708   36.076539109
       1      12   33.479177235   36.068690149
 -0.375000000  0.125000000 -0.375000000      12
       1       1  -39.338436173  -49.490247690
       1       2  -18.520534913  -24.302009630
       1       3   -2.435436394   -6.196271638
       1       4   -0.801036367   -4.392566220
       1       5   -0.566684277   -4.087102960
       1       6   14.148397179   16.601315857
       1       7   15.819058187   18.089932470
       1       8   17.657528696   20.032541394
       1       9   19.698083490   22.522263794
       1      10   21.010363757   23.558681933
       1      11   33.235185450   35.890962569
       1      12   36.328164476   39.035204386
 -0.375000000  0.125000000 -0.250000000      12
       1       1  -39.344261666  -49.500500692
       1       2  -18.602994563  -24.388154156
       1       3   -2.057408606   -5.771587032
       1       4   -0.840614453   -4.428893284
       1       5   -0.395004937   -3.922327111
       1       6   13.276147112   15.563394281
       1       7   15.844583396   18.291584443
       1       8   18.087256325   20.576941087
       1       9   19.468064224   22.038468873
       1      10   22.432206789   24.965220246
       1      11   32.007527538   34.628029652
       1      12   35.205121960   37.800819991
 -0.375000000  0.125000000 -0.125000000      12
       1       1  -39.350776845  -49.498096375
       1       2  -18.691308563  -24.496763150
       1       3   -1.783190379   -5.483736147
       1       4   -0.787891205   -4.344046490
       1       5   -0.090713807   -3.596445751
       1       6   12.120536395   14.329063678
       1       7   15.732474266   18.160403971
       1       8   18.794548711   21.344237154
       1       9   19.196711742   21.824319328
       1      10   25.380802258   27.842822835
       1      11   29.928265684   32.451650280
       1      12   32.608560002   35.139882952
 -0.375000000  0.250000000 -0.000000000      12
       1       1  -39.342075628  -49.487602976
       1       2  -18.614775362  -24.412814937
       1       3   -1.869477948   -5.579833426
       1       4   -1.167440543   -4.768739344
       1       5   -0.137764126   -3.594922377
       1       6   12.662810557   14.900203781
       1       7   15.189003968   17.565726804
       1       8   18.775484987   21.330759081
       1       9   19.004744362   21.668035779
       1      10   26.169967741   28.598487119
       1      11   30.842392448   33.480208341
       1      12   31.250516770   33.675166751
 -0.375000000  0.250000000  0.125000000      12
       1       1  -39.343301605  -49.496617158
       1       2  -18.630100429  -24.419470174
       1       3   -1.988734072   -5.707365355
       1       4   -0.901297244   -4.464566151
       1       5   -0.156073926   -3.688881645
       1       6   12.341721920   14.580789891
       1       7   15.497501884   17.952361560
       1       8   18.657514349   21.292132410
       1       9   18.894699757   21.423449582
       1      10   27.266112587   29.791264426
       1      11   28.351058430   30.885558959
       1      12   33.767939065   36.380243681
  0.625000000  0.250000000  0.250000000      12
       1       1  -39.342075628  -49.483770967
       1       2  -18.614775360  -24.410473030
       1       3   -1.869477959   -5.578677116
       1       4   -1.167440697   -4.766253166
       1       5   -0.137763951   -3.593952864
       1       6   12.662810580   14.896977342
       1       7   15.189003960   17.563599074
       1       8   18.775484965   21.333067991
       1       9   19.004744347   21.664315178
       1      10   26.169967713   28.599677785
       1      11   30.842392468   33.478573885
       1      12   31.250516784   33.675253646
  0.625000000  0.250000000  0.375000000      12
       1       1  -39.340537128  -49.488595467
       1       2  -18.577750895  -24.364487709
       1       3   -1.675751074   -5.368128206
       1       4   -1.540028124   -5.162871473
       1       5   -0.263713038   -3.776797258
       1       6   13.397109872   15.710209638
       1       7   14.981035730   17.409081926
       1       8   18.387044406   20.916731740
       1       9   18.975750312   21.573679332
       1      10   27.137242841   29.626714321
       1      11   27.438971202   29.920715422
       1      12   35.055091324   37.628978326
  0.625000000  0.250000000  0.500000000      12
       1       1  -39.337694340  -49.497773520
       1       2  -18.540110937  -24.332541872
       1       3   -2.028180959   -5.739731929
       1       4   -1.295854812   -4.909981798
       1       5   -0.400440729   -3.939562805
       1       6   13.911126552   16.265189197
       1       7   15.084397608   17.548258451
       1       8   17.910970040   20.423700011
       1       9   19.098384611   21.672331364
       1      10   24.558831101   27.054536535
       1      11   30.053902718   32.627921129
       1      12   34.396378576   37.080568198
  0.625000000  0.250000000  0.625000000      12
       1       1  -39.336834370  -49.490354663
       1       2  -18.524427558  -24.299898488
       1       3   -2.172747474   -5.927145734
       1       4   -1.229834011   -4.824073786
       1       5   -0.407269867   -3.897436271
       1       6   14.285862628   16.650928249
       1       7   14.661664401   16.990698722
       1       8   18.170143059   20.646502578
       1       9   19.329333377   22.055949082
       1      10   23.184659345   25.612790051
       1      11   33.591724597   36.231295668
       1      12   34.155591090   36.777938215
 -0.375000000  0.250000000 -0.250000000      12
       1       1  -39.337694340  -49.498800295
       1       2  -18.540110939  -24.332422645
       1       3   -2.028180881   -5.742056681
       1       4   -1.295854767   -4.911469659
       1       5   -0.400440862   -3.940469549
       1       6   13.911126477   16.268578698
       1       7   15.084397705   17.549269725
       1       8   17.910970038   20.425078889
       1       9   19.098384595   21.673831478
       1      10   24.558831115   27.054373879
       1      11   30.053902732   32.627580400
       1      12   34.396378557   37.081397431
 -0.375000000  0.250000000 -0.125000000      12
       1       1  -39.340537128  -49.490400069
       1       2  -18.577750898  -24.365937582
       1       3   -1.675751017   -5.370000815
       1       4   -1.540027997   -5.164136089
       1       5   -0.263713236   -3.777545932
       1       6   13.397109815   15.711474368
       1       7   14.981035782   17.412447843
       1       8   18.387044438   20.917392305
       1       9   18.975750305   21.573459969
       1      10   27.137242871   29.625722803
       1      11   27.438971199   29.921117774
       1      12   35.055091310   37.628312347
 -0.375000000  0.375000000 -0.000000000      12
       1       1  -39.336834370  -49.490409349
       1       2  -18.524427559  -24.301847302
       1       3   -2.172747522   -5.927539557
       1       4   -1.229833924   -4.824305061
       1       5   -0.407269892   -3.896681863
       1       6   14.285862576   16.651911506
       1       7   14.661664396   16.989283987
       1       8   18.170143075   20.650970943
       1       9   19.329333406   22.049302865
       1      10   23.184659346   25.613124349
       1      11   33.591724555   36.228956877
       1      12   34.155591041   36.775454484
  0.625000000  0.375000000  0.125000000      12
       1       1  -39.337694340  -49.497369845
       1       2  -18.540110938  -24.333312026
       1       3   -2.028180975   -5.740567058
       1       4   -1.295854808   -4.909849503
       1       5   -0.400440703   -3.939250508
       1       6   13.911126496   16.262358018
       1       7   15.084397629   17.550821213
       1       8   17.910970048   20.424225132
       1       9   19.098384612   21.671687465
       1      10   24.558831116   27.054007995
       1      11   30.053902692   32.627599553
       1      12   34.396378555   37.079219857
  0.625000000  0.375000000  0.250000000      12
       1       1  -39.340537128  -49.488577130
       1       2  -18.577750895  -24.364711867
       1       3   -1.675751105   -5.368139020
       1       4   -1.540028123   -5.162876565
       1       5   -0.263713000   -3.776809966
       1       6   13.397109864   15.710218809
       1       7   14.981035724   17.409116796
       1       8   18.387044414   20.916691669
       1       9   18.975750296   21.573665861
       1      10   27.137242840   29.626699106
       1      11   27.438971200   29.920704291
       1      12   35.055091316   37.628953691
  0.625000000  0.375000000  0.375000000      12
       1       1  -39.342075628  -49.487729866
       1       2  -18.614775358  -24.411418580
       1       3   -1.869478044   -5.579030517
       1       4   -1.167440612   -4.769507071
       1       5   -0.137763951   -3.594452722
       1       6   12.662810617   14.900417358
       1       7   15.189003916   17.564646426
       1       8   18.775484968   21.335222893
       1       9   19.004744349   21.666155354
       1      10   26.169967703   28.598616195
       1      11   30.842392489   33.478994344
       1      12   31.250516780   33.675319718
  0.625000000  0.375000000  0.500000000      12
       1       1  -39.343301605  -49.500961698
       1       2  -18.630100427  -24.419889649
       1       3   -1.988734146   -5.707266855
       1       4   -0.901297155   -4.466864659
       1       5   -0.156073947   -3.690410966
       1       6   12.341721974   14.587488763
       1       7   15.497501836   17.950645934
       1       8   18.657514337   21.295230931
       1       9   18.894699766   21.424299160
       1      10   27.266112516   29.791092377
       1      11   28.351058526   30.885578201
       1      12   33.767939035   36.380549266
 -0.375000000 -0.625000000 -0.375000000      12
       1       1  -39.342075628  -49.488033281
       1       2  -18.614775360  -24.411843789
       1       3   -1.869478004   -5.580693385
       1       4   -1.167440520   -4.770365959
       1       5   -0.137764100   -3.595733544
       1       6   12.662810613   14.903017421
       1       7   15.189003941   17.568068783
       1       8   18.775484981   21.327535540
       1       9   19.004744332   21.673574891
       1      10   26.169967730   28.596864022
       1      11   30.842392522   33.481369508
       1      12   31.250516733   33.675535280
 -0.375000000 -0.625000000 -0.250000000      12
       1       1  -39.340537128  -49.490444793
       1       2  -18.577750896  -24.365510224
       1       3   -1.675751105   -5.370643407
       1       4   -1.540027943   -5.166721670
       1       5   -0.263713202   -3.777983110
       1       6   13.397109847   15.712032887
       1       7   14.981035774   17.417135529
       1       8   18.387044409   20.918653937
       1       9   18.975750294   21.573020761
       1      10   27.137242866   29.624535571
       1      11   27.438971207   29.921707121
       1      12   35.055091327   37.627431818
 -0.375000000 -0.625000000 -0.125000000      12
       1       1  -39.337694340  -49.499239919
       1       2  -18.540110939  -24.333834297
       1       3   -2.028180944   -5.741631936
       1       4   -1.295854685   -4.911604978
       1       5   -0.400440873   -3.940266842
       1       6   13.911126473   16.266040592
       1       7   15.084397682   17.550964570
       1       8   17.910970036   20.425702538
       1       9   19.098384610   21.673113051
       1      10   24.558831122   27.054077230
       1      11   30.053902717   32.627338050
       1      12   34.396378537   37.079817444
 -0.375000000 -0.500000000  0.000000000      12
       1       1  -39.338436173  -49.490826844
       1       2  -18.520534914  -24.303528848
       1       3   -2.435436446   -6.195907241
       1       4   -0.801036271   -4.392785511
       1       5   -0.566684301   -4.086778934
       1       6   14.148397169   16.599468790
       1       7   15.819058129   18.091258907
       1       8   17.657528699   20.034952684
       1       9   19.698083517   22.518757051
       1      10   21.010363766   23.559021583
       1      11   33.235185405   35.889625599
       1      12   36.328164508   39.036186489
  0.625000000  0.500000000  0.125000000      12
       1       1  -39.335150605  -49.491532650
       1       2  -18.493842887  -24.269633975
       1       3   -2.415384008   -6.146772596
       1       4   -1.006918941   -4.619274797
       1       5   -0.567109263   -4.149518044
       1       6   14.601150598   17.173800291
       1       7   15.514270557   17.833902378
       1       8   17.206169236   19.639333119
       1       9   19.402763188   22.074043795
       1      10   22.179852534   24.734089747
       1      11   33.358450666   36.076539102
       1      12   33.479177232   36.068760150
  0.625000000  0.500000000  0.250000000      12
       1       1  -39.337694340  -49.497724049
       1       2  -18.540110937  -24.331425733
       1       3   -2.028180975   -5.739696507
       1       4   -1.295854895   -4.910015662
       1       5   -0.400440616   -3.939587167
       1       6   13.911126525   16.265276933
       1       7   15.084397653   17.548277051
       1       8   17.910969979   20.423639038
       1       9   19.098384611   21.672272517
       1      10   24.558831101   27.054552403
       1      11   30.053902717   32.627855290
       1      12   34.396378554   37.080565252
 -0.375000000 -0.500000000 -0.625000000      12
       1       1  -39.343301605  -49.500930366
       1       2  -18.630100427  -24.418552174
       1       3   -1.988734135   -5.707233548
       1       4   -0.901297277   -4.466886949
       1       5   -0.156073827   -3.690413100
       1       6   12.341721965   14.587554965
       1       7   15.497501866   17.950635030
       1       8   18.657514304   21.295170890
       1       9   18.894699755   21.424285071
       1      10   27.266112491   29.791093604
       1      11   28.351058523   30.885568510
       1      12   33.767939140   36.380474613
 -0.375000000 -0.500000000 -0.500000000      12
       1       1  -39.349645013  -49.533386532
       1       2  -18.710059093  -24.514609463
       1       3   -2.080180903   -5.844852459
       1       4   -0.271112958   -3.799957534
       1       5   -0.025341511   -3.483404824
       1       6   11.273203091   13.371558275
       1       7   16.078256156   18.626920797
       1       8   18.735835347   21.248540637
       1       9   18.821034535   21.433082197
       1      10   27.454324676   29.951379717
       1      11   30.858208455   33.399493713
       1      12   31.233835981   33.854463223
 -0.375000000 -0.500000000 -0.375000000      12
       1       1  -39.352397665  -49.523832004
       1       2  -18.734814719  -24.533034903
       1       3   -1.959111458   -5.706769010
       1       4   -0.350408913   -3.895779297
       1       5    0.088641340   -3.338172901
       1       6   11.222317412   13.320537377
       1       7   16.058443870   18.555100205
       1       8   18.880105376   21.428748383
       1       9   18.930703303   21.502990824
       1      10   28.822399220   31.374892786
       1      11   29.540618704   32.010053560
       1      12   29.672359156   32.151544881
 -0.375000000 -0.500000000 -0.250000000      12
       1       1  -39.350776845  -49.498069469
       1       2  -18.691308562  -24.496535756
       1       3   -1.783190469   -5.484209437
       1       4   -0.787891162   -4.345871209
       1       5   -0.090713754   -3.596411960
       1       6   12.120536430   14.326670726
       1       7   15.732474228   18.165963786
       1       8   18.794548667   21.348348334
       1       9   19.196711752   21.821940035
       1      10   25.380802257   27.843061844
       1      11   29.928265692   32.450442706
       1      12   32.608560062   35.140282971
 -0.375000000 -0.500000000 -0.125000000      12
       1       1  -39.344261667  -49.500868313
       1       2  -18.602994563  -24.389761764
       1       3   -2.057408679   -5.770760314
       1       4   -0.840614392   -4.428304423
       1       5   -0.395004910   -3.921847904
       1       6   13.276147119   15.559363977
       1       7   15.844583369   18.291951442
       1       8   18.087256286   20.581533961
       1       9   19.468064239   22.036765092
       1      10   22.432206805   24.963225953
       1      11   32.007527521   34.627092879
       1      12   35.205121945   37.802157608
 -0.375000000 -0.375000000  0.000000000      12
       1       1  -39.346597955  -49.493331393
       1       2  -18.605479502  -24.390797303
       1       3   -2.198129448   -5.935245456
       1       4   -0.530730773   -4.037723044
       1       5   -0.530730525   -4.037722795
       1       6   13.330720235   15.699609942
       1       7   16.882166968   18.754833314
       1       8   17.990357397   20.400198772
       1       9   19.910851299   22.754733959
       1      10   19.910851329   22.754733988
       1      11   33.397422117   35.926308986
       1      12   35.873750173   38.584563205
 -0.375000000 -0.375000000  0.125000000      12
       1       1  -39.338436173  -49.490326234
       1       2  -18.520534913  -24.302903339
       1       3   -2.435436451   -6.196289460
       1       4   -0.801036410   -4.392601712
       1       5   -0.566684157   -4.087149144
       1       6   14.148397185   16.601316078
       1       7   15.819058173   18.089924492
       1       8   17.657528616   20.032607609
       1       9   19.698083524   22.522155408
       1      10   21.010363774   23.558691450
       1      11   33.235185402   35.891000568
       1      12   36.328164498   39.034877429
  0.625000000  0.625000000  0.250000000      12
       1       1  -39.336834370  -49.490262529
       1       2  -18.524427557  -24.299356814
       1       3   -2.172747521   -5.927142183
       1       4   -1.229834070   -4.824100406
       1       5   -0.407269745   -3.897466025
       1       6   14.285862661   16.650946807
       1       7   14.661664387   16.990707597
       1       8   18.170142973   20.646572958
       1       9   19.329333402   22.055787072
       1      10   23.184659340   25.612889657
       1      11   33.591724594   36.231317494
       1      12   34.155591046   36.777957347
 -0.375000000 -0.375000000 -0.625000000      12
       1       1  -39.342075628  -49.488006026
       1       2  -18.614775358  -24.410575109
       1       3   -1.869477996   -5.580636069
       1       4   -1.167440644   -4.770400412
       1       5   -0.137763974   -3.595746035
       1       6   12.662810614   14.903085908
       1       7   15.189003961   17.568129330
       1       8   18.775484930   21.327524736
       1       9   19.004744341   21.673429851
       1      10   26.169967688   28.597019984
       1      11   30.842392521   33.481383973
       1      12   31.250516785   33.675297421
 -0.375000000 -0.375000000 -0.500000000      12
       1       1  -39.352397665  -49.523836236
       1       2  -18.734814718  -24.533102144
       1       3   -1.959111461   -5.706772873
       1       4   -0.350409037   -3.895773589
       1       5    0.088641470   -3.338174327
       1       6   11.222317412   13.320554433
       1       7   16.058443884   18.555144507
       1       8   18.880105368   21.428693002
       1       9   18.930703294   21.502982538
       1      10   28.822399196   31.374923091
       1      11   29.540618778   32.009973488
       1      12   29.672359080   32.151613475
 -0.375000000 -0.375000000 -0.375000000      12
       1       1  -39.360798530  -49.520513216
       1       2  -18.814309527  -24.636636865
       1       3   -1.850794135   -5.595224582
       1       4    0.126071967   -3.286373319
       1       5    0.126072158   -3.286373127
       1       6   10.606107215   12.611249196
       1       7   16.621487711   19.112789153
       1       8   19.041404163   21.590634728
       1       9   19.041404179   21.590634743
       1      10   28.572576238   31.022624663
       1      11   29.358727399   31.873578648
       1      12   29.358727519   31.873578767
 -0.375000000 -0.375000000 -0.250000000      12
       1       1  -39.363779573  -49.497663075
       1       2  -18.810716729  -24.625216115
       1       3   -1.632192836   -5.317683423
       1       4   -0.094993014   -3.596642762
       1       5   -0.052110707   -3.495172773
       1       6   11.108429718   13.211372349
       1       7   16.557211033   18.985386816
       1       8   19.164498323   21.692787876
       1       9   19.429877437   22.083875865
       1      10   25.075453298   27.508785987
       1      11   30.614798333   33.171035853
       1      12   30.674310871   33.158774682
 -0.375000000 -0.375000000 -0.125000000      12
       1       1  -39.356710641  -49.510320509
       1       2  -18.725633687  -24.538797668
       1       3   -1.710814051   -5.381368569
       1       4   -0.439504364   -3.969667600
       1       5   -0.321929305   -3.798103384
       1       6   12.240240594   14.437291191
       1       7   16.737964948   19.023185930
       1       8   18.685047398   21.180553441
       1       9   19.804606343   22.546168556
       1      10   21.553946171   24.022818612
       1      11   33.271840694   35.879079438
       1      12   33.414701595   36.044878195
 -0.375000000 -0.250000000 -0.000000000      12
       1       1  -39.356710641  -49.510418764
       1       2  -18.725633688  -24.539282950
       1       3   -1.710814050   -5.381848187
       1       4   -0.439504216   -3.969631527
       1       5   -0.321929453   -3.799101471
       1       6   12.240240581   14.439938847
       1       7   16.737964953   19.021705588
       1       8   18.685047421   21.177730567
       1       9   19.804606350   22.549644458
       1      10   21.553946157   24.022560860
       1      11   33.271840665   35.877909834
       1      12   33.414701539   36.046362116
 -0.375000000 -0.250000000  0.125000000      12
       1       1  -39.344261667  -49.500465922
       1       2  -18.602994563  -24.389631324
       1       3   -2.057408692   -5.771636210
       1       4   -0.840614393   -4.428936286
       1       5   -0.395004896   -3.922331767
       1       6   13.276147121   15.563314474
       1       7   15.844583375   18.291583294
       1       8   18.087256280   20.577016425
       1       9   19.468064242   22.038445483
       1      10   22.432206798   24.965158412
       1      11   32.007527502   34.628079406
       1      12   35.205121955   37.800857034
 -0.375000000 -0.250000000  0.250000000      12
       1       1  -39.337694340  -49.496863128
       1       2  -18.540110937  -24.333467234
       1       3   -2.028180965   -5.742100706
       1       4   -1.295854755   -4.911472553
       1       5   -0.400440780   -3.940485562
       1       6   13.911126525   16.268486724
       1       7   15.084397681   17.549312472
       1       8   17.910969970   20.425107616
       1       9   19.098384612   21.673831081
       1      10   24.558831106   27.054395282
       1      11   30.053902726   32.627530931
       1      12   34.396378548   37.081264898
 -0.375000000 -0.250000000 -0.625000000      12
       1       1  -39.340537129  -49.488573706
       1       2  -18.577750895  -24.365825937
       1       3   -1.675751134   -5.370657419
       1       4   -1.540027996   -5.166706811
       1       5   -0.263713117   -3.777984661
       1       6   13.397109882   15.712036198
       1       7   14.981035767   17.417193618
       1       8   18.387044382   20.918619842
       1       9   18.975750287   21.573002160
       1      10   27.137242822   29.624602723
       1      11   27.438971220   29.921659012
       1      12   35.055091336   37.627388569
 -0.375000000 -0.250000000 -0.500000000      12
       1       1  -39.350776845  -49.498172594
       1       2  -18.691308560  -24.496613837
       1       3   -1.783190484   -5.484233863
       1       4   -0.787891213   -4.345836773
       1       5   -0.090713691   -3.596394914
       1       6   12.120536443   14.326696299
       1       7   15.732474235   18.166057833
       1       8   18.794548691   21.348244918
       1       9   19.196711721   21.821916147
       1      10   25.380802280   27.843085151
       1      11   29.928265594   32.450579851
       1      12   32.608560071   35.140269673
 -0.375000000 -0.250000000 -0.375000000      12
       1       1  -39.363779573  -49.497761918
       1       2  -18.810716729  -24.625226395
       1       3   -1.632192845   -5.317697723
       1       4   -0.094992883   -3.596606047
       1       5   -0.052110834   -3.495169235
       1       6   11.108429725   13.211386510
       1       7   16.557211032   18.985434342
       1       8   19.164498337   21.692718212
       1       9   19.429877440   22.083855607
       1      10   25.075453316   27.508861782
       1      11   30.614798325   33.171000281
       1      12   30.674310777   33.158893757
 -0.375000000 -0.250000000 -0.250000000      12
       1       1  -39.370452057  -49.495593099
       1       2  -18.868254148  -24.699623544
       1       3   -1.335625461   -4.977162845
       1       4   -0.268052599   -3.787616572
       1       5    0.217794890   -3.194201645
       1       6   10.845998689   12.911330590
       1       7   16.731143239   19.150557519
       1       8   19.563313234   22.141519192
       1       9   19.705588772   22.294416446
       1      10   27.021730646   29.589692414
       1      11   27.035427392   29.369662529
       1      12   29.808729171   32.220782095
 -0.375000000 -0.250000000 -0.125000000      12
       1       1  -39.367884326  -49.512394101
       1       2  -18.833934196  -24.651534269
       1       3   -1.295290929   -4.914258024
       1       4   -0.437290267   -3.958404562
       1       5    0.029143624   -3.462719119
       1       6   11.333383665   13.486107333
       1       7   16.833675687   19.171689670
       1       8   19.360140484   21.919516591
       1       9   19.818495696   22.493108953
       1      10   23.401023006   25.828714995
       1      11   30.741024031   33.275148564
       1      12   30.801501313   33.326021954
 -0.375000000 -0.125000000  0.000000000      12
       1       1  -39.363779573  -49.498660297
       1       2  -18.810716731  -24.627716603
       1       3   -1.632192787   -5.315029092
       1       4   -0.094992909   -3.596648453
       1       5   -0.052110860   -3.496296788
       1       6   11.108429685   13.214056930
       1       7   16.557211078   18.979440744
       1       8   19.164498312   21.690926222
       1       9   19.429877464   22.088637720
       1      10   25.075453301   27.507220129
       1      11   30.614798250   33.171956234
       1      12   30.674310836   33.154782419
 -0.375000000 -0.125000000  0.125000000      12
       1       1  -39.350776845  -49.498088651
       1       2  -18.691308563  -24.497712939
       1       3   -1.783190439   -5.483803057
       1       4   -0.787891176   -4.344048208
       1       5   -0.090713767   -3.596425578
       1       6   12.120536400   14.328975969
       1       7   15.732474261   18.160362937
       1       8   18.794548670   21.344299292
       1       9   19.196711765   21.824358008
       1      10   25.380802263   27.842710484
       1      11   29.928265657   32.451771716
       1      12   32.608560010   35.139958030
 -0.375000000 -0.125000000  0.250000000      12
       1       1  -39.340537129  -49.488490849
       1       2  -18.577750896  -24.366444811
       1       3   -1.675751128   -5.370057039
       1       4   -1.540027944   -5.164135861
       1       5   -0.263713176   -3.777515464
       1       6   13.397109851   15.711406051
       1       7   14.981035780   17.412394162
       1       8   18.387044398   20.917434593
       1       9   18.975750297   21.573509241
       1      10   27.137242863   29.625740041
       1      11   27.438971200   29.921098860
       1      12   35.055091320   37.628225184
 -0.375000000 -0.125000000 -0.625000000      12
       1       1  -39.337694340  -49.497280258
       1       2  -18.540110937  -24.333856907
       1       3   -2.028180942   -5.741637059
       1       4   -1.295854763   -4.911601898
       1       5   -0.400440804   -3.940230648
       1       6   13.911126536   16.266022775
       1       7   15.084397672   17.550982481
       1       8   17.910970012   20.425686882
       1       9   19.098384584   21.673120333
       1      10   24.558831123   27.054087518
       1      11   30.053902693   32.627384795
       1      12   34.396378582   37.079727616
 -0.375000000 -0.125000000 -0.500000000      12
       1       1  -39.344261667  -49.500883653
       1       2  -18.602994561  -24.389545265
       1       3   -2.057408674   -5.770777282
       1       4   -0.840614451   -4.428266552
       1       5   -0.395004868   -3.921807967
       1       6   13.276147150   15.559376464
       1       7   15.844583378   18.291999425
       1       8   18.087256309   20.581446449
       1       9   19.468064199   22.036790432
       1      10   22.432206808   24.963292677
       1      11   32.007527462   34.627175004
       1      12   35.205121986   37.802325115
 -0.375000000 -0.125000000 -0.375000000      12
       1       1  -39.356710641  -49.510452361
       1       2  -18.725633686  -24.538579069
       1       3   -1.710814039   -5.381383122
       1       4   -0.439504266   -3.969607917
       1       5   -0.321929428   -3.798077502
       1       6   12.240240611   14.437387704
       1       7   16.737964954   19.023278600
       1       8   18.685047445   21.180421211
       1       9   19.804606326   22.546161596
       1      10   21.553946155   24.022920859
       1      11   33.271840606   35.879161920
       1      12   33.414701598   36.044813265
 -0.375000000 -0.125000000 -0.250000000      12
       1       1  -39.367884326  -49.512427131
       1       2  -18.833934196  -24.651305582
       1       3   -1.295290902   -4.914253754
       1       4   -0.437290269   -3.958382225
       1       5    0.029143589   -3.462700350
       1       6   11.333383673   13.486185567
       1       7   16.833675698   19.171727107
       1       8   19.360140513   21.919462421
       1       9   19.818495674   22.493125705
       1      10   23.401023006   25.828746329
       1      11   30.741024011   33.275109414
       1      12   30.801501304   33.325983752
 -0.375000000 -0.125000000 -0.125000000      12
       1       1  -39.370452057  -49.496491722
       1       2  -18.868254149  -24.701664308
       1       3   -1.335625400   -4.974053932
       1       4   -0.268052661   -3.787617582
       1       5    0.217794891   -3.194327567
       1       6   10.845998669   12.910893389
       1       7   16.731143278   19.147034635
       1       8   19.563313231   22.141802674
       1       9   19.705588769   22.295473954
       1      10   27.021730642   29.590135678
       1      11   27.035427396   29.367070236
       1      12   29.808729129   32.218559069
 -0.250000000 -0.000000000  0.000000000      12
       1       1  -39.384425109  -49.500627684
       1       2  -18.968645791  -24.848528544
       1       3   -1.039210447   -4.639028008
       1       4    0.195286019   -3.202631526
       1       5    0.195286232   -3.202631313
       1       6   10.206995560   12.163175302
       1       7   17.693610782   20.086651567
       1       8   20.241450877   22.839735876
       1       9   20.241450949   22.839735948
       1      10   26.637817164   29.161050016
       1      11   27.213312783   29.581733366
       1      12   27.213312830   29.581733413
 -0.250000000 -0.000000000  0.125000000      12
       1       1  -39.370452057  -49.496310104
       1       2  -18.868254150  -24.702120901
       1       3   -1.335625442   -4.973367856
       1       4   -0.268052496   -3.785587092
       1       5    0.217794772   -3.193916519
       1       6   10.845998653   12.910311030
       1       7   16.731143303   19.142898089
       1       8   19.563313242   22.142630329
       1       9   19.705588743   22.293371604
       1      10   27.021730660   29.590322075
       1      11   27.035427357   29.366106334
       1      12   29.808729195   32.219766074
 -0.250000000 -0.000000000  0.250000000      12
       1       1  -39.353305168  -49.491667331
       1       2  -18.721685679  -24.560543273
       1       3   -1.524625093   -5.208618712
       1       4   -1.003420335   -4.577048551
       1       5    0.076056977   -3.349448060
       1       6   11.915141966   14.066941380
       1       7   15.560009256   17.951701894
       1       8   19.167654618   21.778594328
       1       9   19.171832304   21.806909427
       1      10   28.616269125   30.875269810
       1      11   28.656112297   31.290257933
       1      12   28.703047674   31.122925770
 -0.250000000  0.000000000  0.375000000      12
       1       1  -39.342075628  -49.487530761
       1       2  -18.614775360  -24.412853137
       1       3   -1.869477978   -5.580951225
       1       4   -1.167440576   -4.770824218
       1       5   -0.137764067   -3.595516673
       1       6   12.662810603   14.903018155
       1       7   15.189003960   17.566565878
       1       8   18.775484983   21.332201845
       1       9   19.004744315   21.670075836
       1      10   26.169967733   28.598256922
       1      11   30.842392516   33.480588537
       1      12   31.250516739   33.674066848
 -0.250000000  0.000000000 -0.500000000      12
       1       1  -39.344303509  -49.503785278
       1       2  -18.616666975  -24.442880392
       1       3   -2.035107094   -5.774021490
       1       4   -0.839045656   -4.394414037
       1       5   -0.303640148   -3.793640324
       1       6   12.780149468   15.012916269
       1       7   15.600403391   18.045997913
       1       8   18.466371565   20.955039930
       1       9   19.277022452   22.001868432
       1      10   23.717046300   26.146583495
       1      11   32.538068551   35.186955158
       1      12   33.252176386   35.836606789
 -0.250000000 -0.000000000 -0.375000000      12
       1       1  -39.356710641  -49.510392775
       1       2  -18.725633687  -24.539418848
       1       3   -1.710814018   -5.381914191
       1       4   -0.439504319   -3.969505110
       1       5   -0.321929396   -3.798852008
       1       6   12.240240604   14.439471925
       1       7   16.737964964   19.021940236
       1       8   18.685047446   21.177919323
       1       9   19.804606312   22.549134689
       1      10   21.553946161   24.023299288
       1      11   33.271840644   35.877704401
       1      12   33.414701585   36.046050472
 -0.250000000  0.000000000 -0.250000000      12
       1       1  -39.373992695  -49.527892442
       1       2  -18.871787369  -24.734006396
       1       3   -1.100239586   -4.675966879
       1       4   -0.188402002   -3.652247050
       1       5   -0.188401852   -3.652246900
       1       6   11.258848082   13.376070807
       1       7   18.562449602   20.474031279
       1       8   19.453354803   21.952525106
       1       9   20.272586544   23.037575904
       1      10   20.272586574   23.037575935
       1      11   32.610910425   35.228285571
       1      12   32.610910458   35.228285604
 -0.250000000  0.000000000 -0.125000000      12
       1       1  -39.385155979  -49.519240951
       1       2  -18.969881371  -24.818442766
       1       3   -0.806855054   -4.366736920
       1       4    0.027130181   -3.403751116
       1       5    0.074024742   -3.409639248
       1       6   10.415892997   12.461666638
       1       7   18.251919705   20.593866702
       1       8   20.278335974   22.808647045
       1       9   20.438413105   23.113360710
       1      10   22.943156270   25.348563037
       1      11   29.100885871   31.649249405
       1      12   29.287355478   31.788331781
 -0.250000000  0.125000000  0.000000000      12
       1       1  -39.370452057  -49.496343985
       1       2  -18.868254150  -24.701860331
       1       3   -1.335625398   -4.973316709
       1       4   -0.268052482   -3.785575610
       1       5    0.217794708   -3.193957570
       1       6   10.845998648   12.910375292
       1       7   16.731143302   19.142945573
       1       8   19.563313207   22.142591901
       1       9   19.705588801   22.293323397
       1      10   27.021730615   29.590364986
       1      11   27.035427386   29.366083205
       1      12   29.808729222   32.219733168
 -0.250000000  0.125000000  0.125000000      12
       1       1  -39.363779573  -49.494807280
       1       2  -18.810716731  -24.626668032
       1       3   -1.632192796   -5.314437488
       1       4   -0.094993071   -3.593683225
       1       5   -0.052110683   -3.495020476
       1       6   11.108429666   13.207316571
       1       7   16.557211102   18.981120782
       1       8   19.164498324   21.691616501
       1       9   19.429877437   22.083791900
       1      10   25.075453291   27.508155200
       1      11   30.614798271   33.170239315
       1      12   30.674310887   33.156097711
 -0.250000000  0.125000000  0.250000000      12
       1       1  -39.350776845  -49.494234217
       1       2  -18.691308562  -24.496660021
       1       3   -1.783190462   -5.483353355
       1       4   -0.787891268   -4.341753565
       1       5   -0.090713643   -3.594339285
       1       6   12.120536380   14.322232087
       1       7   15.732474286   18.161247875
       1       8   18.794548653   21.344653657
       1       9   19.196711759   21.821458952
       1      10   25.380802264   27.842941171
       1      11   29.928265661   32.451598005
       1      12   32.608560053   35.139448154
 -0.250000000  0.125000000  0.375000000      12
       1       1  -39.340537128  -49.488560095
       1       2  -18.577750895  -24.365449381
       1       3   -1.675751206   -5.370039517
       1       4   -1.540027945   -5.164145409
       1       5   -0.263713086   -3.777485004
       1       6   13.397109829   15.711398532
       1       7   14.981035784   17.412373696
       1       8   18.387044392   20.917450098
       1       9   18.975750310   21.573526401
       1      10   27.137242862   29.625757742
       1      11   27.438971209   29.921107645
       1      12   35.055091300   37.628290562
 -0.250000000  0.125000000 -0.500000000      12
       1       1  -39.337694340  -49.497349479
       1       2  -18.540110937  -24.332854532
       1       3   -2.028180939   -5.741639259
       1       4   -1.295854834   -4.911603651
       1       5   -0.400440726   -3.940195375
       1       6   13.911126539   16.266011103
       1       7   15.084397618   17.550963018
       1       8   17.910970043   20.425703155
       1       9   19.098384608   21.673138083
       1      10   24.558831105   27.054098501
       1      11   30.053902738   32.627399585
       1      12   34.396378549   37.079795327
 -0.250000000  0.125000000 -0.375000000      12
       1       1  -39.344261666  -49.500467826
       1       2  -18.602994563  -24.389200977
       1       3   -2.057408621   -5.771645120
       1       4   -0.840614590   -4.428772115
       1       5   -0.395004778   -3.922161296
       1       6   13.276147126   15.562894959
       1       7   15.844583366   18.291599897
       1       8   18.087256325   20.577178553
       1       9   19.468064237   22.038477753
       1      10   22.432206779   24.965445940
       1      11   32.007527527   34.627875310
       1      12   35.205121983   37.800730230
 -0.250000000  0.125000000 -0.250000000      12
       1       1  -39.356710641  -49.510036252
       1       2  -18.725633688  -24.538238204
       1       3   -1.710813952   -5.382333269
       1       4   -0.439504356   -3.969215757
       1       5   -0.321929427   -3.799250717
       1       6   12.240240580   14.441440699
       1       7   16.737965001   19.020586178
       1       8   18.685047443   21.175397539
       1       9   19.804606308   22.552680902
       1      10   21.553946157   24.022971231
       1      11   33.271840700   35.876254450
       1      12   33.414701624   36.047439938
 -0.250000000  0.125000000 -0.125000000      12
       1       1  -39.367884326  -49.512279694
       1       2  -18.833934198  -24.651508023
       1       3   -1.295290844   -4.913824678
       1       4   -0.437290127   -3.956026615
       1       5    0.029143385   -3.462332008
       1       6   11.333383647   13.485795753
       1       7   16.833675740   19.167223334
       1       8   19.360140510   21.918618747
       1       9   19.818495672   22.493102008
       1      10   23.401022996   25.828320299
       1      11   30.741024003   33.274734917
       1      12   30.801501386   33.326961747
 -0.250000000  0.250000000  0.000000000      12
       1       1  -39.353305168  -49.491735250
       1       2  -18.721685681  -24.560016310
       1       3   -1.524624977   -5.208499288
       1       4   -1.003420392   -4.577048319
       1       5    0.076056916   -3.349530095
       1       6   11.915141935   14.067073324
       1       7   15.560009264   17.951809711
       1       8   19.167654664   21.778495629
       1       9   19.171832296   21.806810247
       1      10   28.616269170   30.875226026
       1      11   28.656112244   31.290355193
       1      12   28.703047693   31.122853199
 -0.250000000  0.250000000  0.125000000      12
       1       1  -39.350776845  -49.494268170
       1       2  -18.691308563  -24.496399604
       1       3   -1.783190443   -5.483306018
       1       4   -0.787891243   -4.341749266
       1       5   -0.090713685   -3.594368868
       1       6   12.120536369   14.322296898
       1       7   15.732474263   18.161296479
       1       8   18.794548691   21.344607019
       1       9   19.196711763   21.821416514
       1      10   25.380802252   27.842951879
       1      11   29.928265684   32.451562741
       1      12   32.608560035   35.139460082
 -0.250000000  0.250000000  0.250000000      12
       1       1  -39.344303509  -49.496192937
       1       2  -18.616666976  -24.440034849
       1       3   -2.035107143   -5.773125638
       1       4   -0.839045698   -4.388316415
       1       5   -0.303640034   -3.791542075
       1       6   12.780149402   15.000140791
       1       7   15.600403434   18.049513425
       1       8   18.466371530   20.956080342
       1       9   19.277022484   21.992999812
       1      10   23.717046297   26.147045986
       1      11   32.538068528   35.183655250
       1      12   33.252176451   35.839711430
 -0.250000000  0.250000000  0.375000000      12
       1       1  -39.337694340  -49.493554499
       1       2  -18.540110937  -24.331437107
       1       3   -2.028181052   -5.741068241
       1       4   -1.295854753   -4.909086583
       1       5   -0.400440680   -3.938715572
       1       6   13.911126465   16.259730476
       1       7   15.084397702   17.552353877
       1       8   17.910969987   20.424764922
       1       9   19.098384626   21.671257940
       1      10   24.558831120   27.053569594
       1      11   30.053902709   32.627109605
       1      12   34.396378527   37.077974182
  0.750000000  0.250000000  0.500000000      12
       1       1  -39.335514476  -49.501426962
       1       2  -18.507921984  -24.329222849
       1       3   -1.750046301   -5.424653012
       1       4   -1.750046067   -5.424652779
       1       5   -0.467771442   -4.002329202
       1       6   14.823237161   17.295081801
       1       7   14.823237274   17.295081914
       1       8   17.159828038   19.614196695
       1       9   18.983882496   21.555378302
       1      10   27.073053997   29.579520246
       1      11   27.073054097   29.579520346
       1      12   33.601213606   36.359814462
 -0.250000000  0.250000000 -0.375000000      12
       1       1  -39.337694340  -49.496993380
       1       2  -18.540110938  -24.331670075
       1       3   -2.028180882   -5.742059330
       1       4   -1.295854888   -4.911472049
       1       5   -0.400440730   -3.940433441
       1       6   13.911126466   16.268564641
       1       7   15.084397707   17.549249963
       1       8   17.910970023   20.425092443
       1       9   19.098384607   21.673848608
       1      10   24.558831112   27.054378249
       1      11   30.053902727   32.627579683
       1      12   34.396378566   37.081342631
 -0.250000000  0.250000000 -0.250000000      12
       1       1  -39.344303509  -49.503072618
       1       2  -18.616666977  -24.440469363
       1       3   -2.035106998   -5.774950222
       1       4   -0.839045724   -4.393795622
       1       5   -0.303640179   -3.794437712
       1       6   12.780149407   15.018146881
       1       7   15.600403463   18.041921195
       1       8   18.466371560   20.949939394
       1       9   19.277022447   22.009009321
       1      10   23.717046305   26.145875152
       1      11   32.538068570   35.189896464
       1      12   33.252176432   35.833578343
 -0.250000000  0.250000000 -0.125000000      12
       1       1  -39.350776845  -49.497707334
       1       2  -18.691308564  -24.496630127
       1       3   -1.783190335   -5.484262621
       1       4   -0.787891249   -4.343893633
       1       5   -0.090713807   -3.596364813
       1       6   12.120536377   14.330860371
       1       7   15.732474288   18.159377120
       1       8   18.794548701   21.342484171
       1       9   19.196711740   21.825946086
       1      10   25.380802260   27.843429562
       1      11   29.928265691   32.451371235
       1      12   32.608560047   35.139900079
 -0.250000000  0.375000000 -0.000000000      12
       1       1  -39.342075628  -49.487648173
       1       2  -18.614775362  -24.412819103
       1       3   -1.869477888   -5.580917448
       1       4   -1.167440604   -4.770783520
       1       5   -0.137764125   -3.595604857
       1       6   12.662810532   14.903089102
       1       7   15.189003997   17.566611220
       1       8   18.775484986   21.332195232
       1       9   19.004744351   21.669986069
       1      10   26.169967745   28.598209372
       1      11   30.842392464   33.480603218
       1      12   31.250516798   33.673943509
 -0.250000000  0.375000000  0.125000000      12
       1       1  -39.340537128  -49.488575630
       1       2  -18.577750897  -24.365414419
       1       3   -1.675751126   -5.369997021
       1       4   -1.540027997   -5.164150409
       1       5   -0.263713106   -3.777527060
       1       6   13.397109786   15.711472521
       1       7   14.981035781   17.412461977
       1       8   18.387044440   20.917362317
       1       9   18.975750303   21.573464591
       1      10   27.137242870   29.625704949
       1      11   27.438971205   29.921112042
       1      12   35.055091284   37.628234911
 -0.250000000  0.375000000  0.250000000      12
       1       1  -39.337694340  -49.493536163
       1       2  -18.540110937  -24.331662773
       1       3   -2.028181049   -5.741074883
       1       4   -1.295854765   -4.909093325
       1       5   -0.400440664   -3.938729265
       1       6   13.911126471   16.259747889
       1       7   15.084397660   17.552386565
       1       8   17.910970028   20.424725594
       1       9   19.098384613   21.671238606
       1      10   24.558831116   27.053556711
       1      11   30.053902719   32.627096986
       1      12   34.396378520   37.077948787
 -0.250000000  0.375000000  0.375000000      12
       1       1  -39.336834370  -49.486658167
       1       2  -18.524427557  -24.299531776
       1       3   -2.172747641   -5.927580163
       1       4   -1.229833959   -4.823998006
       1       5   -0.407269723   -3.895671621
       1       6   14.285862656   16.652447438
       1       7   14.661664334   16.987959964
       1       8   18.170143024   20.655058509
       1       9   19.329333408   22.044455727
       1      10   23.184659347   25.612162630
       1      11   33.591724559   36.226925497
       1      12   34.155591032   36.773273729
 -0.250000000 -0.625000000 -0.500000000      12
       1       1  -39.337694340  -49.497513346
       1       2  -18.540110936  -24.332382154
       1       3   -2.028181096   -5.741345576
       1       4   -1.295854688   -4.911798064
       1       5   -0.400440702   -3.939862428
       1       6   13.911126522   16.264141560
       1       7   15.084397618   17.552507367
       1       8   17.910970019   20.426597373
       1       9   19.098384625   21.672800672
       1      10   24.558831113   27.052922443
       1      11   30.053902720   32.627414574
       1      12   34.396378528   37.078536052
 -0.250000000 -0.625000000 -0.375000000      12
       1       1  -39.340537128  -49.488638691
       1       2  -18.577750896  -24.364762903
       1       3   -1.675751183   -5.370628796
       1       4   -1.540027945   -5.166730899
       1       5   -0.263713111   -3.777951530
       1       6   13.397109824   15.712021868
       1       7   14.981035779   17.417114792
       1       8   18.387044404   20.918664022
       1       9   18.975750309   21.573038853
       1      10   27.137242858   29.624532926
       1      11   27.438971217   29.921712523
       1      12   35.055091319   37.627379033
 -0.250000000 -0.625000000 -0.250000000      12
       1       1  -39.342075628  -49.487253197
       1       2  -18.614775362  -24.410997400
       1       3   -1.869477858   -5.582970034
       1       4   -1.167440667   -4.772112593
       1       5   -0.137764099   -3.596364671
       1       6   12.662810549   14.905856320
       1       7   15.189004015   17.569518587
       1       8   18.775484981   21.328736783
       1       9   19.004744316   21.675911491
       1      10   26.169967744   28.596288693
       1      11   30.842392506   33.482020392
       1      12   31.250516773   33.673812422
 -0.250000000 -0.625000000 -0.125000000      12
       1       1  -39.343301605  -49.500100780
       1       2  -18.630100431  -24.419719113
       1       3   -1.988733986   -5.709723400
       1       4   -0.901297193   -4.468329396
       1       5   -0.156074080   -3.691647046
       1       6   12.341721900   14.592409329
       1       7   15.497501936   17.950506490
       1       8   18.657514320   21.298036727
       1       9   18.894699762   21.424222112
       1      10   27.266112593   29.791155807
       1      11   28.351058467   30.885693208
       1      12   33.767939073   36.379493834
 -0.250000000 -0.500000000 -0.000000000      12
       1       1  -39.344303509  -49.503952364
       1       2  -18.616666977  -24.443340330
       1       3   -2.035107053   -5.774009709
       1       4   -0.839045631   -4.394395525
       1       5   -0.303640204   -3.793734656
       1       6   12.780149399   15.012948546
       1       7   15.600403426   18.045964158
       1       8   18.466371558   20.955121498
       1       9   19.277022480   22.001786850
       1      10   23.717046305   26.146559593
       1      11   32.538068527   35.186888030
       1      12   33.252176460   35.836404182
 -0.250000000 -0.500000000  0.125000000      12
       1       1  -39.337694340  -49.497414668
       1       2  -18.540110939  -24.333307394
       1       3   -2.028180943   -5.741641228
       1       4   -1.295854829   -4.911614123
       1       5   -0.400440715   -3.940244411
       1       6   13.911126461   16.266043942
       1       7   15.084397659   17.550977512
       1       8   17.910970050   20.425676754
       1       9   19.098384611   21.673110846
       1      10   24.558831113   27.054068714
       1      11   30.053902735   32.627324727
       1      12   34.396378519   37.079737228
  0.750000000  0.500000000  0.250000000      12
       1       1  -39.335514476  -49.501390235
       1       2  -18.507921984  -24.329680791
       1       3   -1.750046272   -5.424663170
       1       4   -1.750046144   -5.424663041
       1       5   -0.467771382   -4.002356294
       1       6   14.823237179   17.295151595
       1       7   14.823237238   17.295151655
       1       8   17.159828042   19.614066078
       1       9   18.983882481   21.555351391
       1      10   27.073054010   29.579497650
       1      11   27.073054087   29.579497726
       1      12   33.601213592   36.359758272
 -0.250000000 -0.500000000 -0.625000000      12
       1       1  -39.337694340  -49.497495010
       1       2  -18.540110936  -24.332607819
       1       3   -2.028181097   -5.741352218
       1       4   -1.295854760   -4.911804868
       1       5   -0.400440621   -3.939876056
       1       6   13.911126507   16.264158954
       1       7   15.084397649   17.552540123
       1       8   17.910970003   20.426558007
       1       9   19.098384601   21.672781308
       1      10   24.558831121   27.052909572
       1      11   30.053902693   32.627401914
       1      12   34.396378541   37.078510673
 -0.250000000 -0.500000000 -0.500000000      12
       1       1  -39.344303509  -49.504113470
       1       2  -18.616666974  -24.441933246
       1       3   -2.035107215   -5.773366588
       1       4   -0.839045625   -4.395289242
       1       5   -0.303640034   -3.792541790
       1       6   12.780149446   15.009074130
       1       7   15.600403376   18.049595201
       1       8   18.466371537   20.960420725
       1       9   19.277022487   21.996681396
       1      10   23.717046295   26.144727016
       1      11   32.538068520   35.184534492
       1      12   33.252176443   35.839836459
 -0.250000000 -0.500000000 -0.375000000      12
       1       1  -39.350776845  -49.498272648
       1       2  -18.691308561  -24.496917027
       1       3   -1.783190529   -5.484453053
       1       4   -0.787891152   -4.346118221
       1       5   -0.090713693   -3.596655804
       1       6   12.120536412   14.327478149
       1       7   15.732474220   18.165865678
       1       8   18.794548680   21.348433147
       1       9   19.196711763   21.822126173
       1      10   25.380802261   27.842713118
       1      11   29.928265695   32.450575881
       1      12   32.608560025   35.140407399
 -0.250000000 -0.500000000 -0.250000000      12
       1       1  -39.353305168  -49.491824838
       1       2  -18.721685679  -24.559124964
       1       3   -1.524625063   -5.209875466
       1       4   -1.003420334   -4.582219532
       1       5    0.076056943   -3.350346669
       1       6   11.915141965   14.068213509
       1       7   15.560009247   17.961230355
       1       8   19.167654630   21.783158339
       1       9   19.171832295   21.804716321
       1      10   28.616269138   30.877748979
       1      11   28.656112310   31.290309310
       1      12   28.703047687   31.119541303
 -0.250000000 -0.500000000 -0.125000000      12
       1       1  -39.350776845  -49.498192232
       1       2  -18.691308564  -24.497617484
       1       3   -1.783190383   -5.484758710
       1       4   -0.787891216   -4.346148273
       1       5   -0.090713786   -3.596785611
       1       6   12.120536384   14.329296933
       1       7   15.732474276   18.164689209
       1       8   18.794548668   21.346338709
       1       9   19.196711754   21.823448187
       1      10   25.380802276   27.843805414
       1      11   29.928265675   32.450191723
       1      12   32.608560054   35.140328325
 -0.250000000 -0.375000000  0.000000000      12
       1       1  -39.356710641  -49.510443317
       1       2  -18.725633688  -24.539873893
       1       3   -1.710814014   -5.381912905
       1       4   -0.439504253   -3.969517962
       1       5   -0.321929452   -3.798921541
       1       6   12.240240571   14.439405668
       1       7   16.737964963   19.021885349
       1       8   18.685047419   21.178013411
       1       9   19.804606338   22.549078380
       1      10   21.553946168   24.023259701
       1      11   33.271840728   35.877640335
       1      12   33.414701581   36.046054006
 -0.250000000 -0.375000000  0.125000000      12
       1       1  -39.344261666  -49.500490333
       1       2  -18.602994563  -24.390219020
       1       3   -2.057408663   -5.771676018
       1       4   -0.840614587   -4.428819576
       1       5   -0.395004721   -3.922184435
       1       6   13.276147112   15.562840900
       1       7   15.844583348   18.291591094
       1       8   18.087256298   20.577272717
       1       9   19.468064254   22.038457863
       1      10   22.432206787   24.965429191
       1      11   32.007527523   34.627789601
       1      12   35.205121962   37.800593946
 -0.250000000 -0.375000000  0.250000000      12
       1       1  -39.337694340  -49.496914014
       1       2  -18.540110937  -24.332690524
       1       3   -2.028180963   -5.742109545
       1       4   -1.295854888   -4.911481099
       1       5   -0.400440633   -3.940463933
       1       6   13.911126522   16.268492454
       1       7   15.084397641   17.549325748
       1       8   17.910969996   20.425084533
       1       9   19.098384609   21.673829467
       1      10   24.558831103   27.054393400
       1      11   30.053902738   32.627533055
       1      12   34.396378529   37.081307233
 -0.250000000 -0.375000000 -0.625000000      12
       1       1  -39.340537129  -49.488624615
       1       2  -18.577750894  -24.365054663
       1       3   -1.675751243   -5.370650713
       1       4   -1.540027996   -5.166721450
       1       5   -0.263712988   -3.777966910
       1       6   13.397109853   15.712037850
       1       7   14.981035766   17.417208022
       1       8   18.387044384   20.918595251
       1       9   18.975750285   21.573005876
       1      10   27.137242820   29.624605207
       1      11   27.438971227   29.921656658
       1      12   35.055091311   37.627429319
 -0.250000000 -0.375000000 -0.500000000      12
       1       1  -39.350776845  -49.498276888
       1       2  -18.691308560  -24.496984942
       1       3   -1.783190540   -5.484460228
       1       4   -0.787891272   -4.346107544
       1       5   -0.090713555   -3.596658121
       1       6   12.120536416   14.327488655
       1       7   15.732474238   18.165916941
       1       8   18.794548672   21.348393377
       1       9   19.196711734   21.822113083
       1      10   25.380802275   27.842672045
       1      11   29.928265607   32.450667655
       1      12   32.608560093   35.140360077
 -0.250000000 -0.375000000 -0.375000000      12
       1       1  -39.363779573  -49.497866304
       1       2  -18.810716729  -24.625596600
       1       3   -1.632192882   -5.317929648
       1       4   -0.094992984   -3.596909847
       1       5   -0.052110684   -3.495394412
       1       6   11.108429703   13.212180976
       1       7   16.557211037   18.985226634
       1       8   19.164498325   21.692845320
       1       9   19.429877442   22.084251207
       1      10   25.075453314   27.508339188
       1      11   30.614798293   33.171089577
       1      12   30.674310875   33.158997576
 -0.250000000 -0.375000000 -0.250000000      12
       1       1  -39.370452057  -49.495490392
       1       2  -18.868254149  -24.699395773
       1       3   -1.335625493   -4.977408523
       1       4   -0.268052411   -3.787845578
       1       5    0.217794736   -3.194239921
       1       6   10.845998676   12.911480559
       1       7   16.731143251   19.150700027
       1       8   19.563313221   22.141589054
       1       9   19.705588772   22.294554121
       1      10   27.021730689   29.589841909
       1      11   27.035427346   29.369985421
       1      12   29.808729259   32.220425475
 -0.250000000 -0.375000000 -0.125000000      12
       1       1  -39.367884326  -49.512291344
       1       2  -18.833934197  -24.651306277
       1       3   -1.295290935   -4.914491361
       1       4   -0.437290064   -3.958634526
       1       5    0.029143423   -3.462768370
       1       6   11.333383656   13.486256748
       1       7   16.833675706   19.171843192
       1       8   19.360140478   21.919597937
       1       9   19.818495681   22.493185088
       1      10   23.401023014   25.828961011
       1      11   30.741024037   33.275393758
       1      12   30.801501402   33.325688839
 -0.250000000 -0.250000000  0.000000000      12
       1       1  -39.373992695  -49.527826333
       1       2  -18.871787369  -24.734469619
       1       3   -1.100239639   -4.675962795
       1       4   -0.188402022   -3.652291749
       1       5   -0.188401765   -3.652291491
       1       6   11.258848070   13.375909562
       1       7   18.562449557   20.473923072
       1       8   19.453354767   21.952637270
       1       9   20.272586576   23.037545375
       1      10   20.272586598   23.037545397
       1      11   32.610910464   35.228364505
       1      12   32.610910478   35.228364519
 -0.250000000 -0.250000000  0.125000000      12
       1       1  -39.356710641  -49.509942410
       1       2  -18.725633688  -24.539259897
       1       3   -1.710814039   -5.382383664
       1       4   -0.439504374   -3.969233977
       1       5   -0.321929305   -3.799291748
       1       6   12.240240587   14.441291113
       1       7   16.737964959   19.020573905
       1       8   18.685047400   21.175527629
       1       9   19.804606342   22.552596418
       1      10   21.553946161   24.022989554
       1      11   33.271840696   35.876220884
       1      12   33.414701608   36.047471671
 -0.250000000 -0.250000000  0.250000000      12
       1       1  -39.344303509  -49.502950407
       1       2  -18.616666975  -24.442079988
       1       3   -2.035107101   -5.775033283
       1       4   -0.839045728   -4.393779411
       1       5   -0.303640056   -3.794475216
       1       6   12.780149457   15.017964580
       1       7   15.600403403   18.042021845
       1       8   18.466371506   20.950091657
       1       9   19.277022480   22.008870805
       1      10   23.717046286   26.145970479
       1      11   32.538068574   35.189883380
       1      12   33.252176437   35.833438350
 -0.250000000 -0.250000000 -0.625000000      12
       1       1  -39.342075628  -49.487196675
       1       2  -18.614775359  -24.411856556
       1       3   -1.869477977   -5.583020038
       1       4   -1.167440662   -4.772107363
       1       5   -0.137763974   -3.596384915
       1       6   12.662810608   14.905812923
       1       7   15.189003965   17.569588602
       1       8   18.775484930   21.328798530
       1       9   19.004744341   21.675788628
       1      10   26.169967690   28.596439854
       1      11   30.842392524   33.482004115
       1      12   31.250516785   33.673660162
 -0.250000000 -0.250000000 -0.500000000      12
       1       1  -39.353305168  -49.491833324
       1       2  -18.721685677  -24.559262370
       1       3   -1.524625130   -5.209897685
       1       4   -1.003420390   -4.582190401
       1       5    0.076057072   -3.350349651
       1       6   11.915141991   14.068226553
       1       7   15.560009237   17.961348939
       1       8   19.167654641   21.783051971
       1       9   19.171832263   21.804689052
       1      10   28.616269167   30.877583894
       1      11   28.656112320   31.290286209
       1      12   28.703047588   31.119754875
 -0.250000000 -0.250000000 -0.375000000      12
       1       1  -39.370452057  -49.495494647
       1       2  -18.868254148  -24.699463624
       1       3   -1.335625512   -4.977415797
       1       4   -0.268052522   -3.787835726
       1       5    0.217794867   -3.194241345
       1       6   10.845998683   12.911488640
       1       7   16.731143260   19.150754047
       1       8   19.563313215   22.141579479
       1       9   19.705588766   22.294499741
       1      10   27.021730692   29.589832399
       1      11   27.035427397   29.369904246
       1      12   29.808729122   32.220528532
 -0.250000000 -0.250000000 -0.250000000      12
       1       1  -39.384425110  -49.498830508
       1       2  -18.968645789  -24.844397540
       1       3   -1.039210527   -4.645531135
       1       4    0.195286070   -3.202379632
       1       5    0.195286262   -3.202379439
       1       6   10.206995583   12.164076311
       1       7   17.693610723   20.095529313
       1       8   20.241450908   22.836881838
       1       9   20.241450923   22.836881852
       1      10   26.637817238   29.158953451
       1      11   27.213312756   29.587600651
       1      12   27.213312843   29.587600738
 -0.250000000 -0.250000000 -0.125000000      12
       1       1  -39.385155979  -49.518309427
       1       2  -18.969881371  -24.816628066
       1       3   -0.806855141   -4.369642177
       1       4    0.027130274   -3.403647440
       1       5    0.074024744   -3.409877135
       1       6   10.415893003   12.462085299
       1       7   18.251919655   20.597783788
       1       8   20.278335949   22.807872179
       1       9   20.438413135   23.112168554
       1      10   22.943156272   25.350004366
       1      11   29.100885917   31.649446222
       1      12   29.287355509   31.791053581
 -0.250000000 -0.125000000 -0.000000000      12
       1       1  -39.385155979  -49.519207917
       1       2  -18.969881371  -24.818672228
       1       3   -0.806855114   -4.366742651
       1       4    0.027130120   -3.403773516
       1       5    0.074024871   -3.409655827
       1       6   10.415892993   12.461587189
       1       7   18.251919689   20.593829579
       1       8   20.278335922   22.808700383
       1       9   20.438413153   23.113345551
       1      10   22.943156266   25.348531034
       1      11   29.100885875   31.649289848
       1      12   29.287355493   31.788370144
 -0.250000000 -0.125000000  0.125000000      12
       1       1  -39.367884326  -49.512212780
       1       2  -18.833934197  -24.651996543
       1       3   -1.295290961   -4.913882643
       1       4   -0.437290065   -3.956049036
       1       5    0.029143452   -3.462319356
       1       6   11.333383655   13.485654658
       1       7   16.833675717   19.167133003
       1       8   19.360140482   21.918721411
       1       9   19.818495677   22.493132447
       1      10   23.401023001   25.828274962
       1      11   30.741024020   33.274759882
       1      12   30.801501363   33.327037273
 -0.250000000 -0.125000000  0.250000000      12
       1       1  -39.350776845  -49.497612326
       1       2  -18.691308562  -24.497686609
       1       3   -1.783190458   -5.484352412
       1       4   -0.787891205   -4.343903154
       1       5   -0.090713718   -3.596348891
       1       6   12.120536421   14.330709202
       1       7   15.732474250   18.159359954
       1       8   18.794548652   21.342590244
       1       9   19.196711756   21.825962422
       1      10   25.380802247   27.843451838
       1      11   29.928265681   32.451370414
       1      12   32.608560070   35.139854326
 -0.250000000 -0.125000000 -0.625000000      12
       1       1  -39.343301605  -49.499956307
       1       2  -18.630100428  -24.420284905
       1       3   -1.988734089   -5.709766096
       1       4   -0.901297195   -4.468330327
       1       5   -0.156073971   -3.691633488
       1       6   12.341721967   14.592313837
       1       7   15.497501890   17.950557249
       1       8   18.657514287   21.298032301
       1       9   18.894699762   21.424245308
       1      10   27.266112528   29.791198517
       1      11   28.351058498   30.885732337
       1      12   33.767939108   36.379522745
 -0.250000000 -0.125000000 -0.500000000      12
       1       1  -39.350776845  -49.498112945
       1       2  -18.691308561  -24.497457849
       1       3   -1.783190460   -5.484770942
       1       4   -0.787891252   -4.346120910
       1       5   -0.090713674   -3.596765561
       1       6   12.120536436   14.329293033
       1       7   15.732474247   18.164757893
       1       8   18.794548690   21.346271620
       1       9   19.196711712   21.823459802
       1      10   25.380802280   27.843779545
       1      11   29.928265595   32.450349508
       1      12   32.608560078   35.140343610
 -0.250000000 -0.125000000 -0.375000000      12
       1       1  -39.367884326  -49.512328633
       1       2  -18.833934195  -24.651145373
       1       3   -1.295290975   -4.914497866
       1       4   -0.437290125   -3.958597655
       1       5    0.029143519   -3.462752320
       1       6   11.333383679   13.486340954
       1       7   16.833675707   19.171937926
       1       8   19.360140511   21.919512410
       1       9   19.818495639   22.493177908
       1      10   23.401023031   25.828946791
       1      11   30.741024049   33.275308619
       1      12   30.801501267   33.325743493
 -0.250000000 -0.125000000 -0.250000000      12
       1       1  -39.385155979  -49.518342462
       1       2  -18.969881370  -24.816398603
       1       3   -0.806855146   -4.369636496
       1       4    0.027130146   -3.403625229
       1       5    0.074024871   -3.409860315
       1       6   10.415893011   12.462164750
       1       7   18.251919663   20.597820902
       1       8   20.278335961   22.807818828
       1       9   20.438413131   23.112183757
       1      10   22.943156284   25.350036354
       1      11   29.100885904   31.649405771
       1      12   29.287355444   31.791015169
 -0.250000000 -0.125000000 -0.125000000      12
       1       1  -39.393702940  -49.507939181
       1       2  -19.024603548  -24.871910035
       1       3   -0.568881077   -4.106613601
       1       4   -0.017875847   -3.516971715
       1       5    0.293588636   -3.104202987
       1       6   10.017593248   11.997069368
       1       7   18.587918501   21.023070027
       1       8   20.468696511   22.972160652
       1       9   21.135016502   23.686379808
       1      10   25.219698070   27.637490662
       1      11   25.608753140   28.129748172
       1      12   28.454281827   30.857311695
 -0.125000000 -0.000000000  0.000000000      12
       1       1  -39.407328510  -49.515851335
       1       2  -19.114895597  -24.990879673
       1       3   -0.122625250   -3.632922201
       1       4    0.274453232   -3.109949793
       1       5    0.274453446   -3.109949580
       1       6    9.402985270   11.290782264
       1       7   20.309943810   22.737929835
       1       8   21.984566646   24.665924193
       1       9   21.984566708   24.665924253
       1      10   25.239554578   27.929197755
       1      11   25.385560422   27.736631188
       1      12   25.385560463   27.736631224
 -0.125000000 -0.000000000  0.125000000      12
       1       1  -39.393702940  -49.508110379
       1       2  -19.024603548  -24.872953501
       1       3   -0.568881162   -4.102654124
       1       4   -0.017875636   -3.514993968
       1       5    0.293588517   -3.103967889
       1       6   10.017593234   11.995277027
       1       7   18.587918525   21.019039528
       1       8   20.468696513   22.970652676
       1       9   21.135016479   23.687249255
       1      10   25.219698033   27.634425994
       1      11   25.608753161   28.130292749
       1      12   28.454281861   30.853927964
 -0.125000000 -0.000000000  0.250000000      12
       1       1  -39.370452057  -49.495582921
       1       2  -18.868254149  -24.701144976
       1       3   -1.335625491   -4.970999796
       1       4   -0.268052446   -3.785135740
       1       5    0.217794771   -3.193555380
       1       6   10.845998668   12.909108487
       1       7   16.731143271   19.140703550
       1       8   19.563313244   22.142678744
       1       9   19.705588746   22.293960708
       1      10   27.021730665   29.590218511
       1      11   27.035427353   29.364786162
       1      12   29.808729219   32.218537146
 -0.125000000 -0.000000000  0.375000000      12
       1       1  -39.352397665  -49.520514149
       1       2  -18.734814719  -24.535533448
       1       3   -1.959111442   -5.706861861
       1       4   -0.350408960   -3.894055296
       1       5    0.088641375   -3.337935020
       1       6   11.222317399   13.319379094
       1       7   16.058443888   18.552042383
       1       8   18.880105347   21.426580303
       1       9   18.930703325   21.503787826
       1      10   28.822399188   31.375632016
       1      11   29.540618729   32.008494064
       1      12   29.672359151   32.153584558
 -0.125000000  0.000000000 -0.500000000      12
       1       1  -39.349645013  -49.529984052
       1       2  -18.710059094  -24.516923788
       1       3   -2.080180867   -5.846359906
       1       4   -0.271112883   -3.799866746
       1       5   -0.025341628   -3.484165592
       1       6   11.273203089   13.373649582
       1       7   16.078256171   18.625456002
       1       8   18.735835372   21.246237849
       1       9   18.821034505   21.435552417
       1      10   27.454324702   29.952564477
       1      11   30.858208448   33.401508285
       1      12   31.233835921   33.852769085
 -0.125000000  0.000000000 -0.375000000      12
       1       1  -39.363779573  -49.497870099
       1       2  -18.810716730  -24.626457022
       1       3   -1.632192820   -5.315893988
       1       4   -0.094992941   -3.596558425
       1       5   -0.052110800   -3.496057590
       1       6   11.108429714   13.213632514
       1       7   16.557211045   18.979982294
       1       8   19.164498356   21.690925602
       1       9   19.429877412   22.087771236
       1      10   25.075453318   27.508391686
       1      11   30.614798277   33.171986766
       1      12   30.674310820   33.155140065
 -0.125000000 -0.000000000 -0.250000000      12
       1       1  -39.385155979  -49.518509953
       1       2  -18.969881371  -24.816805376
       1       3   -0.806855119   -4.367497098
       1       4    0.027130180   -3.403739046
       1       5    0.074024810   -3.409705023
       1       6   10.415893006   12.461884882
       1       7   18.251919674   20.594150807
       1       8   20.278335974   22.808440080
       1       9   20.438413108   23.113050475
       1      10   22.943156284   25.349010778
       1      11   29.100885888   31.649509835
       1      12   29.287355469   31.788830008
 -0.125000000  0.000000000 -0.125000000      12
       1       1  -39.403158106  -49.530135532
       1       2  -19.092952797  -24.953999211
       1       3   -0.090710449   -3.595717904
       1       4    0.167335792   -3.250030985
       1       5    0.167335946   -3.250030831
       1       6    9.599216071   11.560133579
       1       7   21.309098769   23.348817208
       1       8   21.430562433   24.134524298
       1       9   21.430562461   24.134524331
       1      10   21.732418140   24.460736941
       1      11   27.560565634   30.122593463
       1      12   27.560565667   30.122593492
 -0.125000000  0.125000000  0.000000000      12
       1       1  -39.393702940  -49.508935830
       1       2  -19.024603549  -24.873359638
       1       3   -0.568881040   -4.102615810
       1       4   -0.017875701   -3.514980154
       1       5    0.293588453   -3.103964780
       1       6   10.017593229   11.995401468
       1       7   18.587918546   21.018991183
       1       8   20.468696476   22.970642950
       1       9   21.135016526   23.687281820
       1      10   25.219698079   27.634333630
       1      11   25.608753104   28.130300465
       1      12   28.454281867   30.853822811
 -0.125000000  0.125000000  0.125000000      12
       1       1  -39.385155979  -49.519146411
       1       2  -18.969881372  -24.818753885
       1       3   -0.806855144   -4.362623173
       1       4    0.027130298   -3.402411190
       1       5    0.074024731   -3.407030122
       1       6   10.415892973   12.456059843
       1       7   18.251919712   20.592997234
       1       8   20.278335941   22.808784681
       1       9   20.438413134   23.109750746
       1      10   22.943156262   25.347160540
       1      11   29.100885867   31.646470552
       1      12   29.287355517   31.785317213
 -0.125000000  0.125000000  0.250000000      12
       1       1  -39.367884326  -49.512151187
       1       2  -18.833934196  -24.652085496
       1       3   -1.295291027   -4.909396587
       1       4   -0.437290066   -3.954686889
       1       5    0.029143530   -3.460034115
       1       6   11.333383635   13.480146610
       1       7   16.833675725   19.166411920
       1       8   19.360140481   21.918743081
       1       9   19.818495687   22.489500225
       1      10   23.401023006   25.826777657
       1      11   30.741024006   33.271721004
       1      12   30.801501365   33.324232235
 -0.125000000  0.125000000  0.375000000      12
       1       1  -39.350776845  -49.498120294
       1       2  -18.691308561  -24.497497272
       1       3   -1.783190533   -5.482663606
       1       4   -0.787891158   -4.342220968
       1       5   -0.090713680   -3.594756855
       1       6   12.120536404   14.324452079
       1       7   15.732474231   18.160102629
       1       8   18.794548668   21.342896454
       1       9   19.196711777   21.822719429
       1      10   25.380802260   27.843195418
       1      11   29.928265681   32.452034948
       1      12   32.608560010   35.140116728
 -0.125000000  0.125000000  0.500000000      12
       1       1  -39.343301605  -49.500464285
       1       2  -18.630100428  -24.420086477
       1       3   -1.988734131   -5.708033180
       1       4   -0.901297155   -4.466509432
       1       5   -0.156073960   -3.690238965
       1       6   12.341721961   14.586336946
       1       7   15.497501839   17.951497800
       1       8   18.657514342   21.294819139
       1       9   18.894699768   21.423721508
       1      10   27.266112537   29.791397000
       1      11   28.351058525   30.885819530
       1      12   33.767938997   36.380294797
 -0.125000000  0.125000000 -0.375000000      12
       1       1  -39.350776845  -49.498360609
       1       2  -18.691308562  -24.498234137
       1       3   -1.783190432   -5.484064534
       1       4   -0.787891284   -4.344156756
       1       5   -0.090713666   -3.596290743
       1       6   12.120536427   14.328555406
       1       7   15.732474205   18.160730690
       1       8   18.794548719   21.344515837
       1       9   19.196711746   21.824199842
       1      10   25.380802253   27.843466174
       1      11   29.928265684   32.451297914
       1      12   32.608559994   35.139906674
 -0.125000000  0.125000000 -0.250000000      12
       1       1  -39.367884326  -49.512576843
       1       2  -18.833934197  -24.651924475
       1       3   -1.295290854   -4.914052393
       1       4   -0.437290269   -3.956328885
       1       5    0.029143542   -3.462321584
       1       6   11.333383660   13.485956636
       1       7   16.833675706   19.167368851
       1       8   19.360140517   21.918699321
       1       9   19.818495676   22.493183155
       1      10   23.401022996   25.828499012
       1      11   30.741023999   33.274912415
       1      12   30.801501369   33.326731595
 -0.125000000  0.125000000 -0.125000000      12
       1       1  -39.385155979  -49.519339265
       1       2  -18.969881372  -24.817874949
       1       3   -0.806855007   -4.364455096
       1       4    0.027130148   -3.403386837
       1       5    0.074024727   -3.409041642
       1       6   10.415892991   12.460560328
       1       7   18.251919715   20.591305372
       1       8   20.278335968   22.809086602
       1       9   20.438413103   23.114075279
       1      10   22.943156269   25.347544241
       1      11   29.100885865   31.648892026
       1      12   29.287355527   31.786840253
 -0.125000000  0.250000000  0.000000000      12
       1       1  -39.370452057  -49.496442291
       1       2  -18.868254151  -24.701291930
       1       3   -1.335625355   -4.970897470
       1       4   -0.268052526   -3.785122043
       1       5    0.217794709   -3.193593257
       1       6   10.845998636   12.909304401
       1       7   16.731143318   19.140668362
       1       8   19.563313209   22.142674328
       1       9   19.705588784   22.293969677
       1      10   27.021730614   29.590256570
       1      11   27.035427414   29.364643731
       1      12   29.808729234   32.218395959
 -0.125000000  0.250000000  0.125000000      12
       1       1  -39.367884326  -49.512185072
       1       2  -18.833934198  -24.651825663
       1       3   -1.295290936   -4.909342891
       1       4   -0.437290127   -3.954686805
       1       5    0.029143498   -3.460065536
       1       6   11.333383618   13.480209472
       1       7   16.833675737   19.166464812
       1       8   19.360140480   21.918694537
       1       9   19.818495703   22.489453085
       1      10   23.401023001   25.826791659
       1      11   30.741024009   33.271735189
       1      12   30.801501397   33.324194912
 -0.125000000  0.250000000  0.250000000      12
       1       1  -39.356710641  -49.506502930
       1       2  -18.725633688  -24.538305499
       1       3   -1.710814120   -5.376367033
       1       4   -0.439504302   -3.964830367
       1       5   -0.321929282   -3.796463018
       1       6   12.240240541   14.428657805
       1       7   16.737964995   19.022382597
       1       8   18.685047406   21.178679800
       1       9   19.804606345   22.541118565
       1      10   21.553946168   24.021330487
       1      11   33.271840713   35.876145157
       1      12   33.414701573   36.041438141
 -0.125000000  0.250000000  0.375000000      12
       1       1  -39.344261666  -49.497119285
       1       2  -18.602994562  -24.388364579
       1       3   -2.057408799   -5.769229597
       1       4   -0.840614396   -4.425459801
       1       5   -0.395004768   -3.918455583
       1       6   13.276147081   15.553229649
       1       7   15.844583388   18.289784750
       1       8   18.087256279   20.578207776
       1       9   19.468064260   22.034871759
       1      10   22.432206801   24.962708888
       1      11   32.007527504   34.627202195
       1      12   35.205121937   37.803125928
 -0.125000000  0.250000000  0.500000000      12
       1       1  -39.337694340  -49.497440176
       1       2  -18.540110937  -24.332273185
       1       3   -2.028181103   -5.740407205
       1       4   -1.295854657   -4.909585950
       1       5   -0.400440724   -3.939074410
       1       6   13.911126513   16.262034957
       1       7   15.084397609   17.550802060
       1       8   17.910970034   20.424072265
       1       9   19.098384631   21.671629303
       1      10   24.558831119   27.053929023
       1      11   30.053902722   32.627778763
       1      12   34.396378513   37.079475081
 -0.125000000  0.250000000 -0.375000000      12
       1       1  -39.340537128  -49.488891103
       1       2  -18.577750896  -24.365605893
       1       3   -1.675751030   -5.370208550
       1       4   -1.540028124   -5.164447572
       1       5   -0.263713081   -3.777513046
       1       6   13.397109843   15.711624535
       1       7   14.981035734   17.412571860
       1       8   18.387044429   20.917467021
       1       9   18.975750313   21.573557572
       1      10   27.137242872   29.625503409
       1      11   27.438971197   29.921297360
       1      12   35.055091307   37.628085163
 -0.125000000  0.250000000 -0.250000000      12
       1       1  -39.350776845  -49.498004449
       1       2  -18.691308563  -24.497047427
       1       3   -1.783190331   -5.484505302
       1       4   -0.787891401   -4.344170134
       1       5   -0.090713651   -3.596365476
       1       6   12.120536384   14.331022158
       1       7   15.732474272   18.159515908
       1       8   18.794548697   21.342572232
       1       9   19.196711738   21.826026539
       1      10   25.380802266   27.843591747
       1      11   29.928265662   32.451147312
       1      12   32.608560060   35.140080796
 -0.125000000  0.250000000 -0.125000000      12
       1       1  -39.363779573  -49.498343408
       1       2  -18.810716732  -24.626326293
       1       3   -1.632192699   -5.313047944
       1       4   -0.094993034   -3.595846776
       1       5   -0.052110832   -3.496104059
       1       6   11.108429668   13.214721093
       1       7   16.557211120   18.975353711
       1       8   19.164498345   21.689243745
       1       9   19.429877402   22.092408695
       1      10   25.075453308   27.506669251
       1      11   30.614798291   33.172399347
       1      12   30.674310884   33.151589920
 -0.125000000  0.375000000  0.000000000      12
       1       1  -39.352397665  -49.527237487
       1       2  -18.734814723  -24.534805922
       1       3   -1.959111321   -5.706778162
       1       4   -0.350409025   -3.894038526
       1       5    0.088641314   -3.337983750
       1       6   11.222317337   13.319493315
       1       7   16.058443961   18.552021894
       1       8   18.880105381   21.426556493
       1       9   18.930703293   21.503763764
       1      10   28.822399206   31.375639307
       1      11   29.540618800   32.008390537
       1      12   29.672359091   32.153630602
 -0.125000000  0.375000000  0.125000000      12
       1       1  -39.350776845  -49.498167257
       1       2  -18.691308564  -24.495903238
       1       3   -1.783190406   -5.482554142
       1       4   -0.787891271   -4.342231848
       1       5   -0.090713694   -3.594785625
       1       6   12.120536350   14.324586347
       1       7   15.732474281   18.160075725
       1       8   18.794548685   21.342852570
       1       9   19.196711762   21.822713677
       1      10   25.380802268   27.843111412
       1      11   29.928265693   32.451982311
       1      12   32.608560041   35.140115083
 -0.125000000  0.375000000  0.250000000      12
       1       1  -39.344261666  -49.497132249
       1       2  -18.602994563  -24.387038434
       1       3   -2.057408756   -5.769180489
       1       4   -0.840614452   -4.425438978
       1       5   -0.395004752   -3.918469618
       1       6   13.276147058   15.553269454
       1       7   15.844583390   18.289744701
       1       8   18.087256299   20.578200031
       1       9   19.468064259   22.034866339
       1      10   22.432206800   24.962660283
       1      11   32.007527519   34.627190092
       1      12   35.205121946   37.803099947
 -0.125000000  0.375000000  0.375000000      12
       1       1  -39.338436173  -49.486737675
       1       2  -18.520534912  -24.301580382
       1       3   -2.435436559   -6.195112650
       1       4   -0.801036305   -4.390118895
       1       5   -0.566684135   -4.085640367
       1       6   14.148397121   16.594253243
       1       7   15.819058187   18.091940823
       1       8   17.657528650   20.035357179
       1       9   19.698083529   22.514553070
       1      10   21.010363782   23.559179609
       1      11   33.235185380   35.888051794
       1      12   36.328164514   39.037503443
 -0.125000000  0.375000000  0.500000000      12
       1       1  -39.335150605  -49.491340144
       1       2  -18.493842886  -24.269130365
       1       3   -2.415384125   -6.146818291
       1       4   -1.006918753   -4.619227320
       1       5   -0.567109325   -4.149454623
       1       6   14.601150539   17.173727666
       1       7   15.514270598   17.833877711
       1       8   17.206169236   19.639388756
       1       9   19.402763196   22.074084316
       1      10   22.179852551   24.734114525
       1      11   33.358450647   36.076560211
       1      12   33.479177219   36.068732876
 -0.125000000 -0.625000000 -0.375000000      12
       1       1  -39.337694340  -49.497343838
       1       2  -18.540110938  -24.333067381
       1       3   -2.028181037   -5.741856012
       1       4   -1.295854729   -4.911977468
       1       5   -0.400440718   -3.940378973
       1       6   13.911126438   16.266861819
       1       7   15.084397703   17.550699021
       1       8   17.910970011   20.425894507
       1       9   19.098384626   21.673325845
       1      10   24.558831135   27.053790236
       1      11   30.053902702   32.627325056
       1      12   34.396378530   37.079719795
 -0.125000000  0.375000000 -0.250000000      12
       1       1  -39.343301605  -49.500011608
       1       2  -18.630100431  -24.419706872
       1       3   -1.988733997   -5.709968794
       1       4   -0.901297309   -4.468660819
       1       5   -0.156073942   -3.691805441
       1       6   12.341721891   14.593181017
       1       7   15.497501943   17.950330457
       1       8   18.657514295   21.298314873
       1       9   18.894699774   21.424390231
       1      10   27.266112634   29.790945759
       1      11   28.351058417   30.885515722
       1      12   33.767939120   36.379495407
 -0.125000000  0.375000000 -0.125000000      12
       1       1  -39.349645013  -49.536318676
       1       2  -18.710059098  -24.515256413
       1       3   -2.080180747   -5.846680453
       1       4   -0.271112976   -3.799654879
       1       5   -0.025341659   -3.484571985
       1       6   11.273203023   13.376197774
       1       7   16.078256265   18.623454042
       1       8   18.735835361   21.243932418
       1       9   18.821034495   21.438955364
       1      10   27.454324701   29.952173421
       1      11   30.858208454   33.402797335
       1      12   31.233835979   33.851363461
 -0.125000000 -0.500000000 -0.000000000      12
       1       1  -39.349645013  -49.536758381
       1       2  -18.710059098  -24.516678552
       1       3   -2.080180759   -5.846316441
       1       4   -0.271112932   -3.799863381
       1       5   -0.025341687   -3.484220472
       1       6   11.273203019   13.373722020
       1       7   16.078256249   18.625368518
       1       8   18.735835337   21.246285892
       1       9   18.821034534   21.435531934
       1      10   27.454324713   29.952538589
       1      11   30.858208394   33.401556247
       1      12   31.233836004   33.852590357
 -0.125000000  0.500000000  0.125000000      12
       1       1  -39.343301605  -49.500560625
       1       2  -18.630100431  -24.418985859
       1       3   -1.988734017   -5.707976348
       1       4   -0.901297275   -4.466528463
       1       5   -0.156073949   -3.690257217
       1       6   12.341721884   14.586414089
       1       7   15.497501916   17.951397073
       1       8   18.657514343   21.294848352
       1       9   18.894699757   21.423757799
       1      10   27.266112576   29.791299033
       1      11   28.351058491   30.885722472
       1      12   33.767939067   36.380207078
 -0.125000000  0.500000000  0.250000000      12
       1       1  -39.337694340  -49.497434815
       1       2  -18.540110938  -24.331167411
       1       3   -2.028181035   -5.740350241
       1       4   -1.295854752   -4.909615393
       1       5   -0.400440692   -3.939078937
       1       6   13.911126437   16.262126143
       1       7   15.084397678   17.550738169
       1       8   17.910970041   20.424052672
       1       9   19.098384614   21.671637795
       1      10   24.558831128   27.053829241
       1      11   30.053902725   32.627753353
       1      12   34.396378502   37.079454464
 -0.125000000  0.500000000  0.375000000      12
       1       1  -39.335150605  -49.491321840
       1       2  -18.493842886  -24.269355903
       1       3   -2.415384124   -6.146823384
       1       4   -1.006918808   -4.619232468
       1       5   -0.567109266   -4.149471656
       1       6   14.601150537   17.173762106
       1       7   15.514270594   17.833910907
       1       8   17.206169242   19.639339313
       1       9   19.402763183   22.074055779
       1      10   22.179852556   24.734104986
       1      11   33.358450649   36.076532079
       1      12   33.479177212   36.068722006
 -0.125000000 -0.500000000 -0.500000000      12
       1       1  -39.338436173  -49.490696480
       1       2  -18.520534912  -24.302562769
       1       3   -2.435436574   -6.195749138
       1       4   -0.801036290   -4.393057687
       1       5   -0.566684135   -4.086140224
       1       6   14.148397141   16.598040658
       1       7   15.819058163   18.092489566
       1       8   17.657528653   20.037398097
       1       9   19.698083529   22.516343032
       1      10   21.010363781   23.558278161
       1      11   33.235185373   35.888523466
       1      12   36.328164513   39.037627486
 -0.125000000 -0.500000000 -0.375000000      12
       1       1  -39.344261666  -49.500982379
       1       2  -18.602994562  -24.390130354
       1       3   -2.057408786   -5.771239575
       1       4   -0.840614395   -4.428781714
       1       5   -0.395004783   -3.922362551
       1       6   13.276147078   15.560609492
       1       7   15.844583381   18.292071804
       1       8   18.087256287   20.581674608
       1       9   19.468064257   22.036866734
       1      10   22.432206809   24.962925612
       1      11   32.007527504   34.627175692
       1      12   35.205121953   37.802342803
 -0.125000000 -0.500000000 -0.250000000      12
       1       1  -39.350776845  -49.498103055
       1       2  -18.691308563  -24.497602726
       1       3   -1.783190420   -5.484974548
       1       4   -0.787891270   -4.346429867
       1       5   -0.090713684   -3.597028529
       1       6   12.120536363   14.330103288
       1       7   15.732474290   18.164534470
       1       8   18.794548660   21.346467289
       1       9   19.196711755   21.823667428
       1      10   25.380802287   27.843481447
       1      11   29.928265663   32.450184314
       1      12   32.608560069   35.140310384
 -0.125000000 -0.500000000 -0.125000000      12
       1       1  -39.352397665  -49.527283883
       1       2  -18.734814723  -24.534413266
       1       3   -1.959111326   -5.708020157
       1       4   -0.350409048   -3.896011232
       1       5    0.088641343   -3.338392022
       1       6   11.222317341   13.320851330
       1       7   16.058443968   18.555271415
       1       8   18.880105341   21.428808294
       1       9   18.930703313   21.503152196
       1      10   28.822399274   31.375200419
       1      11   29.540618776   32.009739842
       1      12   29.672359045   32.152528864
 -0.125000000 -0.375000000 -0.000000000      12
       1       1  -39.363779573  -49.498572068
       1       2  -18.810716732  -24.625591458
       1       3   -1.632192727   -5.315872436
       1       4   -0.094992972   -3.596566108
       1       5   -0.052110858   -3.496127147
       1       6   11.108429665   13.213561077
       1       7   16.557211103   18.979967855
       1       8   19.164498311   21.690942422
       1       9   19.429877438   22.087699458
       1      10   25.075453318   27.508479893
       1      11   30.614798257   33.172055669
       1      12   30.674310908   33.155104662
 -0.125000000 -0.375000000  0.125000000      12
       1       1  -39.350776845  -49.498424932
       1       2  -18.691308564  -24.498457760
       1       3   -1.783190365   -5.484096135
       1       4   -0.787891368   -4.344171898
       1       5   -0.090713640   -3.596321945
       1       6   12.120536378   14.328470503
       1       7   15.732474251   18.160737026
       1       8   18.794548689   21.344564702
       1       9   19.196711758   21.824207184
       1      10   25.380802263   27.843531861
       1      11   29.928265675   32.451165384
       1      12   32.608560038   35.139932268
 -0.125000000 -0.375000000  0.250000000      12
       1       1  -39.340537128  -49.488853570
       1       2  -18.577750896  -24.365826694
       1       3   -1.675751061   -5.370260824
       1       4   -1.540028123   -5.164444615
       1       5   -0.263713043   -3.777536048
       1       6   13.397109837   15.711523834
       1       7   14.981035728   17.412642147
       1       8   18.387044437   20.917443206
       1       9   18.975750295   21.573572496
       1      10   27.137242877   29.625422666
       1      11   27.438971194   29.921372628
       1      12   35.055091291   37.627996339
 -0.125000000 -0.375000000 -0.625000000      12
       1       1  -39.337694340  -49.497473233
       1       2  -18.540110937  -24.333700758
       1       3   -2.028181104   -5.741886297
       1       4   -1.295854719   -4.911962096
       1       5   -0.400440655   -3.940383411
       1       6   13.911126507   16.266840147
       1       7   15.084397624   17.550756856
       1       8   17.910970027   20.425849449
       1       9   19.098384603   21.673315127
       1      10   24.558831137   27.053702852
       1      11   30.053902678   32.627476435
       1      12   34.396378541   37.079821381
 -0.125000000 -0.375000000 -0.500000000      12
       1       1  -39.344261667  -49.501130104
       1       2  -18.602994561  -24.390536323
       1       3   -2.057408823   -5.771257016
       1       4   -0.840614451   -4.428776900
       1       5   -0.395004684   -3.922344154
       1       6   13.276147096   15.560583037
       1       7   15.844583372   18.292079241
       1       8   18.087256282   20.581655686
       1       9   19.468064234   22.036865555
       1      10   22.432206820   24.962885653
       1      11   32.007527443   34.627326868
       1      12   35.205121972   37.802527452
 -0.125000000 -0.375000000 -0.375000000      12
       1       1  -39.356710641  -49.510835550
       1       2  -18.725633686  -24.539039222
       1       3   -1.710814171   -5.382343377
       1       4   -0.439504250   -3.970131951
       1       5   -0.321929282   -3.798460873
       1       6   12.240240562   14.438641493
       1       7   16.737964957   19.022965142
       1       8   18.685047410   21.180668335
       1       9   19.804606347   22.546726605
       1      10   21.553946177   24.022423799
       1      11   33.271840704   35.879876401
       1      12   33.414701552   36.045492479
 -0.125000000 -0.375000000 -0.250000000      12
       1       1  -39.367884326  -49.512603137
       1       2  -18.833934197  -24.651164246
       1       3   -1.295291001   -4.915137212
       1       4   -0.437290066   -3.958770377
       1       5    0.029143501   -3.463054510
       1       6   11.333383635   13.486909024
       1       7   16.833675713   19.171746073
       1       8   19.360140483   21.919659780
       1       9   19.818495684   22.493385842
       1      10   23.401023019   25.828938403
       1      11   30.741024022   33.275989291
       1      12   30.801501405   33.326220654
 -0.125000000 -0.375000000 -0.125000000      12
       1       1  -39.370452057  -49.496276631
       1       2  -18.868254151  -24.698704848
       1       3   -1.335625389   -4.975097972
       1       4   -0.268052517   -3.787871478
       1       5    0.217794738   -3.194376131
       1       6   10.845998644   12.911167818
       1       7   16.731143307   19.147410220
       1       8   19.563313224   22.141702169
       1       9   19.705588746   22.295303142
       1      10   27.021730677   29.590639330
       1      11   27.035427388   29.367932349
       1      12   29.808729225   32.218778747
 -0.125000000 -0.250000000  0.000000000      12
       1       1  -39.385155979  -49.519095721
       1       2  -18.969881372  -24.815937176
       1       3   -0.806855056   -4.367497061
       1       4    0.027130121   -3.403783805
       1       5    0.074024811   -3.409730226
       1       6   10.415892987   12.461717759
       1       7   18.251919694   20.594113933
       1       8   20.278335921   22.808487034
       1       9   20.438413135   23.113009324
       1      10   22.943156282   25.349074554
       1      11   29.100885879   31.649642494
       1      12   29.287355547   31.788930545
 -0.125000000 -0.250000000  0.125000000      12
       1       1  -39.367884326  -49.512524611
       1       2  -18.833934197  -24.652149699
       1       3   -1.295290880   -4.914099737
       1       4   -0.437290267   -3.956343174
       1       5    0.029143576   -3.462348737
       1       6   11.333383651   13.485771273
       1       7   16.833675695   19.167367426
       1       8   19.360140481   21.918776564
       1       9   19.818495703   22.493191450
       1      10   23.401022995   25.828555246
       1      11   30.741024022   33.275039067
       1      12   30.801501378   33.326700757
 -0.125000000 -0.250000000  0.250000000      12
       1       1  -39.350776845  -49.497924189
       1       2  -18.691308562  -24.497839568
       1       3   -1.783190435   -5.484584411
       1       4   -0.787891332   -4.344173812
       1       5   -0.090713605   -3.596387970
       1       6   12.120536419   14.330836494
       1       7   15.732474209   18.159571098
       1       8   18.794548687   21.342653236
       1       9   19.196711755   21.826032464
       1      10   25.380802243   27.843705619
       1      11   29.928265680   32.451044708
       1      12   32.608560064   35.140135183
 -0.125000000 -0.250000000 -0.625000000      12
       1       1  -39.343301605  -49.500098480
       1       2  -18.630100428  -24.420905415
       1       3   -1.988734126   -5.710024698
       1       4   -0.901297245   -4.468649822
       1       5   -0.156073868   -3.691819885
       1       6   12.341721956   14.593062723
       1       7   15.497501853   17.950385933
       1       8   18.657514333   21.298321017
       1       9   18.894699745   21.424422704
       1      10   27.266112569   29.790978881
       1      11   28.351058451   30.885550944
       1      12   33.767939116   36.379627522
 -0.125000000 -0.250000000 -0.500000000      12
       1       1  -39.350776845  -49.498255029
       1       2  -18.691308561  -24.498079024
       1       3   -1.783190539   -5.485005315
       1       4   -0.787891252   -4.346400147
       1       5   -0.090713575   -3.597017830
       1       6   12.120536410   14.330076017
       1       7   15.732474233   18.164609570
       1       8   18.794548674   21.346415992
       1       9   19.196711743   21.823677409
       1      10   25.380802287   27.843359430
       1      11   29.928265584   32.450442334
       1      12   32.608560083   35.140428365
 -0.125000000 -0.250000000 -0.375000000      12
       1       1  -39.367884326  -49.512607396
       1       2  -18.833934195  -24.651232030
       1       3   -1.295291068   -4.915147987
       1       4   -0.437290125   -3.958755843
       1       5    0.029143632   -3.463057230
       1       6   11.333383650   13.486914997
       1       7   16.833675704   19.171803372
       1       8   19.360140481   21.919628413
       1       9   19.818495670   22.493361918
       1      10   23.401023036   25.828892839
       1      11   30.741024055   33.275943317
       1      12   30.801501278   33.326313511
 -0.125000000 -0.250000000 -0.250000000      12
       1       1  -39.385155979  -49.518621259
       1       2  -18.969881371  -24.816487041
       1       3   -0.806855225   -4.370228346
       1       4    0.027130297   -3.403783266
       1       5    0.074024814   -3.410218911
       1       6   10.415892988   12.462744341
       1       7   18.251919664   20.597703141
       1       8   20.278335940   22.807927436
       1       9   20.438413137   23.112349410
       1      10   22.943156291   25.349973993
       1      11   29.100885899   31.650003678
       1      12   29.287355507   31.791642077
 -0.125000000 -0.250000000 -0.125000000      12
       1       1  -39.393702940  -49.507826871
       1       2  -19.024603548  -24.869188752
       1       3   -0.568881130   -4.107189884
       1       4   -0.017875635   -3.517212056
       1       5    0.293588482   -3.104213432
       1       6   10.017593236   11.997198070
       1       7   18.587918511   21.023216147
       1       8   20.468696493   22.972215828
       1       9   21.135016494   23.686189835
       1      10   25.219698046   27.637900542
       1      11   25.608753180   28.129984228
       1      12   28.454281898   30.857869876
 -0.125000000 -0.125000000  0.000000000      12
       1       1  -39.403158106  -49.530102549
       1       2  -19.092952797  -24.954227617
       1       3   -0.090710511   -3.595719222
       1       4    0.167335770   -3.250053347
       1       5    0.167336036   -3.250053081
       1       6    9.599216067   11.560053864
       1       7   21.309098719   23.348763078
       1       8   21.430562465   24.134509058
       1       9   21.430562483   24.134509072
       1      10   21.732418104   24.460792541
       1      11   27.560565671   30.122632934
       1      12   27.560565687   30.122632947
 -0.125000000 -0.125000000  0.125000000      12
       1       1  -39.385155979  -49.518480714
       1       2  -18.969881371  -24.817696495
       1       3   -0.806855125   -4.364510058
       1       4    0.027130274   -3.403412222
       1       5    0.074024729   -3.409063143
       1       6   10.415892996   12.460351555
       1       7   18.251919672   20.591362113
       1       8   20.278335950   22.809093290
       1       9   20.438413134   23.113997128
       1      10   22.943156256   25.347592957
       1      11   29.100885901   31.648956576
       1      12   29.287355512   31.787002327
 -0.125000000 -0.125000000  0.250000000      12
       1       1  -39.363779573  -49.497457086
       1       2  -18.810716730  -24.626711633
       1       3   -1.632192818   -5.313143661
       1       4   -0.094993030   -3.595850312
       1       5   -0.052110706   -3.496125919
       1       6   11.108429706   13.214508934
       1       7   16.557211048   18.975488012
       1       8   19.164498325   21.689266589
       1       9   19.429877435   22.092268136
       1      10   25.075453285   27.506790817
       1      11   30.614798325   33.172430143
       1      12   30.674310873   33.151650120
 -0.125000000 -0.125000000  0.375000000      12
       1       1  -39.349645013  -49.529566828
       1       2  -18.710059094  -24.516524608
       1       3   -2.080180865   -5.846753445
       1       4   -0.271112975   -3.799659421
       1       5   -0.025341534   -3.484582990
       1       6   11.273203086   13.376053489
       1       7   16.078256176   18.623574171
       1       8   18.735835338   21.243990831
       1       9   18.821034527   21.438863539
       1      10   27.454324648   29.952235330
       1      11   30.858208507   33.402719250
       1      12   31.233835975   33.851373197
 -0.125000000 -0.125000000 -0.500000000      12
       1       1  -39.352397665  -49.520598710
       1       2  -18.734814719  -24.534949181
       1       3   -1.959111444   -5.708064343
       1       4   -0.350409052   -3.896001009
       1       5    0.088641470   -3.338385768
       1       6   11.222317402   13.320816974
       1       7   16.058443892   18.555381986
       1       8   18.880105367   21.428729461
       1       9   18.930703295   21.503133780
       1      10   28.822399218   31.375237284
       1      11   29.540618778   32.009739127
       1      12   29.672359046   32.152541167
 -0.125000000 -0.125000000 -0.375000000      12
       1       1  -39.370452057  -49.495662197
       1       2  -18.868254148  -24.699869070
       1       3   -1.335625499   -4.975116721
       1       4   -0.268052533   -3.787848406
       1       5    0.217794867   -3.194355196
       1       6   10.845998677   12.911264115
       1       7   16.731143267   19.147464293
       1       8   19.563313215   22.141701146
       1       9   19.705588765   22.295272032
       1      10   27.021730693   29.590519779
       1      11   27.035427398   29.367791101
       1      12   29.808729103   32.218801471
 -0.125000000 -0.125000000 -0.250000000      12
       1       1  -39.393702940  -49.507208190
       1       2  -19.024603547  -24.870282129
       1       3   -0.568881196   -4.107188880
       1       4   -0.017875699   -3.517214892
       1       5    0.293588612   -3.104190940
       1       6   10.017593246   11.997283543
       1       7   18.587918506   21.023219030
       1       8   20.468696489   22.972198056
       1       9   21.135016498   23.686201439
       1      10   25.219698075   27.637853244
       1      11   25.608753196   28.129896846
       1      12   28.454281788   30.857791763
 -0.125000000 -0.125000000 -0.125000000      12
       1       1  -39.407328510  -49.514952663
       1       2  -19.114895597  -24.988872864
       1       3   -0.122625331   -3.636114712
       1       4    0.274453284   -3.109823820
       1       5    0.274453476   -3.109823628
       1       6    9.402985275   11.291371030
       1       7   20.309943769   22.742162877
       1       8   21.984566674   24.664530346
       1       9   21.984566684   24.664530355
       1      10   25.239554647   27.928188585
       1      11   25.385560409   27.739548282
       1      12   25.385560467   27.739548340
