
 BerkeleyGW version 4.0
 Sigma code, Complex version, run on 03-Jul-2026 at 22:15:32 -0700

                                                                 ..o.          
                                                                .oxxo.         
                                                               .oxxxxo...      
                                                               oxxxxxxo.       
                                                              .oxxxxxxx.       
                                                              .ooooooxxo..     
                                                              .oooooooxo..     
                                                              .oooooxxo...     
                                                       .........oxooo......    
                                                 ............................  
                                             ................................. 
                                          .................................... 
           .          ..oo. ....  .................................oooxxxxxxxo.
     .............oxxxx@ox@@@x@x.....................o...........ooooooooooxx. 
    .o.........oox@x.oo........xxx@@............ooxxxxo..........ooooxxxxxoxo  
    .x........x@xxo...............o@xxo........oxxx@@@xoooooooooooooooxxxo...  
    .o......ox@@o..................oox@o.....ooxxx@xoooxxxxxxxoooooooooooo.... 
    o..ooooo@@xoooo....ooo...........x@o.....ooxxxxo   .oxxxxxxxxxxooooooo.... 
    . .oooo@@@@@@@@@@@@@@@@@@@@@@@@@@@@@@....ooooox.     .oxx@@@@@xxoo........ 
      .ooooxxxxxxxooooooxooooooooooooooxo...oooooxx.        ..ox@xxxoo.........
      .ooooooxxxx@xoooooooooooooxxoooooooooooxxxxx.            .oxxooooooooxxo.
     .oooooxxxxx@@@xxxxxxxxxxxxxxxxxxxxxxxxoxxxxo.                .oxxxxxxxxo. 
   ....oooxxxxx@@@xo..oxxx@@@@@@xxxxoxxoooooooxx.                  .oxxxoo..   
  .....ooxxxx@@xo.       ........    .ooooooooxxo                              
  ..oooxxxx@@@o                       .oooooooxoo.                             
  ....oxooxxxxx.                       .ooo..oooo.                             
  .....o.ooxxxxxo.                     .oooooooxo.                             
 ......ooooxxxxxxo.                     .ooooooxoo..                           
........ooxxxxxxxo..                     .o....oxoo...                         
.......ooooxxxxxxxo.                     ........oooo.                         
.ooooooo..ooxxxxoooo.                    .........ooo...                       
..oxo...ooooxxxoooo..                    .ooo......oooo...                     
  .ooooo....o.                            .oxxxoo....ooo....                   
    .oooooo...                              ...ooooo...ooo..                   
       ...                                     .oo.......                      
                                               ....ooo...                      
                      __              __                                       
 ______              [  |            [  |                 ._____  _          _ 
|_   _ \              | |  _          | |                /  ___ \| |        | |
  | |_) | .---.  _. _.| | / |  .---.  | | .---.  _    _ / /    \_|\ \  /\  / / 
  |  __'./ /__\\[ /`\_| '' <  / /__\\ | |/ /__\\| \  | | |   _____ \ \/  \/ /  
 _| |__| | \__. | |   | |`\ \ | \___. | || \___. \ \/ / \ \.___| |  \  /\  /   
|_______/ \.__./[_]  [__|  \_] \.__./[___]\.__./  \  /   \.____./    \/  \/    
                                                  / /                          
                                                 /_/                           
 --------------------------------------------------------------------------------
 Please cite the main BerkeleyGW paper when using results from this calculation:

 Jack Deslippe, Georgy Samsonidze, David A. Strubbe, Manish Jain, Marvin L.
 Cohen, and Steven G. Louie, "BerkeleyGW: A Massively Parallel Computer Package
 for the Calculation of the Quasiparticle and Optical Properties of Materials
 and Nanostructures," Comput. Phys. Commun. 183, 1269 (2012)

 Aditionally, PLEASE CITE ALL PAPERS REPORTED AT THE END OF THIS CALCULATION.
 --------------------------------------------------------------------------------

 Running MPI version (parallel)
 Running with 56 MPI task(s)
 Using OpenMP. Number of threads per MPI task: 1

 Compilation flags:
 - Compiler: INTEL
 - Para. flags: MPI, OMP
 - Math  flags: USESCALAPACK, USEFFTW3, HDF5
 - Debug flags: 

 Running with verbosity level 1 (default).

 Using the Generalized Plasmon Pole model

 We are communicating via MPI

 Using Collectives (MPI_BCast) Communication Scheme
 
 Computing CH as a partial sum over empty bands with the static remainder

 Running with semiconductor screening

 We are using no truncation
 Cutoff for Monte-Carlo average of Coulomb potential: 1.000E+012 Ry

 Reading exchange-correlation matrix elements from vxc.dat file

 Treating W within the Hybertsen-Louie Generalized Plasmon Pole model
 
 Memory available: 18305.5 MB per PE
 
 Read from eps0mat.h5:
 - Number of G-vectors in the charge-density grid: 7119
 - Max. number of G-vectors for dielectric matrices: 59
 - Cutoff of the dielectric matrix (Ry): 10.000
 - Number of imaginary frequencies: 0
 - Total number of frequencies: 1
 - Frequency dependence: 0
 - Number of q-points: 1
 - Q grid: 4 4 4
 
 Read from epsmat.h5:
 - Number of G-vectors in the charge-density grid: 7119
 - Max. number of G-vectors for dielectric matrices: 70
 - Cutoff of the dielectric matrix: 10.000
 - Number of imaginary frequencies: 0
 - Total number of frequencies: 1
 - Frequency dependence: 0
 - Number of q-points: 63
 - Q grid: 4 4 4
 
 Reading header of WFN_inner
 Highest occupied band (unshifted grid) = 5
 Valence max    (unshifted grid) = .311277 eV
 Conduction min (unshifted grid) = 8.973514 eV
 Middle energy  (unshifted grid) = 4.642396 eV
 Fermi  energy  (unshifted grid) = 4.642396 eV

 
 Calculation parameters:
 - Cutoff of the bare Coulomb interaction (Ry): 60.00
 - Cutoff of the screened Coulomb interaction (Ry): 10.00
 - Number of G-vectors up to the bare int. cutoff: 893
 - Number of G-vectors up to the screened int. cutoff: 59
 - Total number of bands in the calculation: 99
 - Number of fully occupied valence bands: 5
 - Number of partially occ. conduction bands: 0
 
 Memory required for execution: 5.3 MB per PE
 Memory required for vcoul: 114.4 MB per PE
 
 Number of electrons per unit cell (from ifmax) = 10.000000
 Number of electrons per unit cell (from occupations) = 10.000000
 Plasma Frequency = 2.110780 Ry

 Q-grid symmetries are being used.
WARNING: Selected number of bands for CH sum (number_bands) breaks degenerate subspace. Run degeneracy_check.x for allowable numbers.
 
 
 Parallelization report:
 - Using 56 processor(s), 2 pool(s), 28 processor(s) per pool.
 - Each pool is computing 6 diagonal sigma matrix element(s).
 - Each pool is computing 0 off-diagonal sigma matrix element(s).
 - Each pool is holding 0 to 4 band(s).
 - Note: distribution is not ideal because the total number of bands
   (99) is not divisible by the number of processors per pool (28).
 
 
 Started reading wavefunctions (WFN_inner) with 6336 state(s) at 22:15:32.
 [ 22:15:32 |   0% ] state    1 / 6336.
 [ 22:15:32 |   0% ] state    3 / 6336, remaining: 0 s.
 [ 22:15:32 |  10% ] state  634 / 6336, remaining: 1 s.
 [ 22:15:32 |  20% ] state 1268 / 6336, remaining: 1 s.
 [ 22:15:32 |  30% ] state 1901 / 6336, remaining: 1 s.
 [ 22:15:32 |  40% ] state 2535 / 6336, remaining: 0 s.
 [ 22:15:32 |  50% ] state 3169 / 6336, remaining: 0 s.
 [ 22:15:32 |  60% ] state 3802 / 6336, remaining: 0 s.
 [ 22:15:32 |  70% ] state 4436 / 6336, remaining: 0 s.
 [ 22:15:33 |  80% ] state 5069 / 6336, remaining: 0 s.
 [ 22:15:33 |  90% ] state 5703 / 6336, remaining: 0 s.
 Finished reading wavefunctions (WFN_inner) at 22:15:33.
 Elapsed time: 1 s.
 

 Scissors parameters:
 - Valence:    es =   0.0000 eV, e0 =   0.0000 eV, edel =   0.0000
 - Conduction: es =   0.0000 eV, e0 =   0.0000 eV, edel =   0.0000

 Scissors parameters (outer):
 - Valence:    es =   0.0000 eV, e0 =   0.0000 eV, edel =   0.0000
 - Conduction: es =   0.0000 eV, e0 =   0.0000 eV, edel =   0.0000


 Data for sum rule:
 - rho(0,1) = 10.000000 electrons
 - wp = 28.718626 eV

 Number of bands to compute diagonal self-energy matrix elements: 12
 Bands:
 - 1
 - 2
 - 3
 - 4
 - 5
 - 6
 - 7
 - 8
 - 9
 - 10
 - 11
 - 12
 Number of off-diagonal bands to compute self-energy matrix elements: 0
 
 GPU acceleration is : DISABLED
 
 Algorithms used:
 - mtxel     : CPU_ALGO
 - sigma_gpp : CPU_ALGO
 
 Started reading wavefunctions (WFN_outer) with 1280 state(s) at 22:15:33.
 [ 22:15:33 |   0% ] state    1 / 1280.
 [ 22:15:33 |   0% ] state    3 / 1280, remaining: 0 s.
 [ 22:15:33 |  10% ] state  128 / 1280, remaining: 0 s.
 [ 22:15:33 |  20% ] state  256 / 1280, remaining: 0 s.
 [ 22:15:33 |  30% ] state  384 / 1280, remaining: 0 s.
 [ 22:15:33 |  40% ] state  512 / 1280, remaining: 0 s.
 [ 22:15:33 |  50% ] state  640 / 1280, remaining: 0 s.
 [ 22:15:33 |  60% ] state  768 / 1280, remaining: 0 s.
 [ 22:15:33 |  70% ] state  896 / 1280, remaining: 0 s.
 [ 22:15:33 |  80% ] state 1024 / 1280, remaining: 0 s.
 [ 22:15:33 |  90% ] state 1152 / 1280, remaining: 0 s.
 [ 22:15:33 | 100% ] state 1280 / 1280, remaining: 0 s.
 Finished reading wavefunctions (WFN_outer) at 22:15:33.
 Elapsed time: 0 s.
 

 Total number of frequencies in the dielectric matrix: 1
 Number of imag. frequencies in the dielectric matrix: 0

 
 Started reading eps0mat.h5 with 1 q-point(s) at 22:15:33.
 [ 22:15:33 |   0% ] q-point 1 / 1.
 Finished reading eps0mat.h5 at 22:15:33.
 Elapsed time: 0 s.
 
 
 Started reading epsmat.h5 with 63 q-point(s) at 22:15:33.
 [ 22:15:33 |   0% ] q-point  1 / 63.
 [ 22:15:33 |   3% ] q-point  3 / 63, remaining: 3 s.
 [ 22:15:33 |  10% ] q-point  7 / 63, remaining: 2 s.
 [ 22:15:33 |  19% ] q-point 13 / 63, remaining: 2 s.
 [ 22:15:34 |  29% ] q-point 19 / 63, remaining: 1 s.
 [ 22:15:34 |  40% ] q-point 26 / 63, remaining: 1 s.
 [ 22:15:34 |  49% ] q-point 32 / 63, remaining: 1 s.
 [ 22:15:34 |  59% ] q-point 38 / 63, remaining: 1 s.
 [ 22:15:34 |  70% ] q-point 45 / 63, remaining: 1 s.
 [ 22:15:35 |  79% ] q-point 51 / 63, remaining: 0 s.
 [ 22:15:35 |  89% ] q-point 57 / 63, remaining: 0 s.
 [ 22:15:35 |  98% ] q-point 63 / 63, remaining: 0 s.
 Finished reading epsmat.h5 at 22:15:35.
 Elapsed time: 2 s.
 
 Number of k-points in WFN_inner: 64
 Number of k-points in the full BZ of WFN_inner: 64
 
================================================================================
 22:15:35   Dealing with k =  0.000000  0.000000  0.000000                1 / 64
================================================================================

 Reading vxc.dat
 Number of q-points in the irreducible BZ(k) (nrq): 64
 
 Started calculating Sigma with 384 block(s) at 22:15:35.
 [ 22:15:35 |   0% ] block   1 / 384.
 [ 22:15:35 |   1% ] block   3 / 384, remaining: 3 s.
 [ 22:15:36 |  10% ] block  39 / 384, remaining: 3 s.
 [ 22:15:36 |  20% ] block  77 / 384, remaining: 3 s.
 [ 22:15:36 |  30% ] block 116 / 384, remaining: 2 s.
 [ 22:15:37 |  40% ] block 154 / 384, remaining: 2 s.
 [ 22:15:37 |  50% ] block 192 / 384, remaining: 2 s.
 [ 22:15:37 |  60% ] block 231 / 384, remaining: 1 s.
 [ 22:15:38 |  70% ] block 269 / 384, remaining: 1 s.
 [ 22:15:38 |  80% ] block 308 / 384, remaining: 1 s.
 [ 22:15:39 |  90% ] block 346 / 384, remaining: 0 s.
 [ 22:15:39 | 100% ] block 384 / 384, remaining: 0 s.
 Finished calculating Sigma at 22:15:39.
 Elapsed time: 4 s.
 
 Unsymmetrized values for ik =   1 spin = 1
 
     n      Emf       Eo      Vxc        X     SX-X       CH      Cor      Sig
     1  -39.418  -39.418  -24.382  -39.218    8.863   -4.975    3.887  -35.331
     2  -19.172  -19.172  -22.415  -37.349   17.244   -9.207    8.038  -29.311
     3    0.314    0.314  -22.650  -30.446   13.351   -9.358    3.993  -26.453
     4    0.314    0.314  -22.650  -30.446   13.352   -9.359    3.993  -26.453
     5    0.314    0.314  -22.650  -30.446   13.351   -9.358    3.993  -26.453
     6    8.973    8.973  -12.037   -6.666    2.632   -6.053   -3.420  -10.086
     7   23.528   23.528  -10.690   -3.087    0.583   -4.937   -4.353   -7.440
     8   23.528   23.528  -10.690   -3.087    0.583   -4.937   -4.354   -7.440
     9   23.528   23.528  -10.690   -3.086    0.538   -4.891   -4.353   -7.440
    10   24.085   24.085   -9.097   -2.667    1.014   -5.083   -4.069   -6.736
    11   24.085   24.085   -9.097   -2.667    1.022   -5.091   -4.069   -6.736
    12   24.085   24.085   -9.097   -2.667    1.011   -5.080   -4.069   -6.736

 Symmetrized values from band-averaging:

       k =  0.000000  0.000000  0.000000 ik =   1 spin = 1

     n      Emf       Eo      Vxc        X      Cor     Eqp0     Eqp1      Znk
     1  -39.418  -39.418  -24.382  -39.218    3.887  -50.367  -49.523    0.923
     2  -19.172  -19.172  -22.415  -37.349    8.038  -26.068  -25.098    0.859
     3    0.314    0.314  -22.650  -30.446    3.993   -3.489   -3.061    0.887
     4    0.314    0.314  -22.650  -30.446    3.993   -3.489   -3.061    0.887
     5    0.314    0.314  -22.650  -30.446    3.993   -3.489   -3.061    0.887
     6    8.973    8.973  -12.037   -6.666   -3.420   10.924   10.766    0.919
     7   23.528   23.528  -10.690   -3.087   -4.354   26.778   26.505    0.916
     8   23.528   23.528  -10.690   -3.087   -4.354   26.778   26.505    0.916
     9   23.528   23.528  -10.690   -3.087   -4.354   26.778   26.505    0.916
    10   24.085   24.085   -9.097   -2.667   -4.069   26.446   26.255    0.919
    11   24.085   24.085   -9.097   -2.667   -4.069   26.446   26.255    0.919
    12   24.085   24.085   -9.097   -2.667   -4.069   26.446   26.255    0.919
 
================================================================================
 22:15:39   Dealing with k = -0.000000 -0.000000  0.250000                2 / 64
================================================================================

 Reading vxc.dat
 Number of q-points in the irreducible BZ(k) (nrq): 64
 
 Started calculating Sigma with 384 block(s) at 22:15:39.
 [ 22:15:39 |   0% ] block   1 / 384.
 [ 22:15:39 |   1% ] block   3 / 384, remaining: 3 s.
 [ 22:15:39 |  10% ] block  39 / 384, remaining: 3 s.
 [ 22:15:40 |  20% ] block  77 / 384, remaining: 3 s.
 [ 22:15:40 |  30% ] block 116 / 384, remaining: 2 s.
 [ 22:15:40 |  40% ] block 154 / 384, remaining: 2 s.
 [ 22:15:41 |  50% ] block 192 / 384, remaining: 2 s.
 [ 22:15:41 |  60% ] block 231 / 384, remaining: 1 s.
 [ 22:15:41 |  70% ] block 269 / 384, remaining: 1 s.
 [ 22:15:42 |  80% ] block 308 / 384, remaining: 1 s.
 [ 22:15:42 |  90% ] block 346 / 384, remaining: 0 s.
 [ 22:15:42 | 100% ] block 384 / 384, remaining: 0 s.
 Finished calculating Sigma at 22:15:42.
 Elapsed time: 3 s.
 
 Unsymmetrized values for ik =   2 spin = 1
 
     n      Emf       Eo      Vxc        X     SX-X       CH      Cor      Sig
     1  -39.387  -39.387  -24.426  -39.260    8.846   -4.975    3.871  -35.389
     2  -18.968  -18.968  -22.608  -37.543   17.390   -9.322    8.068  -29.475
     3   -1.038   -1.038  -20.653  -28.526   12.428   -8.599    3.829  -24.697
     4    0.196    0.196  -22.518  -30.342   13.300   -9.309    3.991  -26.351
     5    0.196    0.196  -22.518  -30.341   13.298   -9.307    3.992  -26.350
     6   10.206   10.206  -12.250   -6.684    2.830   -6.265   -3.436  -10.120
     7   17.692   17.692  -11.314   -4.808    1.886   -5.786   -3.900   -8.707
     8   20.240   20.240  -10.000   -3.104    0.516   -4.584   -4.068   -7.172
     9   20.240   20.240  -10.000   -3.104    0.527   -4.600   -4.074   -7.177
    10   26.636   26.636   -9.472   -2.345    0.609   -4.977   -4.368   -6.712
    11   27.212   27.212   -9.536   -2.679    1.030   -5.305   -4.275   -6.953
    12   27.212   27.212   -9.536   -2.678    1.030   -5.306   -4.276   -6.954

 Symmetrized values from band-averaging:

       k = -0.000000 -0.000000  0.250000 ik =   2 spin = 1

     n      Emf       Eo      Vxc        X      Cor     Eqp0     Eqp1      Znk
     1  -39.387  -39.387  -24.426  -39.260    3.871  -50.349  -49.503    0.923
     2  -18.968  -18.968  -22.608  -37.543    8.068  -25.835  -24.849    0.856
     3   -1.038   -1.038  -20.653  -28.526    3.829   -5.082   -4.637    0.890
     4    0.196    0.196  -22.518  -30.342    3.991   -3.636   -3.205    0.888
     5    0.196    0.196  -22.518  -30.342    3.991   -3.636   -3.205    0.888
     6   10.206   10.206  -12.250   -6.684   -3.436   12.336   12.161    0.918
     7   17.692   17.692  -11.314   -4.808   -3.900   20.299   20.081    0.916
     8   20.240   20.240  -10.000   -3.104   -4.071   23.066   22.842    0.921
     9   20.240   20.240  -10.000   -3.104   -4.071   23.066   22.842    0.921
    10   26.636   26.636   -9.472   -2.345   -4.368   29.396   29.162    0.915
    11   27.212   27.212   -9.536   -2.678   -4.275   29.795   29.580    0.917
    12   27.212   27.212   -9.536   -2.678   -4.275   29.795   29.580    0.917
 
================================================================================
 22:15:42   Dealing with k = -0.000000 -0.000000  0.500000                3 / 64
================================================================================

 Reading vxc.dat
 Number of q-points in the irreducible BZ(k) (nrq): 64
 
 Started calculating Sigma with 384 block(s) at 22:15:42.
 [ 22:15:42 |   0% ] block   1 / 384.
 [ 22:15:42 |   1% ] block   3 / 384, remaining: 3 s.
 [ 22:15:43 |  10% ] block  39 / 384, remaining: 3 s.
 [ 22:15:43 |  20% ] block  77 / 384, remaining: 3 s.
 [ 22:15:43 |  30% ] block 116 / 384, remaining: 2 s.
 [ 22:15:44 |  40% ] block 154 / 384, remaining: 2 s.
 [ 22:15:44 |  50% ] block 192 / 384, remaining: 2 s.
 [ 22:15:44 |  60% ] block 231 / 384, remaining: 1 s.
 [ 22:15:45 |  70% ] block 269 / 384, remaining: 1 s.
 [ 22:15:45 |  80% ] block 308 / 384, remaining: 1 s.
 [ 22:15:45 |  90% ] block 346 / 384, remaining: 0 s.
 [ 22:15:46 | 100% ] block 384 / 384, remaining: 0 s.
 Finished calculating Sigma at 22:15:46.
 Elapsed time: 3 s.
 
 Unsymmetrized values for ik =   3 spin = 1
 
     n      Emf       Eo      Vxc        X     SX-X       CH      Cor      Sig
     1  -39.355  -39.355  -24.470  -39.300    8.825   -4.974    3.851  -35.449
     2  -18.747  -18.747  -22.839  -37.780   17.560   -9.451    8.109  -29.672
     3   -2.173   -2.173  -19.340  -27.413   11.851   -8.063    3.788  -23.626
     4    0.095    0.095  -22.400  -30.257   13.253   -9.262    3.991  -26.266
     5    0.095    0.095  -22.400  -30.257   13.250   -9.259    3.991  -26.267
     6   10.627   10.627  -10.244   -4.546    2.102   -5.682   -3.581   -8.126
     7   16.470   16.470  -14.892   -8.133    3.365   -7.163   -3.798  -11.931
     8   18.619   18.619   -9.737   -3.051    1.204   -5.175   -3.971   -7.022
     9   18.619   18.619   -9.737   -3.051    1.165   -5.137   -3.972   -7.023
    10   30.059   30.059   -9.361   -2.239    0.384   -4.891   -4.506   -6.746
    11   30.557   30.557  -11.078   -3.353    1.165   -5.939   -4.774   -8.128
    12   30.557   30.557  -11.078   -3.353    1.162   -5.935   -4.773   -8.126

 Symmetrized values from band-averaging:

       k = -0.000000 -0.000000  0.500000 ik =   3 spin = 1

     n      Emf       Eo      Vxc        X      Cor     Eqp0     Eqp1      Znk
     1  -39.355  -39.355  -24.470  -39.300    3.851  -50.334  -49.559    0.929
     2  -18.747  -18.747  -22.839  -37.780    8.109  -25.580  -24.590    0.855
     3   -2.173   -2.173  -19.340  -27.413    3.788   -6.459   -5.990    0.891
     4    0.095    0.095  -22.400  -30.257    3.991   -3.771   -3.337    0.888
     5    0.095    0.095  -22.400  -30.257    3.991   -3.771   -3.337    0.888
     6   10.627   10.627  -10.244   -4.546   -3.581   12.745   12.581    0.922
     7   16.470   16.470  -14.892   -8.133   -3.798   19.431   19.156    0.907
     8   18.619   18.619   -9.737   -3.051   -3.972   21.334   21.125    0.923
     9   18.619   18.619   -9.737   -3.051   -3.972   21.334   21.125    0.923
    10   30.059   30.059   -9.361   -2.239   -4.506   32.675   32.444    0.912
    11   30.557   30.557  -11.078   -3.353   -4.773   33.508   33.214    0.900
    12   30.557   30.557  -11.078   -3.353   -4.773   33.508   33.214    0.900
 
================================================================================
 22:15:46   Dealing with k = -0.000000 -0.000000  0.750000                4 / 64
================================================================================

 Reading vxc.dat
 Number of q-points in the irreducible BZ(k) (nrq): 64
 
 Started calculating Sigma with 384 block(s) at 22:15:46.
 [ 22:15:46 |   0% ] block   1 / 384.
 [ 22:15:46 |   1% ] block   3 / 384, remaining: 3 s.
 [ 22:15:46 |  10% ] block  39 / 384, remaining: 3 s.
 [ 22:15:47 |  20% ] block  77 / 384, remaining: 3 s.
 [ 22:15:47 |  30% ] block 116 / 384, remaining: 2 s.
 [ 22:15:47 |  40% ] block 154 / 384, remaining: 2 s.
 [ 22:15:48 |  50% ] block 192 / 384, remaining: 2 s.
 [ 22:15:48 |  60% ] block 231 / 384, remaining: 1 s.
 [ 22:15:48 |  70% ] block 269 / 384, remaining: 1 s.
 [ 22:15:49 |  80% ] block 308 / 384, remaining: 1 s.
 [ 22:15:49 |  90% ] block 346 / 384, remaining: 0 s.
 [ 22:15:49 | 100% ] block 384 / 384, remaining: 0 s.
 Finished calculating Sigma at 22:15:49.
 Elapsed time: 3 s.
 
 Unsymmetrized values for ik =   4 spin = 1
 
     n      Emf       Eo      Vxc        X     SX-X       CH      Cor      Sig
     1  -39.387  -39.387  -24.426  -39.260    8.846   -4.975    3.871  -35.389
     2  -18.968  -18.968  -22.608  -37.543   17.390   -9.322    8.068  -29.475
     3   -1.038   -1.038  -20.653  -28.529   12.420   -8.596    3.824  -24.704
     4    0.196    0.196  -22.518  -30.342   13.301   -9.309    3.992  -26.350
     5    0.196    0.196  -22.518  -30.342   13.296   -9.307    3.990  -26.352
     6   10.206   10.206  -12.250   -6.683    2.831   -6.264   -3.433  -10.117
     7   17.692   17.692  -11.314   -4.807    1.904   -5.798   -3.894   -8.701
     8   20.240   20.240  -10.000   -3.104    0.551   -4.626   -4.075   -7.179
     9   20.240   20.240  -10.000   -3.105    0.552   -4.622   -4.071   -7.175
    10   26.636   26.636   -9.472   -2.344    0.601   -4.969   -4.368   -6.712
    11   27.212   27.212   -9.536   -2.677    1.036   -5.309   -4.272   -6.949
    12   27.212   27.212   -9.536   -2.677    1.036   -5.307   -4.271   -6.949

 Symmetrized values from band-averaging:

       k = -0.000000 -0.000000  0.750000 ik =   4 spin = 1

     n      Emf       Eo      Vxc        X      Cor     Eqp0     Eqp1      Znk
     1  -39.387  -39.387  -24.426  -39.260    3.871  -50.349  -49.503    0.923
     2  -18.968  -18.968  -22.608  -37.543    8.068  -25.835  -24.848    0.856
     3   -1.038   -1.038  -20.653  -28.529    3.824   -5.090   -4.643    0.890
     4    0.196    0.196  -22.518  -30.342    3.991   -3.636   -3.205    0.888
     5    0.196    0.196  -22.518  -30.342    3.991   -3.636   -3.205    0.888
     6   10.206   10.206  -12.250   -6.683   -3.433   12.339   12.164    0.918
     7   17.692   17.692  -11.314   -4.807   -3.894   20.306   20.088    0.916
     8   20.240   20.240  -10.000   -3.104   -4.073   23.063   22.840    0.921
     9   20.240   20.240  -10.000   -3.104   -4.073   23.063   22.840    0.921
    10   26.636   26.636   -9.472   -2.344   -4.368   29.396   29.162    0.915
    11   27.212   27.212   -9.536   -2.677   -4.272   29.799   29.584    0.917
    12   27.212   27.212   -9.536   -2.677   -4.272   29.799   29.584    0.917
 
================================================================================
 22:15:49   Dealing with k =  0.000000  0.250000  0.000000                5 / 64
================================================================================

 Reading vxc.dat
 Number of q-points in the irreducible BZ(k) (nrq): 64
 
 Started calculating Sigma with 384 block(s) at 22:15:49.
 [ 22:15:49 |   0% ] block   1 / 384.
 [ 22:15:49 |   1% ] block   3 / 384, remaining: 3 s.
 [ 22:15:50 |  10% ] block  39 / 384, remaining: 3 s.
 [ 22:15:50 |  20% ] block  77 / 384, remaining: 3 s.
 [ 22:15:50 |  30% ] block 116 / 384, remaining: 2 s.
 [ 22:15:51 |  40% ] block 154 / 384, remaining: 2 s.
 [ 22:15:51 |  50% ] block 192 / 384, remaining: 2 s.
 [ 22:15:51 |  60% ] block 231 / 384, remaining: 1 s.
 [ 22:15:52 |  70% ] block 269 / 384, remaining: 1 s.
 [ 22:15:52 |  80% ] block 308 / 384, remaining: 1 s.
 [ 22:15:52 |  90% ] block 346 / 384, remaining: 0 s.
 [ 22:15:53 | 100% ] block 384 / 384, remaining: 0 s.
 Finished calculating Sigma at 22:15:53.
 Elapsed time: 3 s.
 
 Unsymmetrized values for ik =   5 spin = 1
 
     n      Emf       Eo      Vxc        X     SX-X       CH      Cor      Sig
     1  -39.387  -39.387  -24.426  -39.260    8.846   -4.975    3.871  -35.389
     2  -18.968  -18.968  -22.608  -37.544   17.390   -9.322    8.068  -29.475
     3   -1.038   -1.038  -20.653  -28.526   12.428   -8.599    3.830  -24.697
     4    0.196    0.196  -22.518  -30.342   13.299   -9.308    3.991  -26.350
     5    0.196    0.196  -22.518  -30.341   13.299   -9.308    3.991  -26.350
     6   10.206   10.206  -12.250   -6.684    2.830   -6.265   -3.436  -10.119
     7   17.692   17.692  -11.314   -4.808    1.881   -5.781   -3.900   -8.708
     8   20.240   20.240  -10.000   -3.104    0.498   -4.570   -4.072   -7.176
     9   20.240   20.240  -10.000   -3.103    0.528   -4.597   -4.069   -7.173
    10   26.636   26.636   -9.472   -2.345    0.600   -4.967   -4.367   -6.712
    11   27.212   27.212   -9.536   -2.678    1.033   -5.309   -4.277   -6.955
    12   27.212   27.212   -9.536   -2.679    1.034   -5.308   -4.274   -6.953

 Symmetrized values from band-averaging:

       k =  0.000000  0.250000  0.000000 ik =   5 spin = 1

     n      Emf       Eo      Vxc        X      Cor     Eqp0     Eqp1      Znk
     1  -39.387  -39.387  -24.426  -39.260    3.871  -50.349  -49.504    0.923
     2  -18.968  -18.968  -22.608  -37.544    8.068  -25.835  -24.849    0.856
     3   -1.038   -1.038  -20.653  -28.526    3.830   -5.082   -4.636    0.890
     4    0.196    0.196  -22.518  -30.341    3.991   -3.636   -3.205    0.888
     5    0.196    0.196  -22.518  -30.341    3.991   -3.636   -3.205    0.888
     6   10.206   10.206  -12.250   -6.684   -3.436   12.336   12.161    0.918
     7   17.692   17.692  -11.314   -4.808   -3.900   20.299   20.081    0.916
     8   20.240   20.240  -10.000   -3.104   -4.071   23.066   22.843    0.921
     9   20.240   20.240  -10.000   -3.104   -4.071   23.066   22.843    0.921
    10   26.636   26.636   -9.472   -2.345   -4.367   29.396   29.162    0.915
    11   27.212   27.212   -9.536   -2.679   -4.275   29.795   29.580    0.917
    12   27.212   27.212   -9.536   -2.679   -4.275   29.795   29.580    0.917
 
================================================================================
 22:15:53   Dealing with k =  0.000000  0.250000  0.250000                6 / 64
================================================================================

 Reading vxc.dat
 Number of q-points in the irreducible BZ(k) (nrq): 64
 
 Started calculating Sigma with 384 block(s) at 22:15:53.
 [ 22:15:53 |   0% ] block   1 / 384.
 [ 22:15:53 |   1% ] block   3 / 384, remaining: 3 s.
 [ 22:15:53 |  10% ] block  39 / 384, remaining: 3 s.
 [ 22:15:53 |  20% ] block  77 / 384, remaining: 3 s.
 [ 22:15:54 |  30% ] block 116 / 384, remaining: 2 s.
 [ 22:15:54 |  40% ] block 154 / 384, remaining: 2 s.
 [ 22:15:54 |  50% ] block 192 / 384, remaining: 2 s.
 [ 22:15:55 |  60% ] block 231 / 384, remaining: 1 s.
 [ 22:15:55 |  70% ] block 269 / 384, remaining: 1 s.
 [ 22:15:55 |  80% ] block 308 / 384, remaining: 1 s.
 [ 22:15:56 |  90% ] block 346 / 384, remaining: 0 s.
 [ 22:15:56 | 100% ] block 384 / 384, remaining: 0 s.
 Finished calculating Sigma at 22:15:56.
 Elapsed time: 3 s.
 
 Unsymmetrized values for ik =   6 spin = 1
 
     n      Emf       Eo      Vxc        X     SX-X       CH      Cor      Sig
     1  -39.377  -39.377  -24.438  -39.269    8.840   -4.975    3.865  -35.405
     2  -18.871  -18.871  -22.718  -37.656   17.447   -9.370    8.077  -29.580
     3   -1.099   -1.099  -20.413  -28.190   12.305   -8.536    3.770  -24.421
     4   -0.187   -0.187  -21.910  -29.762   13.031   -9.080    3.951  -25.811
     5   -0.187   -0.187  -21.910  -29.762   13.030   -9.079    3.951  -25.811
     6   11.258   11.258  -13.714   -8.038    3.340   -6.709   -3.369  -11.407
     7   18.561   18.561   -8.385   -2.454    0.913   -4.768   -3.855   -6.309
     8   19.452   19.452  -10.224   -3.488    0.888   -4.910   -4.022   -7.510
     9   20.271   20.271  -11.426   -4.261    1.128   -5.278   -4.150   -8.412
    10   20.271   20.271  -11.426   -4.261    1.111   -5.261   -4.151   -8.412
    11   32.610   32.610   -9.645   -2.288    0.362   -4.852   -4.491   -6.779
    12   32.610   32.610   -9.645   -2.288    0.386   -4.876   -4.490   -6.778

 Symmetrized values from band-averaging:

       k =  0.000000  0.250000  0.250000 ik =   6 spin = 1

     n      Emf       Eo      Vxc        X      Cor     Eqp0     Eqp1      Znk
     1  -39.377  -39.377  -24.438  -39.269    3.865  -50.343  -49.530    0.926
     2  -18.871  -18.871  -22.718  -37.656    8.077  -25.732  -24.738    0.855
     3   -1.099   -1.099  -20.413  -28.190    3.770   -5.107   -4.668    0.890
     4   -0.187   -0.187  -21.910  -29.762    3.951   -4.089   -3.652    0.888
     5   -0.187   -0.187  -21.910  -29.762    3.951   -4.089   -3.652    0.888
     6   11.258   11.258  -13.714   -8.038   -3.369   13.564   13.365    0.914
     7   18.561   18.561   -8.385   -2.454   -3.855   20.637   20.477    0.923
     8   19.452   19.452  -10.224   -3.488   -4.022   22.167   21.954    0.922
     9   20.271   20.271  -11.426   -4.261   -4.150   23.286   23.031    0.915
    10   20.271   20.271  -11.426   -4.261   -4.150   23.286   23.031    0.915
    11   32.610   32.610   -9.645   -2.288   -4.491   35.476   35.223    0.912
    12   32.610   32.610   -9.645   -2.288   -4.491   35.476   35.223    0.912
 
================================================================================
 22:15:56   Dealing with k = -0.000000  0.250000  0.500000                7 / 64
================================================================================

 Reading vxc.dat
 Number of q-points in the irreducible BZ(k) (nrq): 64
 
 Started calculating Sigma with 384 block(s) at 22:15:56.
 [ 22:15:56 |   0% ] block   1 / 384.
 [ 22:15:56 |   1% ] block   3 / 384, remaining: 3 s.
 [ 22:15:57 |  10% ] block  39 / 384, remaining: 3 s.
 [ 22:15:57 |  20% ] block  77 / 384, remaining: 3 s.
 [ 22:15:57 |  30% ] block 116 / 384, remaining: 2 s.
 [ 22:15:58 |  40% ] block 154 / 384, remaining: 2 s.
 [ 22:15:58 |  50% ] block 192 / 384, remaining: 2 s.
 [ 22:15:58 |  60% ] block 231 / 384, remaining: 1 s.
 [ 22:15:59 |  70% ] block 269 / 384, remaining: 1 s.
 [ 22:15:59 |  80% ] block 308 / 384, remaining: 1 s.
 [ 22:15:59 |  90% ] block 346 / 384, remaining: 0 s.
 [ 22:16:00 | 100% ] block 384 / 384, remaining: 0 s.
 Finished calculating Sigma at 22:16:00.
 Elapsed time: 3 s.
 
 Unsymmetrized values for ik =   7 spin = 1
 
     n      Emf       Eo      Vxc        X     SX-X       CH      Cor      Sig
     1  -39.347  -39.347  -24.481  -39.308    8.824   -4.975    3.849  -35.459
     2  -18.616  -18.616  -23.012  -37.962   17.633   -9.518    8.116  -29.846
     3   -2.034   -2.034  -19.295  -27.238   11.841   -8.096    3.745  -23.493
     4   -0.838   -0.838  -20.863  -28.709   12.544   -8.693    3.851  -24.859
     5   -0.303   -0.303  -21.776  -29.654   12.974   -9.028    3.947  -25.708
     6   12.779   12.779  -12.498   -6.535    2.580   -6.113   -3.532  -10.068
     7   15.599   15.599  -12.607   -6.220    2.546   -6.255   -3.710   -9.930
     8   18.465   18.465  -11.418   -4.737    1.724   -5.698   -3.974   -8.711
     9   19.276   19.276  -11.255   -4.216    1.506   -5.576   -4.070   -8.286
    10   23.716   23.716   -9.995   -3.098    1.029   -5.270   -4.242   -7.340
    11   32.537   32.537  -10.548   -2.951    0.726   -5.393   -4.666   -7.617
    12   33.251   33.251  -10.521   -2.925    1.003   -5.739   -4.736   -7.660

 Symmetrized values from band-averaging:

       k = -0.000000  0.250000  0.500000 ik =   7 spin = 1

     n      Emf       Eo      Vxc        X      Cor     Eqp0     Eqp1      Znk
     1  -39.347  -39.347  -24.481  -39.308    3.849  -50.325  -49.508    0.926
     2  -18.616  -18.616  -23.012  -37.962    8.116  -25.450  -24.448    0.853
     3   -2.034   -2.034  -19.295  -27.238    3.745   -6.233   -5.774    0.891
     4   -0.838   -0.838  -20.863  -28.709    3.851   -4.834   -4.392    0.889
     5   -0.303   -0.303  -21.776  -29.654    3.947   -4.234   -3.795    0.888
     6   12.779   12.779  -12.498   -6.535   -3.532   15.209   15.005    0.916
     7   15.599   15.599  -12.607   -6.220   -3.710   18.276   18.046    0.914
     8   18.465   18.465  -11.418   -4.737   -3.974   21.173   20.953    0.919
     9   19.276   19.276  -11.255   -4.216   -4.070   22.245   21.999    0.917
    10   23.716   23.716   -9.995   -3.098   -4.242   26.371   26.148    0.916
    11   32.537   32.537  -10.548   -2.951   -4.666   35.468   35.188    0.904
    12   33.251   33.251  -10.521   -2.925   -4.736   36.112   35.840    0.905
 
================================================================================
 22:16:00   Dealing with k = -0.000000  0.250000  0.750000                8 / 64
================================================================================

 Reading vxc.dat
 Number of q-points in the irreducible BZ(k) (nrq): 64
 
 Started calculating Sigma with 384 block(s) at 22:16:00.
 [ 22:16:00 |   0% ] block   1 / 384.
 [ 22:16:00 |   1% ] block   3 / 384, remaining: 3 s.
 [ 22:16:00 |  10% ] block  39 / 384, remaining: 3 s.
 [ 22:16:00 |  20% ] block  77 / 384, remaining: 3 s.
 [ 22:16:01 |  30% ] block 116 / 384, remaining: 2 s.
 [ 22:16:01 |  40% ] block 154 / 384, remaining: 2 s.
 [ 22:16:01 |  50% ] block 192 / 384, remaining: 2 s.
 [ 22:16:02 |  60% ] block 231 / 384, remaining: 1 s.
 [ 22:16:02 |  70% ] block 269 / 384, remaining: 1 s.
 [ 22:16:02 |  80% ] block 308 / 384, remaining: 1 s.
 [ 22:16:03 |  90% ] block 346 / 384, remaining: 0 s.
 [ 22:16:03 | 100% ] block 384 / 384, remaining: 0 s.
 Finished calculating Sigma at 22:16:03.
 Elapsed time: 3 s.
 
 Unsymmetrized values for ik =   8 spin = 1
 
     n      Emf       Eo      Vxc        X     SX-X       CH      Cor      Sig
     1  -39.356  -39.356  -24.468  -39.297    8.829   -4.975    3.855  -35.442
     2  -18.721  -18.721  -22.880  -37.824   17.562   -9.460    8.102  -29.722
     3   -1.524   -1.524  -20.043  -27.980   12.163   -8.369    3.794  -24.185
     4   -1.002   -1.002  -20.579  -28.430   12.420   -8.590    3.829  -24.601
     5    0.077    0.077  -22.356  -30.203   13.227   -9.244    3.984  -26.219
     6   11.914   11.914  -12.351   -6.488    2.453   -5.966   -3.513  -10.002
     7   15.559   15.559  -12.057   -5.742    2.306   -6.007   -3.701   -9.443
     8   19.167   19.167  -10.203   -3.341    1.154   -5.179   -4.026   -7.366
     9   19.171   19.171  -12.189   -5.268    1.880   -5.922   -4.042   -9.309
    10   28.615   28.615   -9.154   -2.407    0.890   -5.168   -4.278   -6.685
    11   28.654   28.654   -9.484   -2.201    0.377   -4.775   -4.398   -6.599
    12   28.702   28.702  -10.290   -3.085    1.092   -5.631   -4.539   -7.624

 Symmetrized values from band-averaging:

       k = -0.000000  0.250000  0.750000 ik =   8 spin = 1

     n      Emf       Eo      Vxc        X      Cor     Eqp0     Eqp1      Znk
     1  -39.356  -39.356  -24.468  -39.297    3.855  -50.330  -49.496    0.924
     2  -18.721  -18.721  -22.880  -37.824    8.102  -25.562  -24.565    0.854
     3   -1.524   -1.524  -20.043  -27.980    3.794   -5.666   -5.211    0.890
     4   -1.002   -1.002  -20.579  -28.430    3.829   -5.024   -4.580    0.890
     5    0.077    0.077  -22.356  -30.203    3.984   -3.786   -3.352    0.888
     6   11.914   11.914  -12.351   -6.488   -3.513   14.264   14.068    0.917
     7   15.559   15.559  -12.057   -5.742   -3.701   18.173   17.952    0.916
     8   19.167   19.167  -10.203   -3.341   -4.026   22.003   21.780    0.921
     9   19.171   19.171  -12.189   -5.268   -4.042   22.051   21.808    0.916
    10   28.615   28.615   -9.154   -2.407   -4.278   31.084   30.877    0.916
    11   28.654   28.654   -9.484   -2.201   -4.398   31.540   31.291    0.914
    12   28.702   28.702  -10.290   -3.085   -4.539   31.367   31.123    0.908
 
================================================================================
 22:16:03   Dealing with k =  0.000000  0.500000  0.000000                9 / 64
================================================================================

 Reading vxc.dat
 Number of q-points in the irreducible BZ(k) (nrq): 64
 
 Started calculating Sigma with 384 block(s) at 22:16:03.
 [ 22:16:03 |   0% ] block   1 / 384.
 [ 22:16:03 |   1% ] block   3 / 384, remaining: 3 s.
 [ 22:16:03 |  10% ] block  39 / 384, remaining: 3 s.
 [ 22:16:04 |  20% ] block  77 / 384, remaining: 3 s.
 [ 22:16:04 |  30% ] block 116 / 384, remaining: 2 s.
 [ 22:16:04 |  40% ] block 154 / 384, remaining: 2 s.
 [ 22:16:05 |  50% ] block 192 / 384, remaining: 2 s.
 [ 22:16:05 |  60% ] block 231 / 384, remaining: 1 s.
 [ 22:16:06 |  70% ] block 269 / 384, remaining: 1 s.
 [ 22:16:06 |  80% ] block 308 / 384, remaining: 1 s.
 [ 22:16:06 |  90% ] block 346 / 384, remaining: 0 s.
 [ 22:16:07 | 100% ] block 384 / 384, remaining: 0 s.
 Finished calculating Sigma at 22:16:07.
 Elapsed time: 3 s.
 
 Unsymmetrized values for ik =   9 spin = 1
 
     n      Emf       Eo      Vxc        X     SX-X       CH      Cor      Sig
     1  -39.355  -39.355  -24.470  -39.300    8.825   -4.974    3.850  -35.449
     2  -18.747  -18.747  -22.839  -37.780   17.560   -9.451    8.109  -29.672
     3   -2.173   -2.173  -19.340  -27.413   11.851   -8.063    3.788  -23.625
     4    0.095    0.095  -22.400  -30.257   13.251   -9.260    3.991  -26.267
     5    0.095    0.095  -22.400  -30.257   13.251   -9.261    3.991  -26.266
     6   10.627   10.627  -10.244   -4.546    2.153   -5.734   -3.580   -8.126
     7   16.470   16.470  -14.892   -8.133    3.366   -7.165   -3.798  -11.931
     8   18.619   18.619   -9.737   -3.051    1.154   -5.126   -3.972   -7.023
     9   18.619   18.619   -9.737   -3.051    1.181   -5.152   -3.971   -7.022
    10   30.059   30.059   -9.361   -2.239    0.386   -4.892   -4.506   -6.745
    11   30.557   30.557  -11.078   -3.353    1.164   -5.937   -4.773   -8.126
    12   30.557   30.557  -11.078   -3.353    1.164   -5.938   -4.774   -8.127

 Symmetrized values from band-averaging:

       k =  0.000000  0.500000  0.000000 ik =   9 spin = 1

     n      Emf       Eo      Vxc        X      Cor     Eqp0     Eqp1      Znk
     1  -39.355  -39.355  -24.470  -39.300    3.850  -50.334  -49.566    0.930
     2  -18.747  -18.747  -22.839  -37.780    8.109  -25.580  -24.590    0.855
     3   -2.173   -2.173  -19.340  -27.413    3.788   -6.459   -5.990    0.891
     4    0.095    0.095  -22.400  -30.257    3.991   -3.771   -3.337    0.888
     5    0.095    0.095  -22.400  -30.257    3.991   -3.771   -3.337    0.888
     6   10.627   10.627  -10.244   -4.546   -3.580   12.745   12.581    0.922
     7   16.470   16.470  -14.892   -8.133   -3.798   19.431   19.156    0.907
     8   18.619   18.619   -9.737   -3.051   -3.972   21.334   21.125    0.923
     9   18.619   18.619   -9.737   -3.051   -3.972   21.334   21.125    0.923
    10   30.059   30.059   -9.361   -2.239   -4.506   32.675   32.444    0.912
    11   30.557   30.557  -11.078   -3.353   -4.774   33.508   33.213    0.900
    12   30.557   30.557  -11.078   -3.353   -4.774   33.508   33.213    0.900
 
================================================================================
 22:16:07   Dealing with k =  0.000000  0.500000  0.250000               10 / 64
================================================================================

 Reading vxc.dat
 Number of q-points in the irreducible BZ(k) (nrq): 64
 
 Started calculating Sigma with 384 block(s) at 22:16:07.
 [ 22:16:07 |   0% ] block   1 / 384.
 [ 22:16:07 |   1% ] block   3 / 384, remaining: 3 s.
 [ 22:16:07 |  10% ] block  39 / 384, remaining: 3 s.
 [ 22:16:07 |  20% ] block  77 / 384, remaining: 3 s.
 [ 22:16:08 |  30% ] block 116 / 384, remaining: 2 s.
 [ 22:16:08 |  40% ] block 154 / 384, remaining: 2 s.
 [ 22:16:08 |  50% ] block 192 / 384, remaining: 2 s.
 [ 22:16:09 |  60% ] block 231 / 384, remaining: 1 s.
 [ 22:16:09 |  70% ] block 269 / 384, remaining: 1 s.
 [ 22:16:09 |  80% ] block 308 / 384, remaining: 1 s.
 [ 22:16:10 |  90% ] block 346 / 384, remaining: 0 s.
 [ 22:16:10 | 100% ] block 384 / 384, remaining: 0 s.
 Finished calculating Sigma at 22:16:10.
 Elapsed time: 3 s.
 
 Unsymmetrized values for ik =  10 spin = 1
 
     n      Emf       Eo      Vxc        X     SX-X       CH      Cor      Sig
     1  -39.347  -39.347  -24.481  -39.308    8.824   -4.975    3.849  -35.459
     2  -18.616  -18.616  -23.012  -37.962   17.634   -9.518    8.116  -29.845
     3   -2.034   -2.034  -19.295  -27.238   11.841   -8.096    3.745  -23.493
     4   -0.838   -0.838  -20.863  -28.709   12.543   -8.693    3.850  -24.859
     5   -0.303   -0.303  -21.776  -29.654   12.974   -9.028    3.946  -25.707
     6   12.779   12.779  -12.498   -6.535    2.579   -6.111   -3.532  -10.067
     7   15.599   15.599  -12.607   -6.220    2.549   -6.259   -3.710   -9.930
     8   18.465   18.465  -11.418   -4.737    1.722   -5.695   -3.974   -8.711
     9   19.276   19.276  -11.255   -4.216    1.509   -5.579   -4.070   -8.286
    10   23.716   23.716   -9.995   -3.098    1.030   -5.272   -4.242   -7.340
    11   32.537   32.537  -10.548   -2.951    0.725   -5.391   -4.666   -7.617
    12   33.251   33.251  -10.521   -2.925    1.002   -5.738   -4.736   -7.661

 Symmetrized values from band-averaging:

       k =  0.000000  0.500000  0.250000 ik =  10 spin = 1

     n      Emf       Eo      Vxc        X      Cor     Eqp0     Eqp1      Znk
     1  -39.347  -39.347  -24.481  -39.308    3.849  -50.325  -49.508    0.926
     2  -18.616  -18.616  -23.012  -37.962    8.116  -25.449  -24.446    0.853
     3   -2.034   -2.034  -19.295  -27.238    3.745   -6.232   -5.774    0.891
     4   -0.838   -0.838  -20.863  -28.709    3.850   -4.834   -4.392    0.889
     5   -0.303   -0.303  -21.776  -29.654    3.946   -4.234   -3.795    0.888
     6   12.779   12.779  -12.498   -6.535   -3.532   15.210   15.005    0.916
     7   15.599   15.599  -12.607   -6.220   -3.710   18.276   18.046    0.914
     8   18.465   18.465  -11.418   -4.737   -3.974   21.173   20.953    0.919
     9   19.276   19.276  -11.255   -4.216   -4.070   22.245   21.999    0.917
    10   23.716   23.716   -9.995   -3.098   -4.242   26.370   26.147    0.916
    11   32.537   32.537  -10.548   -2.951   -4.666   35.468   35.188    0.904
    12   33.251   33.251  -10.521   -2.925   -4.736   36.112   35.840    0.905
 
================================================================================
 22:16:10   Dealing with k =  0.000000  0.500000  0.500000               11 / 64
================================================================================

 Reading vxc.dat
 Number of q-points in the irreducible BZ(k) (nrq): 64
 
 Started calculating Sigma with 384 block(s) at 22:16:10.
 [ 22:16:10 |   0% ] block   1 / 384.
 [ 22:16:10 |   1% ] block   3 / 384, remaining: 3 s.
 [ 22:16:10 |  10% ] block  39 / 384, remaining: 3 s.
 [ 22:16:11 |  20% ] block  77 / 384, remaining: 3 s.
 [ 22:16:11 |  30% ] block 116 / 384, remaining: 2 s.
 [ 22:16:11 |  40% ] block 154 / 384, remaining: 2 s.
 [ 22:16:12 |  50% ] block 192 / 384, remaining: 2 s.
 [ 22:16:12 |  60% ] block 231 / 384, remaining: 1 s.
 [ 22:16:12 |  70% ] block 269 / 384, remaining: 1 s.
 [ 22:16:13 |  80% ] block 308 / 384, remaining: 1 s.
 [ 22:16:13 |  90% ] block 346 / 384, remaining: 0 s.
 [ 22:16:13 | 100% ] block 384 / 384, remaining: 0 s.
 Finished calculating Sigma at 22:16:13.
 Elapsed time: 3 s.
 
 Unsymmetrized values for ik =  11 spin = 1
 
     n      Emf       Eo      Vxc        X     SX-X       CH      Cor      Sig
     1  -39.339  -39.339  -24.492  -39.316    8.822   -4.975    3.847  -35.469
     2  -18.479  -18.479  -23.200  -38.159   17.728   -9.591    8.137  -30.023
     3   -2.677   -2.677  -18.378  -26.301   11.449   -7.780    3.669  -22.631
     4   -0.670   -0.670  -21.251  -29.165   12.750   -8.834    3.916  -25.250
     5   -0.670   -0.670  -21.251  -29.165   12.749   -8.833    3.916  -25.250
     6   14.561   14.561  -15.133   -8.632    3.663   -7.218   -3.555  -12.188
     7   16.318   16.318   -8.339   -2.620    0.949   -4.682   -3.733   -6.353
     8   17.235   17.235  -11.215   -4.813    1.442   -5.376   -3.934   -8.747
     9   19.861   19.861  -12.553   -5.161    1.590   -5.776   -4.186   -9.347
    10   19.861   19.861  -12.553   -5.161    1.577   -5.763   -4.186   -9.347
    11   32.945   32.945  -12.449   -4.539    1.935   -6.860   -4.926   -9.465
    12   37.921   37.921  -11.300   -3.580    1.881   -6.526   -4.646   -8.226

 Symmetrized values from band-averaging:

       k =  0.000000  0.500000  0.500000 ik =  11 spin = 1

     n      Emf       Eo      Vxc        X      Cor     Eqp0     Eqp1      Znk
     1  -39.339  -39.339  -24.492  -39.316    3.847  -50.316  -49.491    0.925
     2  -18.479  -18.479  -23.200  -38.159    8.137  -25.302  -24.286    0.851
     3   -2.677   -2.677  -18.378  -26.301    3.669   -6.930   -6.468    0.891
     4   -0.670   -0.670  -21.251  -29.165    3.916   -4.669   -4.224    0.889
     5   -0.670   -0.670  -21.251  -29.165    3.916   -4.669   -4.224    0.889
     6   14.561   14.561  -15.133   -8.632   -3.555   17.506   17.235    0.908
     7   16.318   16.318   -8.339   -2.620   -3.733   18.304   18.154    0.925
     8   17.235   17.235  -11.215   -4.813   -3.934   19.703   19.506    0.920
     9   19.861   19.861  -12.553   -5.161   -4.186   23.067   22.785    0.912
    10   19.861   19.861  -12.553   -5.161   -4.186   23.067   22.785    0.912
    11   32.945   32.945  -12.449   -4.539   -4.926   35.929   35.616    0.895
    12   37.921   37.921  -11.300   -3.580   -4.646   40.996   40.745    0.919
 
================================================================================
 22:16:13   Dealing with k = -0.000000  0.500000  0.750000               12 / 64
================================================================================

 Reading vxc.dat
 Number of q-points in the irreducible BZ(k) (nrq): 64
 
 Started calculating Sigma with 384 block(s) at 22:16:13.
 [ 22:16:13 |   0% ] block   1 / 384.
 [ 22:16:13 |   1% ] block   3 / 384, remaining: 3 s.
 [ 22:16:14 |  10% ] block  39 / 384, remaining: 3 s.
 [ 22:16:14 |  20% ] block  77 / 384, remaining: 3 s.
 [ 22:16:15 |  30% ] block 116 / 384, remaining: 2 s.
 [ 22:16:15 |  40% ] block 154 / 384, remaining: 2 s.
 [ 22:16:15 |  50% ] block 192 / 384, remaining: 2 s.
 [ 22:16:16 |  60% ] block 231 / 384, remaining: 1 s.
 [ 22:16:16 |  70% ] block 269 / 384, remaining: 1 s.
 [ 22:16:16 |  80% ] block 308 / 384, remaining: 1 s.
 [ 22:16:17 |  90% ] block 346 / 384, remaining: 0 s.
 [ 22:16:17 | 100% ] block 384 / 384, remaining: 0 s.
 Finished calculating Sigma at 22:16:17.
 Elapsed time: 3 s.
 
 Unsymmetrized values for ik =  12 spin = 1
 
     n      Emf       Eo      Vxc        X     SX-X       CH      Cor      Sig
     1  -39.347  -39.347  -24.481  -39.308    8.824   -4.975    3.849  -35.458
     2  -18.616  -18.616  -23.012  -37.961   17.634   -9.518    8.116  -29.845
     3   -2.034   -2.034  -19.295  -27.239   11.836   -8.093    3.743  -23.496
     4   -0.838   -0.838  -20.863  -28.711   12.538   -8.692    3.846  -24.865
     5   -0.303   -0.303  -21.776  -29.655   12.973   -9.028    3.945  -25.709
     6   12.779   12.779  -12.498   -6.532    2.595   -6.119   -3.525  -10.057
     7   15.599   15.599  -12.607   -6.221    2.546   -6.255   -3.710   -9.930
     8   18.465   18.465  -11.418   -4.736    1.752   -5.723   -3.971   -8.707
     9   19.276   19.276  -11.255   -4.215    1.500   -5.566   -4.066   -8.281
    10   23.716   23.716   -9.995   -3.099    1.028   -5.270   -4.242   -7.341
    11   32.537   32.537  -10.548   -2.952    0.727   -5.393   -4.666   -7.618
    12   33.251   33.251  -10.521   -2.925    0.994   -5.733   -4.738   -7.663

 Symmetrized values from band-averaging:

       k = -0.000000  0.500000  0.750000 ik =  12 spin = 1

     n      Emf       Eo      Vxc        X      Cor     Eqp0     Eqp1      Znk
     1  -39.347  -39.347  -24.481  -39.308    3.849  -50.325  -49.508    0.926
     2  -18.616  -18.616  -23.012  -37.961    8.116  -25.449  -24.446    0.853
     3   -2.034   -2.034  -19.295  -27.239    3.743   -6.236   -5.777    0.891
     4   -0.838   -0.838  -20.863  -28.711    3.846   -4.841   -4.398    0.889
     5   -0.303   -0.303  -21.776  -29.655    3.945   -4.236   -3.796    0.888
     6   12.779   12.779  -12.498   -6.532   -3.525   15.220   15.015    0.916
     7   15.599   15.599  -12.607   -6.221   -3.710   18.276   18.045    0.914
     8   18.465   18.465  -11.418   -4.736   -3.971   21.177   20.956    0.919
     9   19.276   19.276  -11.255   -4.215   -4.066   22.249   22.003    0.917
    10   23.716   23.716   -9.995   -3.099   -4.242   26.369   26.146    0.916
    11   32.537   32.537  -10.548   -2.952   -4.666   35.468   35.188    0.905
    12   33.251   33.251  -10.521   -2.925   -4.738   36.110   35.838    0.905
 
================================================================================
 22:16:17   Dealing with k =  0.000000  0.750000  0.000000               13 / 64
================================================================================

 Reading vxc.dat
 Number of q-points in the irreducible BZ(k) (nrq): 64
 
 Started calculating Sigma with 384 block(s) at 22:16:17.
 [ 22:16:17 |   0% ] block   1 / 384.
 [ 22:16:17 |   1% ] block   3 / 384, remaining: 3 s.
 [ 22:16:17 |  10% ] block  39 / 384, remaining: 3 s.
 [ 22:16:18 |  20% ] block  77 / 384, remaining: 3 s.
 [ 22:16:18 |  30% ] block 116 / 384, remaining: 2 s.
 [ 22:16:18 |  40% ] block 154 / 384, remaining: 2 s.
 [ 22:16:19 |  50% ] block 192 / 384, remaining: 2 s.
 [ 22:16:19 |  60% ] block 231 / 384, remaining: 1 s.
 [ 22:16:19 |  70% ] block 269 / 384, remaining: 1 s.
 [ 22:16:20 |  80% ] block 308 / 384, remaining: 1 s.
 [ 22:16:20 |  90% ] block 346 / 384, remaining: 0 s.
 [ 22:16:20 | 100% ] block 384 / 384, remaining: 0 s.
 Finished calculating Sigma at 22:16:20.
 Elapsed time: 3 s.
 
 Unsymmetrized values for ik =  13 spin = 1
 
     n      Emf       Eo      Vxc        X     SX-X       CH      Cor      Sig
     1  -39.387  -39.387  -24.426  -39.260    8.846   -4.975    3.871  -35.389
     2  -18.968  -18.968  -22.608  -37.543   17.390   -9.322    8.068  -29.475
     3   -1.038   -1.038  -20.653  -28.529   12.421   -8.596    3.824  -24.704
     4    0.196    0.196  -22.518  -30.342   13.298   -9.307    3.990  -26.351
     5    0.196    0.196  -22.518  -30.342   13.299   -9.308    3.991  -26.351
     6   10.206   10.206  -12.250   -6.683    2.831   -6.265   -3.433  -10.117
     7   17.692   17.692  -11.314   -4.806    1.901   -5.796   -3.894   -8.701
     8   20.240   20.240  -10.000   -3.104    0.581   -4.653   -4.072   -7.176
     9   20.240   20.240  -10.000   -3.105    0.504   -4.578   -4.074   -7.179
    10   26.636   26.636   -9.472   -2.344    0.591   -4.958   -4.368   -6.712
    11   27.212   27.212   -9.536   -2.677    1.042   -5.312   -4.270   -6.947
    12   27.212   27.212   -9.536   -2.677    1.038   -5.311   -4.274   -6.950

 Symmetrized values from band-averaging:

       k =  0.000000  0.750000  0.000000 ik =  13 spin = 1

     n      Emf       Eo      Vxc        X      Cor     Eqp0     Eqp1      Znk
     1  -39.387  -39.387  -24.426  -39.260    3.871  -50.349  -49.503    0.923
     2  -18.968  -18.968  -22.608  -37.543    8.068  -25.834  -24.847    0.856
     3   -1.038   -1.038  -20.653  -28.529    3.824   -5.090   -4.643    0.890
     4    0.196    0.196  -22.518  -30.342    3.991   -3.636   -3.205    0.888
     5    0.196    0.196  -22.518  -30.342    3.991   -3.636   -3.205    0.888
     6   10.206   10.206  -12.250   -6.683   -3.433   12.339   12.164    0.918
     7   17.692   17.692  -11.314   -4.806   -3.894   20.306   20.088    0.916
     8   20.240   20.240  -10.000   -3.105   -4.073   23.063   22.840    0.921
     9   20.240   20.240  -10.000   -3.105   -4.073   23.063   22.840    0.921
    10   26.636   26.636   -9.472   -2.344   -4.368   29.397   29.162    0.915
    11   27.212   27.212   -9.536   -2.677   -4.272   29.799   29.584    0.917
    12   27.212   27.212   -9.536   -2.677   -4.272   29.799   29.584    0.917
 
================================================================================
 22:16:20   Dealing with k =  0.000000  0.750000  0.250000               14 / 64
================================================================================

 Reading vxc.dat
 Number of q-points in the irreducible BZ(k) (nrq): 64
 
 Started calculating Sigma with 384 block(s) at 22:16:20.
 [ 22:16:20 |   0% ] block   1 / 384.
 [ 22:16:20 |   1% ] block   3 / 384, remaining: 3 s.
 [ 22:16:21 |  10% ] block  39 / 384, remaining: 3 s.
 [ 22:16:21 |  20% ] block  77 / 384, remaining: 3 s.
 [ 22:16:21 |  30% ] block 116 / 384, remaining: 2 s.
 [ 22:16:22 |  40% ] block 154 / 384, remaining: 2 s.
 [ 22:16:22 |  50% ] block 192 / 384, remaining: 2 s.
 [ 22:16:22 |  60% ] block 231 / 384, remaining: 1 s.
 [ 22:16:23 |  70% ] block 269 / 384, remaining: 1 s.
 [ 22:16:23 |  80% ] block 308 / 384, remaining: 1 s.
 [ 22:16:23 |  90% ] block 346 / 384, remaining: 0 s.
 [ 22:16:24 | 100% ] block 384 / 384, remaining: 0 s.
 Finished calculating Sigma at 22:16:24.
 Elapsed time: 3 s.
 
 Unsymmetrized values for ik =  14 spin = 1
 
     n      Emf       Eo      Vxc        X     SX-X       CH      Cor      Sig
     1  -39.356  -39.356  -24.468  -39.297    8.829   -4.975    3.855  -35.442
     2  -18.721  -18.721  -22.880  -37.824   17.561   -9.460    8.102  -29.722
     3   -1.524   -1.524  -20.043  -27.980   12.163   -8.369    3.794  -24.186
     4   -1.002   -1.002  -20.579  -28.430   12.419   -8.590    3.829  -24.601
     5    0.077    0.077  -22.356  -30.203   13.227   -9.244    3.984  -26.219
     6   11.914   11.914  -12.351   -6.489    2.455   -5.968   -3.513  -10.002
     7   15.559   15.559  -12.057   -5.742    2.308   -6.009   -3.701   -9.442
     8   19.167   19.167  -10.203   -3.341    1.154   -5.179   -4.026   -7.366
     9   19.171   19.171  -12.189   -5.268    1.879   -5.921   -4.042   -9.309
    10   28.615   28.615   -9.154   -2.407    0.889   -5.167   -4.278   -6.685
    11   28.654   28.654   -9.484   -2.201    0.378   -4.776   -4.398   -6.598
    12   28.702   28.702  -10.290   -3.085    1.091   -5.630   -4.539   -7.624

 Symmetrized values from band-averaging:

       k =  0.000000  0.750000  0.250000 ik =  14 spin = 1

     n      Emf       Eo      Vxc        X      Cor     Eqp0     Eqp1      Znk
     1  -39.356  -39.356  -24.468  -39.297    3.855  -50.330  -49.496    0.924
     2  -18.721  -18.721  -22.880  -37.824    8.102  -25.562  -24.565    0.854
     3   -1.524   -1.524  -20.043  -27.980    3.794   -5.666   -5.211    0.890
     4   -1.002   -1.002  -20.579  -28.430    3.829   -5.024   -4.580    0.890
     5    0.077    0.077  -22.356  -30.203    3.984   -3.786   -3.352    0.888
     6   11.914   11.914  -12.351   -6.489   -3.513   14.263   14.067    0.917
     7   15.559   15.559  -12.057   -5.742   -3.701   18.173   17.952    0.916
     8   19.167   19.167  -10.203   -3.341   -4.026   22.003   21.780    0.921
     9   19.171   19.171  -12.189   -5.268   -4.042   22.051   21.808    0.916
    10   28.615   28.615   -9.154   -2.407   -4.278   31.084   30.877    0.916
    11   28.654   28.654   -9.484   -2.201   -4.398   31.540   31.291    0.914
    12   28.702   28.702  -10.290   -3.085   -4.539   31.367   31.123    0.908
 
================================================================================
 22:16:24   Dealing with k =  0.000000  0.750000  0.500000               15 / 64
================================================================================

 Reading vxc.dat
 Number of q-points in the irreducible BZ(k) (nrq): 64
 
 Started calculating Sigma with 384 block(s) at 22:16:24.
 [ 22:16:24 |   0% ] block   1 / 384.
 [ 22:16:24 |   1% ] block   3 / 384, remaining: 3 s.
 [ 22:16:24 |  10% ] block  39 / 384, remaining: 3 s.
 [ 22:16:25 |  20% ] block  77 / 384, remaining: 3 s.
 [ 22:16:25 |  30% ] block 116 / 384, remaining: 2 s.
 [ 22:16:25 |  40% ] block 154 / 384, remaining: 2 s.
 [ 22:16:26 |  50% ] block 192 / 384, remaining: 2 s.
 [ 22:16:26 |  60% ] block 231 / 384, remaining: 1 s.
 [ 22:16:26 |  70% ] block 269 / 384, remaining: 1 s.
 [ 22:16:27 |  80% ] block 308 / 384, remaining: 1 s.
 [ 22:16:27 |  90% ] block 346 / 384, remaining: 0 s.
 [ 22:16:27 | 100% ] block 384 / 384, remaining: 0 s.
 Finished calculating Sigma at 22:16:27.
 Elapsed time: 3 s.
 
 Unsymmetrized values for ik =  15 spin = 1
 
     n      Emf       Eo      Vxc        X     SX-X       CH      Cor      Sig
     1  -39.347  -39.347  -24.481  -39.308    8.824   -4.975    3.849  -35.458
     2  -18.616  -18.616  -23.012  -37.961   17.634   -9.518    8.116  -29.845
     3   -2.034   -2.034  -19.295  -27.239   11.836   -8.093    3.743  -23.497
     4   -0.838   -0.838  -20.863  -28.712   12.538   -8.692    3.846  -24.865
     5   -0.303   -0.303  -21.776  -29.655   12.973   -9.028    3.945  -25.709
     6   12.779   12.779  -12.498   -6.533    2.596   -6.120   -3.525  -10.057
     7   15.599   15.599  -12.607   -6.221    2.545   -6.255   -3.710   -9.930
     8   18.465   18.465  -11.418   -4.736    1.753   -5.724   -3.971   -8.707
     9   19.276   19.276  -11.255   -4.215    1.496   -5.562   -4.066   -8.281
    10   23.716   23.716   -9.995   -3.099    1.029   -5.271   -4.242   -7.341
    11   32.537   32.537  -10.548   -2.951    0.733   -5.399   -4.666   -7.617
    12   33.251   33.251  -10.521   -2.925    0.993   -5.731   -4.738   -7.663

 Symmetrized values from band-averaging:

       k =  0.000000  0.750000  0.500000 ik =  15 spin = 1

     n      Emf       Eo      Vxc        X      Cor     Eqp0     Eqp1      Znk
     1  -39.347  -39.347  -24.481  -39.308    3.849  -50.325  -49.508    0.926
     2  -18.616  -18.616  -23.012  -37.961    8.116  -25.449  -24.447    0.853
     3   -2.034   -2.034  -19.295  -27.239    3.743   -6.236   -5.777    0.891
     4   -0.838   -0.838  -20.863  -28.712    3.846   -4.841   -4.398    0.889
     5   -0.303   -0.303  -21.776  -29.655    3.945   -4.236   -3.796    0.888
     6   12.779   12.779  -12.498   -6.533   -3.525   15.220   15.015    0.916
     7   15.599   15.599  -12.607   -6.221   -3.710   18.276   18.045    0.914
     8   18.465   18.465  -11.418   -4.736   -3.971   21.177   20.956    0.919
     9   19.276   19.276  -11.255   -4.215   -4.066   22.250   22.004    0.917
    10   23.716   23.716   -9.995   -3.099   -4.242   26.369   26.146    0.916
    11   32.537   32.537  -10.548   -2.951   -4.666   35.468   35.188    0.905
    12   33.251   33.251  -10.521   -2.925   -4.738   36.110   35.838    0.905
 
================================================================================
 22:16:27   Dealing with k =  0.000000  0.750000  0.750000               16 / 64
================================================================================

 Reading vxc.dat
 Number of q-points in the irreducible BZ(k) (nrq): 64
 
 Started calculating Sigma with 384 block(s) at 22:16:27.
 [ 22:16:27 |   0% ] block   1 / 384.
 [ 22:16:27 |   1% ] block   3 / 384, remaining: 3 s.
 [ 22:16:28 |  10% ] block  39 / 384, remaining: 3 s.
 [ 22:16:28 |  20% ] block  77 / 384, remaining: 3 s.
 [ 22:16:28 |  30% ] block 116 / 384, remaining: 2 s.
 [ 22:16:29 |  40% ] block 154 / 384, remaining: 2 s.
 [ 22:16:29 |  50% ] block 192 / 384, remaining: 2 s.
 [ 22:16:29 |  60% ] block 231 / 384, remaining: 1 s.
 [ 22:16:30 |  70% ] block 269 / 384, remaining: 1 s.
 [ 22:16:30 |  80% ] block 308 / 384, remaining: 1 s.
 [ 22:16:30 |  90% ] block 346 / 384, remaining: 0 s.
 [ 22:16:31 | 100% ] block 384 / 384, remaining: 0 s.
 Finished calculating Sigma at 22:16:31.
 Elapsed time: 3 s.
 
 Unsymmetrized values for ik =  16 spin = 1
 
     n      Emf       Eo      Vxc        X     SX-X       CH      Cor      Sig
     1  -39.377  -39.377  -24.438  -39.269    8.839   -4.975    3.864  -35.405
     2  -18.871  -18.871  -22.718  -37.655   17.447   -9.371    8.076  -29.579
     3   -1.099   -1.099  -20.413  -28.195   12.291   -8.531    3.760  -24.435
     4   -0.187   -0.187  -21.910  -29.763   13.029   -9.080    3.949  -25.814
     5   -0.187   -0.187  -21.910  -29.763   13.027   -9.079    3.948  -25.815
     6   11.258   11.258  -13.714   -8.034    3.342   -6.702   -3.359  -11.394
     7   18.561   18.561   -8.385   -2.455    0.911   -4.768   -3.857   -6.313
     8   19.452   19.452  -10.224   -3.487    0.901   -4.924   -4.023   -7.510
     9   20.271   20.271  -11.426   -4.260    1.146   -5.290   -4.143   -8.404
    10   20.271   20.271  -11.426   -4.260    1.148   -5.291   -4.144   -8.403
    11   32.610   32.610   -9.645   -2.285    0.354   -4.840   -4.486   -6.771
    12   32.610   32.610   -9.645   -2.285    0.357   -4.843   -4.486   -6.771

 Symmetrized values from band-averaging:

       k =  0.000000  0.750000  0.750000 ik =  16 spin = 1

     n      Emf       Eo      Vxc        X      Cor     Eqp0     Eqp1      Znk
     1  -39.377  -39.377  -24.438  -39.269    3.864  -50.343  -49.532    0.926
     2  -18.871  -18.871  -22.718  -37.655    8.076  -25.732  -24.737    0.855
     3   -1.099   -1.099  -20.413  -28.195    3.760   -5.121   -4.680    0.890
     4   -0.187   -0.187  -21.910  -29.763    3.949   -4.092   -3.655    0.888
     5   -0.187   -0.187  -21.910  -29.763    3.949   -4.092   -3.655    0.888
     6   11.258   11.258  -13.714   -8.034   -3.359   13.577   13.377    0.914
     7   18.561   18.561   -8.385   -2.455   -3.857   20.633   20.474    0.923
     8   19.452   19.452  -10.224   -3.487   -4.023   22.166   21.954    0.922
     9   20.271   20.271  -11.426   -4.260   -4.144   23.294   23.039    0.915
    10   20.271   20.271  -11.426   -4.260   -4.144   23.294   23.039    0.915
    11   32.610   32.610   -9.645   -2.285   -4.486   35.484   35.231    0.912
    12   32.610   32.610   -9.645   -2.285   -4.486   35.484   35.231    0.912
 
================================================================================
 22:16:31   Dealing with k =  0.250000  0.000000 -0.000000               17 / 64
================================================================================

 Reading vxc.dat
 Number of q-points in the irreducible BZ(k) (nrq): 64
 
 Started calculating Sigma with 384 block(s) at 22:16:31.
 [ 22:16:31 |   0% ] block   1 / 384.
 [ 22:16:31 |   1% ] block   3 / 384, remaining: 3 s.
 [ 22:16:31 |  10% ] block  39 / 384, remaining: 3 s.
 [ 22:16:31 |  20% ] block  77 / 384, remaining: 3 s.
 [ 22:16:32 |  30% ] block 116 / 384, remaining: 2 s.
 [ 22:16:32 |  40% ] block 154 / 384, remaining: 2 s.
 [ 22:16:32 |  50% ] block 192 / 384, remaining: 2 s.
 [ 22:16:33 |  60% ] block 231 / 384, remaining: 1 s.
 [ 22:16:33 |  70% ] block 269 / 384, remaining: 1 s.
 [ 22:16:34 |  80% ] block 308 / 384, remaining: 1 s.
 [ 22:16:34 |  90% ] block 346 / 384, remaining: 0 s.
 [ 22:16:34 | 100% ] block 384 / 384, remaining: 0 s.
 Finished calculating Sigma at 22:16:34.
 Elapsed time: 3 s.
 
 Unsymmetrized values for ik =  17 spin = 1
 
     n      Emf       Eo      Vxc        X     SX-X       CH      Cor      Sig
     1  -39.387  -39.387  -24.426  -39.260    8.846   -4.975    3.871  -35.389
     2  -18.968  -18.968  -22.608  -37.543   17.390   -9.322    8.068  -29.475
     3   -1.038   -1.038  -20.653  -28.529   12.429   -8.599    3.830  -24.699
     4    0.196    0.196  -22.518  -30.342   13.299   -9.308    3.991  -26.351
     5    0.196    0.196  -22.518  -30.342   13.299   -9.308    3.992  -26.350
     6   10.206   10.206  -12.250   -6.683    2.826   -6.262   -3.436  -10.119
     7   17.692   17.692  -11.314   -4.806    1.883   -5.784   -3.901   -8.707
     8   20.240   20.240  -10.000   -3.105    0.521   -4.595   -4.074   -7.179
     9   20.240   20.240  -10.000   -3.104    0.566   -4.634   -4.067   -7.172
    10   26.636   26.636   -9.472   -2.344    0.576   -4.943   -4.367   -6.711
    11   27.212   27.212   -9.536   -2.677    1.038   -5.313   -4.275   -6.951
    12   27.212   27.212   -9.536   -2.677    1.032   -5.308   -4.276   -6.953

 Symmetrized values from band-averaging:

       k =  0.250000  0.000000 -0.000000 ik =  17 spin = 1

     n      Emf       Eo      Vxc        X      Cor     Eqp0     Eqp1      Znk
     1  -39.387  -39.387  -24.426  -39.260    3.871  -50.349  -49.503    0.923
     2  -18.968  -18.968  -22.608  -37.543    8.068  -25.834  -24.847    0.856
     3   -1.038   -1.038  -20.653  -28.529    3.830   -5.084   -4.638    0.890
     4    0.196    0.196  -22.518  -30.342    3.991   -3.636   -3.205    0.888
     5    0.196    0.196  -22.518  -30.342    3.991   -3.636   -3.205    0.888
     6   10.206   10.206  -12.250   -6.683   -3.436   12.337   12.161    0.918
     7   17.692   17.692  -11.314   -4.806   -3.901   20.300   20.082    0.916
     8   20.240   20.240  -10.000   -3.105   -4.071   23.065   22.842    0.921
     9   20.240   20.240  -10.000   -3.105   -4.071   23.065   22.842    0.921
    10   26.636   26.636   -9.472   -2.344   -4.367   29.397   29.162    0.915
    11   27.212   27.212   -9.536   -2.677   -4.275   29.796   29.581    0.917
    12   27.212   27.212   -9.536   -2.677   -4.275   29.796   29.581    0.917
 
================================================================================
 22:16:34   Dealing with k =  0.250000  0.000000  0.250000               18 / 64
================================================================================

 Reading vxc.dat
 Number of q-points in the irreducible BZ(k) (nrq): 64
 
 Started calculating Sigma with 384 block(s) at 22:16:34.
 [ 22:16:34 |   0% ] block   1 / 384.
 [ 22:16:34 |   1% ] block   3 / 384, remaining: 3 s.
 [ 22:16:35 |  10% ] block  39 / 384, remaining: 3 s.
 [ 22:16:35 |  20% ] block  77 / 384, remaining: 3 s.
 [ 22:16:35 |  30% ] block 116 / 384, remaining: 2 s.
 [ 22:16:36 |  40% ] block 154 / 384, remaining: 2 s.
 [ 22:16:36 |  50% ] block 192 / 384, remaining: 2 s.
 [ 22:16:36 |  60% ] block 231 / 384, remaining: 1 s.
 [ 22:16:37 |  70% ] block 269 / 384, remaining: 1 s.
 [ 22:16:37 |  80% ] block 308 / 384, remaining: 1 s.
 [ 22:16:37 |  90% ] block 346 / 384, remaining: 0 s.
 [ 22:16:38 | 100% ] block 384 / 384, remaining: 0 s.
 Finished calculating Sigma at 22:16:38.
 Elapsed time: 3 s.
 
 Unsymmetrized values for ik =  18 spin = 1
 
     n      Emf       Eo      Vxc        X     SX-X       CH      Cor      Sig
     1  -39.377  -39.377  -24.438  -39.269    8.840   -4.975    3.865  -35.405
     2  -18.871  -18.871  -22.718  -37.656   17.447   -9.370    8.077  -29.579
     3   -1.099   -1.099  -20.413  -28.193   12.306   -8.536    3.770  -24.422
     4   -0.187   -0.187  -21.910  -29.762   13.031   -9.080    3.951  -25.812
     5   -0.187   -0.187  -21.910  -29.762   13.030   -9.080    3.951  -25.811
     6   11.258   11.258  -13.714   -8.037    3.339   -6.708   -3.370  -11.406
     7   18.561   18.561   -8.385   -2.455    0.912   -4.768   -3.855   -6.310
     8   19.452   19.452  -10.224   -3.487    0.903   -4.925   -4.022   -7.510
     9   20.271   20.271  -11.426   -4.261    1.103   -5.254   -4.151   -8.411
    10   20.271   20.271  -11.426   -4.260    1.109   -5.260   -4.151   -8.411
    11   32.610   32.610   -9.645   -2.286    0.355   -4.846   -4.491   -6.777
    12   32.610   32.610   -9.645   -2.286    0.355   -4.846   -4.491   -6.777

 Symmetrized values from band-averaging:

       k =  0.250000  0.000000  0.250000 ik =  18 spin = 1

     n      Emf       Eo      Vxc        X      Cor     Eqp0     Eqp1      Znk
     1  -39.377  -39.377  -24.438  -39.269    3.865  -50.343  -49.530    0.926
     2  -18.871  -18.871  -22.718  -37.656    8.077  -25.732  -24.737    0.855
     3   -1.099   -1.099  -20.413  -28.193    3.770   -5.109   -4.669    0.890
     4   -0.187   -0.187  -21.910  -29.762    3.951   -4.089   -3.653    0.888
     5   -0.187   -0.187  -21.910  -29.762    3.951   -4.089   -3.653    0.888
     6   11.258   11.258  -13.714   -8.037   -3.370   13.565   13.366    0.914
     7   18.561   18.561   -8.385   -2.455   -3.855   20.636   20.477    0.923
     8   19.452   19.452  -10.224   -3.487   -4.022   22.167   21.954    0.922
     9   20.271   20.271  -11.426   -4.261   -4.151   23.286   23.031    0.915
    10   20.271   20.271  -11.426   -4.261   -4.151   23.286   23.031    0.915
    11   32.610   32.610   -9.645   -2.286   -4.491   35.478   35.225    0.912
    12   32.610   32.610   -9.645   -2.286   -4.491   35.478   35.225    0.912
 
================================================================================
 22:16:38   Dealing with k =  0.250000 -0.000000  0.500000               19 / 64
================================================================================

 Reading vxc.dat
 Number of q-points in the irreducible BZ(k) (nrq): 64
 
 Started calculating Sigma with 384 block(s) at 22:16:38.
 [ 22:16:38 |   0% ] block   1 / 384.
 [ 22:16:38 |   1% ] block   3 / 384, remaining: 3 s.
 [ 22:16:38 |  10% ] block  39 / 384, remaining: 3 s.
 [ 22:16:38 |  20% ] block  77 / 384, remaining: 3 s.
 [ 22:16:39 |  30% ] block 116 / 384, remaining: 2 s.
 [ 22:16:39 |  40% ] block 154 / 384, remaining: 2 s.
 [ 22:16:39 |  50% ] block 192 / 384, remaining: 2 s.
 [ 22:16:40 |  60% ] block 231 / 384, remaining: 1 s.
 [ 22:16:40 |  70% ] block 269 / 384, remaining: 1 s.
 [ 22:16:40 |  80% ] block 308 / 384, remaining: 1 s.
 [ 22:16:41 |  90% ] block 346 / 384, remaining: 0 s.
 [ 22:16:41 | 100% ] block 384 / 384, remaining: 0 s.
 Finished calculating Sigma at 22:16:41.
 Elapsed time: 3 s.
 
 Unsymmetrized values for ik =  19 spin = 1
 
     n      Emf       Eo      Vxc        X     SX-X       CH      Cor      Sig
     1  -39.347  -39.347  -24.481  -39.308    8.824   -4.975    3.849  -35.458
     2  -18.616  -18.616  -23.012  -37.961   17.633   -9.518    8.116  -29.845
     3   -2.034   -2.034  -19.295  -27.239   11.840   -8.095    3.745  -23.494
     4   -0.838   -0.838  -20.863  -28.710   12.544   -8.693    3.851  -24.860
     5   -0.303   -0.303  -21.776  -29.655   12.974   -9.028    3.947  -25.708
     6   12.779   12.779  -12.498   -6.533    2.580   -6.113   -3.533  -10.066
     7   15.599   15.599  -12.607   -6.221    2.546   -6.256   -3.709   -9.930
     8   18.465   18.465  -11.418   -4.737    1.738   -5.711   -3.974   -8.710
     9   19.276   19.276  -11.255   -4.215    1.522   -5.593   -4.070   -8.285
    10   23.716   23.716   -9.995   -3.099    1.030   -5.272   -4.242   -7.341
    11   32.537   32.537  -10.548   -2.951    0.719   -5.386   -4.666   -7.617
    12   33.251   33.251  -10.521   -2.925    1.002   -5.737   -4.735   -7.660

 Symmetrized values from band-averaging:

       k =  0.250000 -0.000000  0.500000 ik =  19 spin = 1

     n      Emf       Eo      Vxc        X      Cor     Eqp0     Eqp1      Znk
     1  -39.347  -39.347  -24.481  -39.308    3.849  -50.325  -49.507    0.926
     2  -18.616  -18.616  -23.012  -37.961    8.116  -25.449  -24.447    0.853
     3   -2.034   -2.034  -19.295  -27.239    3.745   -6.233   -5.774    0.891
     4   -0.838   -0.838  -20.863  -28.710    3.851   -4.835   -4.393    0.889
     5   -0.303   -0.303  -21.776  -29.655    3.947   -4.235   -3.795    0.888
     6   12.779   12.779  -12.498   -6.533   -3.533   15.211   15.007    0.916
     7   15.599   15.599  -12.607   -6.221   -3.709   18.276   18.045    0.914
     8   18.465   18.465  -11.418   -4.737   -3.974   21.173   20.953    0.919
     9   19.276   19.276  -11.255   -4.215   -4.070   22.245   22.000    0.917
    10   23.716   23.716   -9.995   -3.099   -4.242   26.370   26.147    0.916
    11   32.537   32.537  -10.548   -2.951   -4.666   35.468   35.188    0.904
    12   33.251   33.251  -10.521   -2.925   -4.735   36.113   35.841    0.905
 
================================================================================
 22:16:41   Dealing with k =  0.250000 -0.000000  0.750000               20 / 64
================================================================================

 Reading vxc.dat
 Number of q-points in the irreducible BZ(k) (nrq): 64
 
 Started calculating Sigma with 384 block(s) at 22:16:41.
 [ 22:16:41 |   0% ] block   1 / 384.
 [ 22:16:41 |   1% ] block   3 / 384, remaining: 3 s.
 [ 22:16:41 |  10% ] block  39 / 384, remaining: 3 s.
 [ 22:16:42 |  20% ] block  77 / 384, remaining: 3 s.
 [ 22:16:42 |  30% ] block 116 / 384, remaining: 2 s.
 [ 22:16:43 |  40% ] block 154 / 384, remaining: 2 s.
 [ 22:16:43 |  50% ] block 192 / 384, remaining: 2 s.
 [ 22:16:43 |  60% ] block 231 / 384, remaining: 1 s.
 [ 22:16:44 |  70% ] block 269 / 384, remaining: 1 s.
 [ 22:16:44 |  80% ] block 308 / 384, remaining: 1 s.
 [ 22:16:44 |  90% ] block 346 / 384, remaining: 0 s.
 [ 22:16:45 | 100% ] block 384 / 384, remaining: 0 s.
 Finished calculating Sigma at 22:16:45.
 Elapsed time: 3 s.
 
 Unsymmetrized values for ik =  20 spin = 1
 
     n      Emf       Eo      Vxc        X     SX-X       CH      Cor      Sig
     1  -39.356  -39.356  -24.468  -39.297    8.829   -4.975    3.855  -35.442
     2  -18.721  -18.721  -22.880  -37.823   17.561   -9.460    8.102  -29.722
     3   -1.524   -1.524  -20.043  -27.980   12.163   -8.369    3.794  -24.186
     4   -1.002   -1.002  -20.579  -28.430   12.420   -8.590    3.829  -24.601
     5    0.077    0.077  -22.356  -30.203   13.228   -9.244    3.984  -26.220
     6   11.914   11.914  -12.351   -6.488    2.454   -5.967   -3.513  -10.001
     7   15.559   15.559  -12.057   -5.741    2.305   -6.006   -3.701   -9.442
     8   19.167   19.167  -10.203   -3.340    1.151   -5.177   -4.026   -7.366
     9   19.171   19.171  -12.189   -5.267    1.883   -5.924   -4.042   -9.309
    10   28.615   28.615   -9.154   -2.406    0.873   -5.151   -4.278   -6.684
    11   28.654   28.654   -9.484   -2.201    0.389   -4.787   -4.398   -6.598
    12   28.702   28.702  -10.290   -3.086    1.091   -5.630   -4.539   -7.625

 Symmetrized values from band-averaging:

       k =  0.250000 -0.000000  0.750000 ik =  20 spin = 1

     n      Emf       Eo      Vxc        X      Cor     Eqp0     Eqp1      Znk
     1  -39.356  -39.356  -24.468  -39.297    3.855  -50.330  -49.496    0.924
     2  -18.721  -18.721  -22.880  -37.823    8.102  -25.562  -24.565    0.854
     3   -1.524   -1.524  -20.043  -27.980    3.794   -5.666   -5.212    0.890
     4   -1.002   -1.002  -20.579  -28.430    3.829   -5.024   -4.580    0.890
     5    0.077    0.077  -22.356  -30.203    3.984   -3.786   -3.352    0.888
     6   11.914   11.914  -12.351   -6.488   -3.513   14.264   14.068    0.917
     7   15.559   15.559  -12.057   -5.741   -3.701   18.173   17.952    0.916
     8   19.167   19.167  -10.203   -3.340   -4.026   22.003   21.780    0.921
     9   19.171   19.171  -12.189   -5.267   -4.042   22.051   21.808    0.916
    10   28.615   28.615   -9.154   -2.406   -4.278   31.085   30.878    0.916
    11   28.654   28.654   -9.484   -2.201   -4.398   31.540   31.291    0.914
    12   28.702   28.702  -10.290   -3.086   -4.539   31.367   31.123    0.908
 
================================================================================
 22:16:45   Dealing with k =  0.250000  0.250000  0.000000               21 / 64
================================================================================

 Reading vxc.dat
 Number of q-points in the irreducible BZ(k) (nrq): 64
 
 Started calculating Sigma with 384 block(s) at 22:16:45.
 [ 22:16:45 |   0% ] block   1 / 384.
 [ 22:16:45 |   1% ] block   3 / 384, remaining: 3 s.
 [ 22:16:45 |  10% ] block  39 / 384, remaining: 3 s.
 [ 22:16:45 |  20% ] block  77 / 384, remaining: 3 s.
 [ 22:16:46 |  30% ] block 116 / 384, remaining: 2 s.
 [ 22:16:46 |  40% ] block 154 / 384, remaining: 2 s.
 [ 22:16:46 |  50% ] block 192 / 384, remaining: 2 s.
 [ 22:16:47 |  60% ] block 231 / 384, remaining: 1 s.
 [ 22:16:47 |  70% ] block 269 / 384, remaining: 1 s.
 [ 22:16:47 |  80% ] block 308 / 384, remaining: 1 s.
 [ 22:16:48 |  90% ] block 346 / 384, remaining: 0 s.
 [ 22:16:48 | 100% ] block 384 / 384, remaining: 0 s.
 Finished calculating Sigma at 22:16:48.
 Elapsed time: 3 s.
 
 Unsymmetrized values for ik =  21 spin = 1
 
     n      Emf       Eo      Vxc        X     SX-X       CH      Cor      Sig
     1  -39.377  -39.377  -24.438  -39.269    8.840   -4.975    3.864  -35.405
     2  -18.871  -18.871  -22.718  -37.656   17.447   -9.370    8.077  -29.579
     3   -1.099   -1.099  -20.413  -28.193   12.306   -8.536    3.770  -24.422
     4   -0.187   -0.187  -21.910  -29.762   13.030   -9.079    3.951  -25.812
     5   -0.187   -0.187  -21.910  -29.762   13.031   -9.080    3.951  -25.811
     6   11.258   11.258  -13.714   -8.036    3.338   -6.708   -3.370  -11.406
     7   18.561   18.561   -8.385   -2.455    0.913   -4.768   -3.855   -6.310
     8   19.452   19.452  -10.224   -3.487    0.902   -4.924   -4.022   -7.510
     9   20.271   20.271  -11.426   -4.261    1.109   -5.260   -4.151   -8.412
    10   20.271   20.271  -11.426   -4.261    1.124   -5.275   -4.151   -8.411
    11   32.610   32.610   -9.645   -2.287    0.375   -4.865   -4.491   -6.777
    12   32.610   32.610   -9.645   -2.287    0.358   -4.849   -4.491   -6.778

 Symmetrized values from band-averaging:

       k =  0.250000  0.250000  0.000000 ik =  21 spin = 1

     n      Emf       Eo      Vxc        X      Cor     Eqp0     Eqp1      Znk
     1  -39.377  -39.377  -24.438  -39.269    3.864  -50.343  -49.532    0.926
     2  -18.871  -18.871  -22.718  -37.656    8.077  -25.732  -24.736    0.855
     3   -1.099   -1.099  -20.413  -28.193    3.770   -5.109   -4.669    0.890
     4   -0.187   -0.187  -21.910  -29.762    3.951   -4.089   -3.653    0.888
     5   -0.187   -0.187  -21.910  -29.762    3.951   -4.089   -3.653    0.888
     6   11.258   11.258  -13.714   -8.036   -3.370   13.565   13.366    0.914
     7   18.561   18.561   -8.385   -2.455   -3.855   20.636   20.477    0.923
     8   19.452   19.452  -10.224   -3.487   -4.022   22.167   21.954    0.922
     9   20.271   20.271  -11.426   -4.261   -4.151   23.286   23.031    0.915
    10   20.271   20.271  -11.426   -4.261   -4.151   23.286   23.031    0.915
    11   32.610   32.610   -9.645   -2.287   -4.491   35.477   35.225    0.912
    12   32.610   32.610   -9.645   -2.287   -4.491   35.477   35.225    0.912
 
================================================================================
 22:16:48   Dealing with k =  0.250000  0.250000  0.250000               22 / 64
================================================================================

 Reading vxc.dat
 Number of q-points in the irreducible BZ(k) (nrq): 64
 
 Started calculating Sigma with 384 block(s) at 22:16:48.
 [ 22:16:48 |   0% ] block   1 / 384.
 [ 22:16:48 |   1% ] block   3 / 384, remaining: 3 s.
 [ 22:16:48 |  10% ] block  39 / 384, remaining: 3 s.
 [ 22:16:49 |  20% ] block  77 / 384, remaining: 3 s.
 [ 22:16:49 |  30% ] block 116 / 384, remaining: 2 s.
 [ 22:16:49 |  40% ] block 154 / 384, remaining: 2 s.
 [ 22:16:50 |  50% ] block 192 / 384, remaining: 2 s.
 [ 22:16:50 |  60% ] block 231 / 384, remaining: 1 s.
 [ 22:16:50 |  70% ] block 269 / 384, remaining: 1 s.
 [ 22:16:51 |  80% ] block 308 / 384, remaining: 1 s.
 [ 22:16:51 |  90% ] block 346 / 384, remaining: 0 s.
 [ 22:16:52 | 100% ] block 384 / 384, remaining: 0 s.
 Finished calculating Sigma at 22:16:52.
 Elapsed time: 3 s.
 
 Unsymmetrized values for ik =  22 spin = 1
 
     n      Emf       Eo      Vxc        X     SX-X       CH      Cor      Sig
     1  -39.387  -39.387  -24.426  -39.260    8.846   -4.975    3.871  -35.389
     2  -18.968  -18.968  -22.608  -37.543   17.392   -9.321    8.070  -29.473
     3   -1.038   -1.038  -20.653  -28.527   12.435   -8.599    3.837  -24.690
     4    0.196    0.196  -22.518  -30.341   13.301   -9.309    3.992  -26.349
     5    0.196    0.196  -22.518  -30.342   13.301   -9.309    3.992  -26.350
     6   10.206   10.206  -12.250   -6.684    2.829   -6.267   -3.438  -10.122
     7   17.692   17.692  -11.314   -4.808    1.861   -5.767   -3.906   -8.714
     8   20.240   20.240  -10.000   -3.104    0.537   -4.606   -4.069   -7.173
     9   20.240   20.240  -10.000   -3.104    0.483   -4.552   -4.069   -7.173
    10   26.636   26.636   -9.472   -2.345    0.604   -4.973   -4.369   -6.714
    11   27.212   27.212   -9.536   -2.679    1.028   -5.306   -4.278   -6.956
    12   27.212   27.212   -9.536   -2.678    1.025   -5.302   -4.278   -6.955

 Symmetrized values from band-averaging:

       k =  0.250000  0.250000  0.250000 ik =  22 spin = 1

     n      Emf       Eo      Vxc        X      Cor     Eqp0     Eqp1      Znk
     1  -39.387  -39.387  -24.426  -39.260    3.871  -50.349  -49.505    0.923
     2  -18.968  -18.968  -22.608  -37.543    8.070  -25.832  -24.846    0.856
     3   -1.038   -1.038  -20.653  -28.527    3.837   -5.075   -4.630    0.890
     4    0.196    0.196  -22.518  -30.342    3.992   -3.635   -3.204    0.888
     5    0.196    0.196  -22.518  -30.342    3.992   -3.635   -3.204    0.888
     6   10.206   10.206  -12.250   -6.684   -3.438   12.334   12.158    0.918
     7   17.692   17.692  -11.314   -4.808   -3.906   20.293   20.076    0.917
     8   20.240   20.240  -10.000   -3.104   -4.069   23.067   22.844    0.921
     9   20.240   20.240  -10.000   -3.104   -4.069   23.067   22.844    0.921
    10   26.636   26.636   -9.472   -2.345   -4.369   29.395   29.160    0.915
    11   27.212   27.212   -9.536   -2.678   -4.278   29.792   29.578    0.917
    12   27.212   27.212   -9.536   -2.678   -4.278   29.792   29.578    0.917
 
================================================================================
 22:16:52   Dealing with k =  0.250000  0.250000  0.500000               23 / 64
================================================================================

 Reading vxc.dat
 Number of q-points in the irreducible BZ(k) (nrq): 64
 
 Started calculating Sigma with 384 block(s) at 22:16:52.
 [ 22:16:52 |   0% ] block   1 / 384.
 [ 22:16:52 |   1% ] block   3 / 384, remaining: 3 s.
 [ 22:16:52 |  10% ] block  39 / 384, remaining: 3 s.
 [ 22:16:52 |  20% ] block  77 / 384, remaining: 3 s.
 [ 22:16:53 |  30% ] block 116 / 384, remaining: 2 s.
 [ 22:16:53 |  40% ] block 154 / 384, remaining: 2 s.
 [ 22:16:53 |  50% ] block 192 / 384, remaining: 2 s.
 [ 22:16:54 |  60% ] block 231 / 384, remaining: 1 s.
 [ 22:16:54 |  70% ] block 269 / 384, remaining: 1 s.
 [ 22:16:54 |  80% ] block 308 / 384, remaining: 1 s.
 [ 22:16:55 |  90% ] block 346 / 384, remaining: 0 s.
 [ 22:16:55 | 100% ] block 384 / 384, remaining: 0 s.
 Finished calculating Sigma at 22:16:55.
 Elapsed time: 3 s.
 
 Unsymmetrized values for ik =  23 spin = 1
 
     n      Emf       Eo      Vxc        X     SX-X       CH      Cor      Sig
     1  -39.356  -39.356  -24.468  -39.297    8.830   -4.975    3.855  -35.442
     2  -18.721  -18.721  -22.880  -37.824   17.563   -9.460    8.103  -29.720
     3   -1.524   -1.524  -20.043  -27.979   12.169   -8.369    3.799  -24.180
     4   -1.002   -1.002  -20.579  -28.429   12.423   -8.591    3.832  -24.596
     5    0.077    0.077  -22.356  -30.203   13.231   -9.246    3.985  -26.218
     6   11.914   11.914  -12.351   -6.489    2.455   -5.971   -3.516  -10.005
     7   15.559   15.559  -12.057   -5.742    2.295   -6.004   -3.708   -9.450
     8   19.167   19.167  -10.203   -3.341    1.152   -5.180   -4.028   -7.370
     9   19.171   19.171  -12.189   -5.268    1.877   -5.918   -4.041   -9.308
    10   28.615   28.615   -9.154   -2.407    0.893   -5.173   -4.280   -6.687
    11   28.654   28.654   -9.484   -2.201    0.388   -4.787   -4.399   -6.600
    12   28.702   28.702  -10.290   -3.084    1.093   -5.628   -4.536   -7.620

 Symmetrized values from band-averaging:

       k =  0.250000  0.250000  0.500000 ik =  23 spin = 1

     n      Emf       Eo      Vxc        X      Cor     Eqp0     Eqp1      Znk
     1  -39.356  -39.356  -24.468  -39.297    3.855  -50.330  -49.495    0.924
     2  -18.721  -18.721  -22.880  -37.824    8.103  -25.561  -24.563    0.854
     3   -1.524   -1.524  -20.043  -27.979    3.799   -5.661   -5.207    0.890
     4   -1.002   -1.002  -20.579  -28.429    3.832   -5.020   -4.576    0.890
     5    0.077    0.077  -22.356  -30.203    3.985   -3.785   -3.351    0.888
     6   11.914   11.914  -12.351   -6.489   -3.516   14.260   14.064    0.917
     7   15.559   15.559  -12.057   -5.742   -3.708   18.165   17.945    0.916
     8   19.167   19.167  -10.203   -3.341   -4.028   22.000   21.777    0.921
     9   19.171   19.171  -12.189   -5.268   -4.041   22.052   21.809    0.916
    10   28.615   28.615   -9.154   -2.407   -4.280   31.082   30.875    0.916
    11   28.654   28.654   -9.484   -2.201   -4.399   31.539   31.290    0.914
    12   28.702   28.702  -10.290   -3.084   -4.536   31.372   31.127    0.908
 
================================================================================
 22:16:55   Dealing with k =  0.250000  0.250000  0.750000               24 / 64
================================================================================

 Reading vxc.dat
 Number of q-points in the irreducible BZ(k) (nrq): 64
 
 Started calculating Sigma with 384 block(s) at 22:16:55.
 [ 22:16:55 |   0% ] block   1 / 384.
 [ 22:16:55 |   1% ] block   3 / 384, remaining: 3 s.
 [ 22:16:55 |  10% ] block  39 / 384, remaining: 3 s.
 [ 22:16:56 |  20% ] block  77 / 384, remaining: 3 s.
 [ 22:16:56 |  30% ] block 116 / 384, remaining: 2 s.
 [ 22:16:56 |  40% ] block 154 / 384, remaining: 2 s.
 [ 22:16:57 |  50% ] block 192 / 384, remaining: 2 s.
 [ 22:16:57 |  60% ] block 231 / 384, remaining: 1 s.
 [ 22:16:57 |  70% ] block 269 / 384, remaining: 1 s.
 [ 22:16:58 |  80% ] block 308 / 384, remaining: 1 s.
 [ 22:16:58 |  90% ] block 346 / 384, remaining: 0 s.
 [ 22:16:58 | 100% ] block 384 / 384, remaining: 0 s.
 Finished calculating Sigma at 22:16:58.
 Elapsed time: 3 s.
 
 Unsymmetrized values for ik =  24 spin = 1
 
     n      Emf       Eo      Vxc        X     SX-X       CH      Cor      Sig
     1  -39.347  -39.347  -24.481  -39.308    8.824   -4.975    3.849  -35.458
     2  -18.616  -18.616  -23.012  -37.961   17.633   -9.518    8.116  -29.846
     3   -2.034   -2.034  -19.295  -27.239   11.839   -8.096    3.743  -23.496
     4   -0.838   -0.838  -20.863  -28.710   12.544   -8.691    3.852  -24.858
     5   -0.303   -0.303  -21.776  -29.654   12.977   -9.030    3.947  -25.707
     6   12.779   12.779  -12.498   -6.535    2.573   -6.111   -3.538  -10.072
     7   15.599   15.599  -12.607   -6.220    2.558   -6.264   -3.706   -9.926
     8   18.465   18.465  -11.418   -4.736    1.733   -5.702   -3.969   -8.705
     9   19.276   19.276  -11.255   -4.216    1.536   -5.612   -4.076   -8.292
    10   23.716   23.716   -9.995   -3.098    1.034   -5.275   -4.241   -7.339
    11   32.537   32.537  -10.548   -2.951    0.727   -5.397   -4.669   -7.621
    12   33.251   33.251  -10.521   -2.925    1.010   -5.745   -4.735   -7.660

 Symmetrized values from band-averaging:

       k =  0.250000  0.250000  0.750000 ik =  24 spin = 1

     n      Emf       Eo      Vxc        X      Cor     Eqp0     Eqp1      Znk
     1  -39.347  -39.347  -24.481  -39.308    3.849  -50.325  -49.507    0.926
     2  -18.616  -18.616  -23.012  -37.961    8.116  -25.449  -24.447    0.853
     3   -2.034   -2.034  -19.295  -27.239    3.743   -6.235   -5.776    0.891
     4   -0.838   -0.838  -20.863  -28.710    3.852   -4.833   -4.391    0.889
     5   -0.303   -0.303  -21.776  -29.654    3.947   -4.233   -3.794    0.888
     6   12.779   12.779  -12.498   -6.535   -3.538   15.205   15.001    0.916
     7   15.599   15.599  -12.607   -6.220   -3.706   18.281   18.050    0.914
     8   18.465   18.465  -11.418   -4.736   -3.969   21.178   20.958    0.919
     9   19.276   19.276  -11.255   -4.216   -4.076   22.239   21.994    0.917
    10   23.716   23.716   -9.995   -3.098   -4.241   26.371   26.148    0.916
    11   32.537   32.537  -10.548   -2.951   -4.669   35.464   35.184    0.904
    12   33.251   33.251  -10.521   -2.925   -4.735   36.113   35.841    0.905
 
================================================================================
 22:16:58   Dealing with k =  0.250000  0.500000  0.000000               25 / 64
================================================================================

 Reading vxc.dat
 Number of q-points in the irreducible BZ(k) (nrq): 64
 
 Started calculating Sigma with 384 block(s) at 22:16:58.
 [ 22:16:58 |   0% ] block   1 / 384.
 [ 22:16:58 |   1% ] block   3 / 384, remaining: 3 s.
 [ 22:16:59 |  10% ] block  39 / 384, remaining: 3 s.
 [ 22:16:59 |  20% ] block  77 / 384, remaining: 3 s.
 [ 22:16:59 |  30% ] block 116 / 384, remaining: 2 s.
 [ 22:17:00 |  40% ] block 154 / 384, remaining: 2 s.
 [ 22:17:00 |  50% ] block 192 / 384, remaining: 2 s.
 [ 22:17:01 |  60% ] block 231 / 384, remaining: 1 s.
 [ 22:17:01 |  70% ] block 269 / 384, remaining: 1 s.
 [ 22:17:01 |  80% ] block 308 / 384, remaining: 1 s.
 [ 22:17:02 |  90% ] block 346 / 384, remaining: 0 s.
 [ 22:17:02 | 100% ] block 384 / 384, remaining: 0 s.
 Finished calculating Sigma at 22:17:02.
 Elapsed time: 3 s.
 
 Unsymmetrized values for ik =  25 spin = 1
 
     n      Emf       Eo      Vxc        X     SX-X       CH      Cor      Sig
     1  -39.347  -39.347  -24.481  -39.308    8.824   -4.975    3.849  -35.459
     2  -18.616  -18.616  -23.012  -37.961   17.634   -9.518    8.116  -29.845
     3   -2.034   -2.034  -19.295  -27.239   11.840   -8.095    3.745  -23.494
     4   -0.838   -0.838  -20.863  -28.710   12.544   -8.693    3.851  -24.860
     5   -0.303   -0.303  -21.776  -29.655   12.974   -9.028    3.947  -25.708
     6   12.779   12.779  -12.498   -6.533    2.578   -6.111   -3.533  -10.066
     7   15.599   15.599  -12.607   -6.221    2.546   -6.256   -3.709   -9.931
     8   18.465   18.465  -11.418   -4.737    1.738   -5.712   -3.974   -8.711
     9   19.276   19.276  -11.255   -4.215    1.531   -5.602   -4.070   -8.285
    10   23.716   23.716   -9.995   -3.099    1.022   -5.264   -4.242   -7.341
    11   32.537   32.537  -10.548   -2.951    0.721   -5.387   -4.666   -7.617
    12   33.251   33.251  -10.521   -2.925    1.000   -5.735   -4.735   -7.660

 Symmetrized values from band-averaging:

       k =  0.250000  0.500000  0.000000 ik =  25 spin = 1

     n      Emf       Eo      Vxc        X      Cor     Eqp0     Eqp1      Znk
     1  -39.347  -39.347  -24.481  -39.308    3.849  -50.325  -49.508    0.926
     2  -18.616  -18.616  -23.012  -37.961    8.116  -25.449  -24.447    0.853
     3   -2.034   -2.034  -19.295  -27.239    3.745   -6.233   -5.774    0.891
     4   -0.838   -0.838  -20.863  -28.710    3.851   -4.835   -4.393    0.889
     5   -0.303   -0.303  -21.776  -29.655    3.947   -4.235   -3.795    0.888
     6   12.779   12.779  -12.498   -6.533   -3.533   15.211   15.007    0.916
     7   15.599   15.599  -12.607   -6.221   -3.709   18.276   18.045    0.914
     8   18.465   18.465  -11.418   -4.737   -3.974   21.173   20.953    0.919
     9   19.276   19.276  -11.255   -4.215   -4.070   22.245   22.000    0.917
    10   23.716   23.716   -9.995   -3.099   -4.242   26.369   26.147    0.916
    11   32.537   32.537  -10.548   -2.951   -4.666   35.468   35.188    0.904
    12   33.251   33.251  -10.521   -2.925   -4.735   36.113   35.841    0.905
 
================================================================================
 22:17:02   Dealing with k =  0.250000  0.500000  0.250000               26 / 64
================================================================================

 Reading vxc.dat
 Number of q-points in the irreducible BZ(k) (nrq): 64
 
 Started calculating Sigma with 384 block(s) at 22:17:02.
 [ 22:17:02 |   0% ] block   1 / 384.
 [ 22:17:02 |   1% ] block   3 / 384, remaining: 3 s.
 [ 22:17:02 |  10% ] block  39 / 384, remaining: 3 s.
 [ 22:17:03 |  20% ] block  77 / 384, remaining: 3 s.
 [ 22:17:03 |  30% ] block 116 / 384, remaining: 2 s.
 [ 22:17:03 |  40% ] block 154 / 384, remaining: 2 s.
 [ 22:17:04 |  50% ] block 192 / 384, remaining: 2 s.
 [ 22:17:04 |  60% ] block 231 / 384, remaining: 1 s.
 [ 22:17:04 |  70% ] block 269 / 384, remaining: 1 s.
 [ 22:17:05 |  80% ] block 308 / 384, remaining: 1 s.
 [ 22:17:05 |  90% ] block 346 / 384, remaining: 0 s.
 [ 22:17:05 | 100% ] block 384 / 384, remaining: 0 s.
 Finished calculating Sigma at 22:17:05.
 Elapsed time: 3 s.
 
 Unsymmetrized values for ik =  26 spin = 1
 
     n      Emf       Eo      Vxc        X     SX-X       CH      Cor      Sig
     1  -39.356  -39.356  -24.468  -39.297    8.830   -4.975    3.855  -35.442
     2  -18.721  -18.721  -22.880  -37.824   17.563   -9.460    8.104  -29.720
     3   -1.524   -1.524  -20.043  -27.979   12.169   -8.369    3.799  -24.180
     4   -1.002   -1.002  -20.579  -28.429   12.423   -8.591    3.832  -24.596
     5    0.077    0.077  -22.356  -30.202   13.231   -9.246    3.985  -26.218
     6   11.914   11.914  -12.351   -6.489    2.454   -5.970   -3.516  -10.005
     7   15.559   15.559  -12.057   -5.743    2.296   -6.004   -3.708   -9.451
     8   19.167   19.167  -10.203   -3.341    1.133   -5.162   -4.029   -7.369
     9   19.171   19.171  -12.189   -5.268    1.883   -5.923   -4.041   -9.308
    10   28.615   28.615   -9.154   -2.408    0.889   -5.169   -4.280   -6.687
    11   28.654   28.654   -9.484   -2.201    0.379   -4.778   -4.399   -6.600
    12   28.702   28.702  -10.290   -3.084    1.095   -5.630   -4.536   -7.620

 Symmetrized values from band-averaging:

       k =  0.250000  0.500000  0.250000 ik =  26 spin = 1

     n      Emf       Eo      Vxc        X      Cor     Eqp0     Eqp1      Znk
     1  -39.356  -39.356  -24.468  -39.297    3.855  -50.330  -49.495    0.924
     2  -18.721  -18.721  -22.880  -37.824    8.104  -25.561  -24.563    0.854
     3   -1.524   -1.524  -20.043  -27.979    3.799   -5.660   -5.206    0.890
     4   -1.002   -1.002  -20.579  -28.429    3.832   -5.020   -4.576    0.890
     5    0.077    0.077  -22.356  -30.202    3.985   -3.785   -3.351    0.888
     6   11.914   11.914  -12.351   -6.489   -3.516   14.260   14.064    0.917
     7   15.559   15.559  -12.057   -5.743   -3.708   18.164   17.945    0.916
     8   19.167   19.167  -10.203   -3.341   -4.029   22.000   21.777    0.921
     9   19.171   19.171  -12.189   -5.268   -4.041   22.052   21.809    0.916
    10   28.615   28.615   -9.154   -2.408   -4.280   31.082   30.875    0.916
    11   28.654   28.654   -9.484   -2.201   -4.399   31.539   31.290    0.914
    12   28.702   28.702  -10.290   -3.084   -4.536   31.372   31.127    0.908
 
================================================================================
 22:17:05   Dealing with k =  0.250000  0.500000  0.500000               27 / 64
================================================================================

 Reading vxc.dat
 Number of q-points in the irreducible BZ(k) (nrq): 64
 
 Started calculating Sigma with 384 block(s) at 22:17:05.
 [ 22:17:05 |   0% ] block   1 / 384.
 [ 22:17:05 |   1% ] block   3 / 384, remaining: 3 s.
 [ 22:17:06 |  10% ] block  39 / 384, remaining: 3 s.
 [ 22:17:06 |  20% ] block  77 / 384, remaining: 3 s.
 [ 22:17:06 |  30% ] block 116 / 384, remaining: 2 s.
 [ 22:17:07 |  40% ] block 154 / 384, remaining: 2 s.
 [ 22:17:07 |  50% ] block 192 / 384, remaining: 2 s.
 [ 22:17:07 |  60% ] block 231 / 384, remaining: 1 s.
 [ 22:17:08 |  70% ] block 269 / 384, remaining: 1 s.
 [ 22:17:08 |  80% ] block 308 / 384, remaining: 1 s.
 [ 22:17:08 |  90% ] block 346 / 384, remaining: 0 s.
 [ 22:17:09 | 100% ] block 384 / 384, remaining: 0 s.
 Finished calculating Sigma at 22:17:09.
 Elapsed time: 3 s.
 
 Unsymmetrized values for ik =  27 spin = 1
 
     n      Emf       Eo      Vxc        X     SX-X       CH      Cor      Sig
     1  -39.347  -39.347  -24.481  -39.308    8.824   -4.975    3.849  -35.459
     2  -18.616  -18.616  -23.012  -37.962   17.635   -9.518    8.117  -29.844
     3   -2.034   -2.034  -19.295  -27.238   11.842   -8.095    3.747  -23.491
     4   -0.838   -0.838  -20.863  -28.709   12.543   -8.692    3.850  -24.859
     5   -0.303   -0.303  -21.776  -29.654   12.975   -9.029    3.946  -25.708
     6   12.779   12.779  -12.498   -6.535    2.587   -6.114   -3.527  -10.062
     7   15.599   15.599  -12.607   -6.220    2.538   -6.253   -3.715   -9.936
     8   18.465   18.465  -11.418   -4.737    1.717   -5.696   -3.978   -8.715
     9   19.276   19.276  -11.255   -4.216    1.520   -5.585   -4.064   -8.280
    10   23.716   23.716   -9.995   -3.098    1.019   -5.259   -4.240   -7.338
    11   32.537   32.537  -10.548   -2.951    0.729   -5.393   -4.664   -7.616
    12   33.251   33.251  -10.521   -2.925    0.990   -5.728   -4.739   -7.663

 Symmetrized values from band-averaging:

       k =  0.250000  0.500000  0.500000 ik =  27 spin = 1

     n      Emf       Eo      Vxc        X      Cor     Eqp0     Eqp1      Znk
     1  -39.347  -39.347  -24.481  -39.308    3.849  -50.325  -49.509    0.926
     2  -18.616  -18.616  -23.012  -37.962    8.117  -25.448  -24.446    0.853
     3   -2.034   -2.034  -19.295  -27.238    3.747   -6.231   -5.772    0.891
     4   -0.838   -0.838  -20.863  -28.709    3.850   -4.834   -4.392    0.889
     5   -0.303   -0.303  -21.776  -29.654    3.946   -4.235   -3.795    0.888
     6   12.779   12.779  -12.498   -6.535   -3.527   15.215   15.010    0.916
     7   15.599   15.599  -12.607   -6.220   -3.715   18.271   18.041    0.914
     8   18.465   18.465  -11.418   -4.737   -3.978   21.168   20.948    0.919
     9   19.276   19.276  -11.255   -4.216   -4.064   22.250   22.004    0.917
    10   23.716   23.716   -9.995   -3.098   -4.240   26.372   26.149    0.916
    11   32.537   32.537  -10.548   -2.951   -4.664   35.470   35.189    0.904
    12   33.251   33.251  -10.521   -2.925   -4.739   36.110   35.838    0.905
 
================================================================================
 22:17:09   Dealing with k =  0.250000  0.500000  0.750000               28 / 64
================================================================================

 Reading vxc.dat
 Number of q-points in the irreducible BZ(k) (nrq): 64
 
 Started calculating Sigma with 384 block(s) at 22:17:09.
 [ 22:17:09 |   0% ] block   1 / 384.
 [ 22:17:09 |   1% ] block   3 / 384, remaining: 3 s.
 [ 22:17:09 |  10% ] block  39 / 384, remaining: 3 s.
 [ 22:17:10 |  20% ] block  77 / 384, remaining: 3 s.
 [ 22:17:10 |  30% ] block 116 / 384, remaining: 2 s.
 [ 22:17:10 |  40% ] block 154 / 384, remaining: 2 s.
 [ 22:17:11 |  50% ] block 192 / 384, remaining: 2 s.
 [ 22:17:11 |  60% ] block 231 / 384, remaining: 1 s.
 [ 22:17:11 |  70% ] block 269 / 384, remaining: 1 s.
 [ 22:17:12 |  80% ] block 308 / 384, remaining: 1 s.
 [ 22:17:12 |  90% ] block 346 / 384, remaining: 0 s.
 [ 22:17:12 | 100% ] block 384 / 384, remaining: 0 s.
 Finished calculating Sigma at 22:17:12.
 Elapsed time: 3 s.
 
 Unsymmetrized values for ik =  28 spin = 1
 
     n      Emf       Eo      Vxc        X     SX-X       CH      Cor      Sig
     1  -39.338  -39.338  -24.494  -39.319    8.818   -4.975    3.843  -35.477
     2  -18.507  -18.507  -23.154  -38.112   17.708   -9.580    8.128  -29.984
     3   -1.749   -1.749  -19.548  -27.429   11.960   -8.211    3.749  -23.680
     4   -1.749   -1.749  -19.548  -27.429   11.965   -8.211    3.754  -23.675
     5   -0.467   -0.467  -21.629  -29.556   12.893   -8.949    3.944  -25.611
     6   14.822   14.822  -13.294   -6.983    2.957   -6.553   -3.596  -10.579
     7   14.822   14.822  -13.294   -6.983    2.944   -6.550   -3.606  -10.589
     8   17.159   17.159  -10.489   -3.780    1.205   -5.243   -4.038   -7.818
     9   18.983   18.983  -12.476   -5.668    1.920   -5.919   -4.000   -9.667
    10   27.072   27.072   -9.630   -2.567    0.864   -5.189   -4.325   -6.892
    11   27.072   27.072   -9.630   -2.567    0.874   -5.198   -4.324   -6.891
    12   33.601   33.601  -12.008   -4.129    1.629   -6.458   -4.829   -8.958

 Symmetrized values from band-averaging:

       k =  0.250000  0.500000  0.750000 ik =  28 spin = 1

     n      Emf       Eo      Vxc        X      Cor     Eqp0     Eqp1      Znk
     1  -39.338  -39.338  -24.494  -39.319    3.843  -50.321  -49.505    0.926
     2  -18.507  -18.507  -23.154  -38.112    8.128  -25.336  -24.336    0.853
     3   -1.749   -1.749  -19.548  -27.429    3.751   -5.879   -5.427    0.890
     4   -1.749   -1.749  -19.548  -27.429    3.751   -5.879   -5.427    0.890
     5   -0.467   -0.467  -21.629  -29.556    3.944   -4.449   -4.005    0.888
     6   14.822   14.822  -13.294   -6.983   -3.601   17.532   17.295    0.913
     7   14.822   14.822  -13.294   -6.983   -3.601   17.532   17.295    0.913
     8   17.159   17.159  -10.489   -3.780   -4.038   19.829   19.615    0.920
     9   18.983   18.983  -12.476   -5.668   -4.000   21.792   21.556    0.916
    10   27.072   27.072   -9.630   -2.567   -4.325   29.809   29.580    0.916
    11   27.072   27.072   -9.630   -2.567   -4.325   29.809   29.580    0.916
    12   33.601   33.601  -12.008   -4.129   -4.829   36.651   36.362    0.905
 
================================================================================
 22:17:12   Dealing with k =  0.250000  0.750000  0.000000               29 / 64
================================================================================

 Reading vxc.dat
 Number of q-points in the irreducible BZ(k) (nrq): 64
 
 Started calculating Sigma with 384 block(s) at 22:17:12.
 [ 22:17:12 |   0% ] block   1 / 384.
 [ 22:17:12 |   1% ] block   3 / 384, remaining: 3 s.
 [ 22:17:13 |  10% ] block  39 / 384, remaining: 3 s.
 [ 22:17:13 |  20% ] block  77 / 384, remaining: 3 s.
 [ 22:17:13 |  30% ] block 116 / 384, remaining: 2 s.
 [ 22:17:14 |  40% ] block 154 / 384, remaining: 2 s.
 [ 22:17:14 |  50% ] block 192 / 384, remaining: 2 s.
 [ 22:17:14 |  60% ] block 231 / 384, remaining: 1 s.
 [ 22:17:15 |  70% ] block 269 / 384, remaining: 1 s.
 [ 22:17:15 |  80% ] block 308 / 384, remaining: 1 s.
 [ 22:17:15 |  90% ] block 346 / 384, remaining: 0 s.
 [ 22:17:16 | 100% ] block 384 / 384, remaining: 0 s.
 Finished calculating Sigma at 22:17:16.
 Elapsed time: 3 s.
 
 Unsymmetrized values for ik =  29 spin = 1
 
     n      Emf       Eo      Vxc        X     SX-X       CH      Cor      Sig
     1  -39.356  -39.356  -24.468  -39.297    8.829   -4.975    3.855  -35.442
     2  -18.721  -18.721  -22.880  -37.823   17.561   -9.460    8.102  -29.722
     3   -1.524   -1.524  -20.043  -27.980   12.163   -8.369    3.794  -24.186
     4   -1.002   -1.002  -20.579  -28.430   12.420   -8.591    3.829  -24.601
     5    0.077    0.077  -22.356  -30.203   13.227   -9.244    3.984  -26.220
     6   11.914   11.914  -12.351   -6.488    2.454   -5.967   -3.513  -10.001
     7   15.559   15.559  -12.057   -5.741    2.307   -6.008   -3.701   -9.442
     8   19.167   19.167  -10.203   -3.340    1.132   -5.158   -4.026   -7.366
     9   19.171   19.171  -12.189   -5.267    1.886   -5.927   -4.042   -9.309
    10   28.615   28.615   -9.154   -2.406    0.877   -5.155   -4.278   -6.684
    11   28.654   28.654   -9.484   -2.200    0.395   -4.793   -4.398   -6.598
    12   28.702   28.702  -10.290   -3.086    1.094   -5.633   -4.539   -7.625

 Symmetrized values from band-averaging:

       k =  0.250000  0.750000  0.000000 ik =  29 spin = 1

     n      Emf       Eo      Vxc        X      Cor     Eqp0     Eqp1      Znk
     1  -39.356  -39.356  -24.468  -39.297    3.855  -50.330  -49.496    0.924
     2  -18.721  -18.721  -22.880  -37.823    8.102  -25.562  -24.565    0.854
     3   -1.524   -1.524  -20.043  -27.980    3.794   -5.666   -5.212    0.890
     4   -1.002   -1.002  -20.579  -28.430    3.829   -5.024   -4.580    0.890
     5    0.077    0.077  -22.356  -30.203    3.984   -3.787   -3.353    0.888
     6   11.914   11.914  -12.351   -6.488   -3.513   14.264   14.068    0.917
     7   15.559   15.559  -12.057   -5.741   -3.701   18.173   17.953    0.916
     8   19.167   19.167  -10.203   -3.340   -4.026   22.003   21.780    0.921
     9   19.171   19.171  -12.189   -5.267   -4.042   22.051   21.808    0.916
    10   28.615   28.615   -9.154   -2.406   -4.278   31.085   30.878    0.916
    11   28.654   28.654   -9.484   -2.200   -4.398   31.541   31.292    0.914
    12   28.702   28.702  -10.290   -3.086   -4.539   31.366   31.122    0.908
 
================================================================================
 22:17:16   Dealing with k =  0.250000  0.750000  0.250000               30 / 64
================================================================================

 Reading vxc.dat
 Number of q-points in the irreducible BZ(k) (nrq): 64
 
 Started calculating Sigma with 384 block(s) at 22:17:16.
 [ 22:17:16 |   0% ] block   1 / 384.
 [ 22:17:16 |   1% ] block   3 / 384, remaining: 3 s.
 [ 22:17:16 |  10% ] block  39 / 384, remaining: 3 s.
 [ 22:17:16 |  20% ] block  77 / 384, remaining: 3 s.
 [ 22:17:17 |  30% ] block 116 / 384, remaining: 2 s.
 [ 22:17:17 |  40% ] block 154 / 384, remaining: 2 s.
 [ 22:17:17 |  50% ] block 192 / 384, remaining: 2 s.
 [ 22:17:18 |  60% ] block 231 / 384, remaining: 1 s.
 [ 22:17:18 |  70% ] block 269 / 384, remaining: 1 s.
 [ 22:17:19 |  80% ] block 308 / 384, remaining: 1 s.
 [ 22:17:19 |  90% ] block 346 / 384, remaining: 0 s.
 [ 22:17:19 | 100% ] block 384 / 384, remaining: 0 s.
 Finished calculating Sigma at 22:17:19.
 Elapsed time: 3 s.
 
 Unsymmetrized values for ik =  30 spin = 1
 
     n      Emf       Eo      Vxc        X     SX-X       CH      Cor      Sig
     1  -39.347  -39.347  -24.481  -39.308    8.824   -4.975    3.849  -35.458
     2  -18.616  -18.616  -23.012  -37.961   17.633   -9.518    8.116  -29.845
     3   -2.034   -2.034  -19.295  -27.239   11.839   -8.096    3.743  -23.496
     4   -0.838   -0.838  -20.863  -28.710   12.544   -8.691    3.852  -24.858
     5   -0.303   -0.303  -21.776  -29.654   12.977   -9.030    3.947  -25.707
     6   12.779   12.779  -12.498   -6.535    2.574   -6.112   -3.538  -10.072
     7   15.599   15.599  -12.607   -6.220    2.558   -6.264   -3.706   -9.926
     8   18.465   18.465  -11.418   -4.736    1.731   -5.700   -3.969   -8.705
     9   19.276   19.276  -11.255   -4.216    1.520   -5.596   -4.076   -8.292
    10   23.716   23.716   -9.995   -3.098    1.026   -5.267   -4.241   -7.339
    11   32.537   32.537  -10.548   -2.952    0.737   -5.406   -4.669   -7.621
    12   33.251   33.251  -10.521   -2.925    1.010   -5.745   -4.735   -7.660

 Symmetrized values from band-averaging:

       k =  0.250000  0.750000  0.250000 ik =  30 spin = 1

     n      Emf       Eo      Vxc        X      Cor     Eqp0     Eqp1      Znk
     1  -39.347  -39.347  -24.481  -39.308    3.849  -50.325  -49.507    0.926
     2  -18.616  -18.616  -23.012  -37.961    8.116  -25.449  -24.447    0.853
     3   -2.034   -2.034  -19.295  -27.239    3.743   -6.235   -5.776    0.891
     4   -0.838   -0.838  -20.863  -28.710    3.852   -4.833   -4.391    0.889
     5   -0.303   -0.303  -21.776  -29.654    3.947   -4.233   -3.794    0.888
     6   12.779   12.779  -12.498   -6.535   -3.538   15.205   15.000    0.916
     7   15.599   15.599  -12.607   -6.220   -3.706   18.281   18.050    0.914
     8   18.465   18.465  -11.418   -4.736   -3.969   21.178   20.958    0.919
     9   19.276   19.276  -11.255   -4.216   -4.076   22.239   21.994    0.917
    10   23.716   23.716   -9.995   -3.098   -4.241   26.371   26.148    0.916
    11   32.537   32.537  -10.548   -2.952   -4.669   35.464   35.184    0.904
    12   33.251   33.251  -10.521   -2.925   -4.735   36.113   35.841    0.905
 
================================================================================
 22:17:19   Dealing with k =  0.250000  0.750000  0.500000               31 / 64
================================================================================

 Reading vxc.dat
 Number of q-points in the irreducible BZ(k) (nrq): 64
 
 Started calculating Sigma with 384 block(s) at 22:17:19.
 [ 22:17:19 |   0% ] block   1 / 384.
 [ 22:17:19 |   1% ] block   3 / 384, remaining: 3 s.
 [ 22:17:20 |  10% ] block  39 / 384, remaining: 3 s.
 [ 22:17:20 |  20% ] block  77 / 384, remaining: 3 s.
 [ 22:17:20 |  30% ] block 116 / 384, remaining: 2 s.
 [ 22:17:21 |  40% ] block 154 / 384, remaining: 2 s.
 [ 22:17:21 |  50% ] block 192 / 384, remaining: 2 s.
 [ 22:17:21 |  60% ] block 231 / 384, remaining: 1 s.
 [ 22:17:22 |  70% ] block 269 / 384, remaining: 1 s.
 [ 22:17:22 |  80% ] block 308 / 384, remaining: 1 s.
 [ 22:17:22 |  90% ] block 346 / 384, remaining: 0 s.
 [ 22:17:23 | 100% ] block 384 / 384, remaining: 0 s.
 Finished calculating Sigma at 22:17:23.
 Elapsed time: 3 s.
 
 Unsymmetrized values for ik =  31 spin = 1
 
     n      Emf       Eo      Vxc        X     SX-X       CH      Cor      Sig
     1  -39.338  -39.338  -24.494  -39.319    8.818   -4.975    3.843  -35.477
     2  -18.507  -18.507  -23.154  -38.112   17.708   -9.580    8.128  -29.984
     3   -1.749   -1.749  -19.548  -27.429   11.963   -8.210    3.753  -23.676
     4   -1.749   -1.749  -19.548  -27.429   11.962   -8.212    3.750  -23.679
     5   -0.467   -0.467  -21.629  -29.556   12.894   -8.949    3.944  -25.611
     6   14.822   14.822  -13.294   -6.983    2.951   -6.551   -3.601  -10.584
     7   14.822   14.822  -13.294   -6.983    2.949   -6.550   -3.601  -10.584
     8   17.159   17.159  -10.489   -3.780    1.210   -5.248   -4.038   -7.818
     9   18.983   18.983  -12.476   -5.667    1.920   -5.919   -4.000   -9.667
    10   27.072   27.072   -9.630   -2.567    0.865   -5.190   -4.325   -6.892
    11   27.072   27.072   -9.630   -2.567    0.875   -5.200   -4.325   -6.892
    12   33.601   33.601  -12.008   -4.129    1.628   -6.457   -4.829   -8.958

 Symmetrized values from band-averaging:

       k =  0.250000  0.750000  0.500000 ik =  31 spin = 1

     n      Emf       Eo      Vxc        X      Cor     Eqp0     Eqp1      Znk
     1  -39.338  -39.338  -24.494  -39.319    3.843  -50.321  -49.505    0.926
     2  -18.507  -18.507  -23.154  -38.112    8.128  -25.336  -24.335    0.853
     3   -1.749   -1.749  -19.548  -27.429    3.751   -5.879   -5.427    0.890
     4   -1.749   -1.749  -19.548  -27.429    3.751   -5.879   -5.427    0.890
     5   -0.467   -0.467  -21.629  -29.556    3.944   -4.449   -4.005    0.888
     6   14.822   14.822  -13.294   -6.983   -3.601   17.532   17.295    0.913
     7   14.822   14.822  -13.294   -6.983   -3.601   17.532   17.295    0.913
     8   17.159   17.159  -10.489   -3.780   -4.038   19.829   19.615    0.920
     9   18.983   18.983  -12.476   -5.667   -4.000   21.792   21.556    0.916
    10   27.072   27.072   -9.630   -2.567   -4.325   29.809   29.580    0.916
    11   27.072   27.072   -9.630   -2.567   -4.325   29.809   29.580    0.916
    12   33.601   33.601  -12.008   -4.129   -4.829   36.651   36.362    0.905
 
================================================================================
 22:17:23   Dealing with k =  0.250000  0.750000  0.750000               32 / 64
================================================================================

 Reading vxc.dat
 Number of q-points in the irreducible BZ(k) (nrq): 64
 
 Started calculating Sigma with 384 block(s) at 22:17:23.
 [ 22:17:23 |   0% ] block   1 / 384.
 [ 22:17:23 |   1% ] block   3 / 384, remaining: 3 s.
 [ 22:17:23 |  10% ] block  39 / 384, remaining: 3 s.
 [ 22:17:23 |  20% ] block  77 / 384, remaining: 3 s.
 [ 22:17:24 |  30% ] block 116 / 384, remaining: 2 s.
 [ 22:17:24 |  40% ] block 154 / 384, remaining: 2 s.
 [ 22:17:24 |  50% ] block 192 / 384, remaining: 2 s.
 [ 22:17:25 |  60% ] block 231 / 384, remaining: 1 s.
 [ 22:17:25 |  70% ] block 269 / 384, remaining: 1 s.
 [ 22:17:25 |  80% ] block 308 / 384, remaining: 1 s.
 [ 22:17:26 |  90% ] block 346 / 384, remaining: 0 s.
 [ 22:17:26 | 100% ] block 384 / 384, remaining: 0 s.
 Finished calculating Sigma at 22:17:26.
 Elapsed time: 3 s.
 
 Unsymmetrized values for ik =  32 spin = 1
 
     n      Emf       Eo      Vxc        X     SX-X       CH      Cor      Sig
     1  -39.347  -39.347  -24.481  -39.308    8.824   -4.975    3.850  -35.458
     2  -18.616  -18.616  -23.012  -37.961   17.634   -9.518    8.116  -29.845
     3   -2.034   -2.034  -19.295  -27.239   11.837   -8.095    3.742  -23.498
     4   -0.838   -0.838  -20.863  -28.711   12.536   -8.688    3.847  -24.864
     5   -0.303   -0.303  -21.776  -29.655   12.974   -9.029    3.945  -25.710
     6   12.779   12.779  -12.498   -6.532    2.598   -6.119   -3.520  -10.053
     7   15.599   15.599  -12.607   -6.221    2.541   -6.254   -3.713   -9.934
     8   18.465   18.465  -11.418   -4.736    1.743   -5.718   -3.976   -8.712
     9   19.276   19.276  -11.255   -4.215    1.535   -5.595   -4.060   -8.275
    10   23.716   23.716   -9.995   -3.099    1.017   -5.258   -4.241   -7.340
    11   32.537   32.537  -10.548   -2.952    0.723   -5.387   -4.664   -7.615
    12   33.251   33.251  -10.521   -2.925    0.984   -5.726   -4.742   -7.667

 Symmetrized values from band-averaging:

       k =  0.250000  0.750000  0.750000 ik =  32 spin = 1

     n      Emf       Eo      Vxc        X      Cor     Eqp0     Eqp1      Znk
     1  -39.347  -39.347  -24.481  -39.308    3.850  -50.324  -49.507    0.925
     2  -18.616  -18.616  -23.012  -37.961    8.116  -25.449  -24.446    0.853
     3   -2.034   -2.034  -19.295  -27.239    3.742   -6.237   -5.778    0.891
     4   -0.838   -0.838  -20.863  -28.711    3.847   -4.839   -4.397    0.889
     5   -0.303   -0.303  -21.776  -29.655    3.945   -4.237   -3.797    0.888
     6   12.779   12.779  -12.498   -6.532   -3.520   15.224   15.019    0.916
     7   15.599   15.599  -12.607   -6.221   -3.713   18.272   18.042    0.914
     8   18.465   18.465  -11.418   -4.736   -3.976   21.172   20.952    0.919
     9   19.276   19.276  -11.255   -4.215   -4.060   22.256   22.010    0.917
    10   23.716   23.716   -9.995   -3.099   -4.241   26.370   26.147    0.916
    11   32.537   32.537  -10.548   -2.952   -4.664   35.470   35.190    0.905
    12   33.251   33.251  -10.521   -2.925   -4.742   36.106   35.835    0.905
 
================================================================================
 22:17:26   Dealing with k =  0.500000  0.000000 -0.000000               33 / 64
================================================================================

 Reading vxc.dat
 Number of q-points in the irreducible BZ(k) (nrq): 64
 
 Started calculating Sigma with 384 block(s) at 22:17:26.
 [ 22:17:26 |   0% ] block   1 / 384.
 [ 22:17:26 |   1% ] block   3 / 384, remaining: 3 s.
 [ 22:17:27 |  10% ] block  39 / 384, remaining: 3 s.
 [ 22:17:27 |  20% ] block  77 / 384, remaining: 3 s.
 [ 22:17:27 |  30% ] block 116 / 384, remaining: 2 s.
 [ 22:17:28 |  40% ] block 154 / 384, remaining: 2 s.
 [ 22:17:28 |  50% ] block 192 / 384, remaining: 2 s.
 [ 22:17:28 |  60% ] block 231 / 384, remaining: 1 s.
 [ 22:17:29 |  70% ] block 269 / 384, remaining: 1 s.
 [ 22:17:29 |  80% ] block 308 / 384, remaining: 1 s.
 [ 22:17:29 |  90% ] block 346 / 384, remaining: 0 s.
 [ 22:17:30 | 100% ] block 384 / 384, remaining: 0 s.
 Finished calculating Sigma at 22:17:30.
 Elapsed time: 3 s.
 
 Unsymmetrized values for ik =  33 spin = 1
 
     n      Emf       Eo      Vxc        X     SX-X       CH      Cor      Sig
     1  -39.355  -39.355  -24.470  -39.300    8.825   -4.974    3.851  -35.449
     2  -18.747  -18.747  -22.839  -37.780   17.560   -9.451    8.109  -29.671
     3   -2.173   -2.173  -19.340  -27.413   11.851   -8.063    3.788  -23.625
     4    0.095    0.095  -22.400  -30.257   13.251   -9.261    3.991  -26.267
     5    0.095    0.095  -22.400  -30.257   13.251   -9.260    3.991  -26.267
     6   10.627   10.627  -10.244   -4.546    2.152   -5.733   -3.580   -8.126
     7   16.470   16.470  -14.892   -8.133    3.367   -7.165   -3.798  -11.931
     8   18.619   18.619   -9.737   -3.051    1.218   -5.190   -3.972   -7.023
     9   18.619   18.619   -9.737   -3.051    1.170   -5.141   -3.971   -7.022
    10   30.059   30.059   -9.361   -2.239    0.386   -4.891   -4.506   -6.745
    11   30.557   30.557  -11.078   -3.353    1.165   -5.939   -4.774   -8.127
    12   30.557   30.557  -11.078   -3.353    1.163   -5.937   -4.773   -8.126

 Symmetrized values from band-averaging:

       k =  0.500000  0.000000 -0.000000 ik =  33 spin = 1

     n      Emf       Eo      Vxc        X      Cor     Eqp0     Eqp1      Znk
     1  -39.355  -39.355  -24.470  -39.300    3.851  -50.334  -49.559    0.929
     2  -18.747  -18.747  -22.839  -37.780    8.109  -25.580  -24.589    0.855
     3   -2.173   -2.173  -19.340  -27.413    3.788   -6.459   -5.990    0.891
     4    0.095    0.095  -22.400  -30.257    3.991   -3.771   -3.337    0.888
     5    0.095    0.095  -22.400  -30.257    3.991   -3.771   -3.337    0.888
     6   10.627   10.627  -10.244   -4.546   -3.580   12.745   12.581    0.922
     7   16.470   16.470  -14.892   -8.133   -3.798   19.431   19.156    0.907
     8   18.619   18.619   -9.737   -3.051   -3.972   21.334   21.125    0.923
     9   18.619   18.619   -9.737   -3.051   -3.972   21.334   21.125    0.923
    10   30.059   30.059   -9.361   -2.239   -4.506   32.675   32.444    0.912
    11   30.557   30.557  -11.078   -3.353   -4.774   33.508   33.213    0.900
    12   30.557   30.557  -11.078   -3.353   -4.774   33.508   33.213    0.900
 
================================================================================
 22:17:30   Dealing with k =  0.500000  0.000000  0.250000               34 / 64
================================================================================

 Reading vxc.dat
 Number of q-points in the irreducible BZ(k) (nrq): 64
 
 Started calculating Sigma with 384 block(s) at 22:17:30.
 [ 22:17:30 |   0% ] block   1 / 384.
 [ 22:17:30 |   1% ] block   3 / 384, remaining: 3 s.
 [ 22:17:30 |  10% ] block  39 / 384, remaining: 3 s.
 [ 22:17:30 |  20% ] block  77 / 384, remaining: 3 s.
 [ 22:17:31 |  30% ] block 116 / 384, remaining: 2 s.
 [ 22:17:31 |  40% ] block 154 / 384, remaining: 2 s.
 [ 22:17:31 |  50% ] block 192 / 384, remaining: 2 s.
 [ 22:17:32 |  60% ] block 231 / 384, remaining: 1 s.
 [ 22:17:32 |  70% ] block 269 / 384, remaining: 1 s.
 [ 22:17:32 |  80% ] block 308 / 384, remaining: 1 s.
 [ 22:17:33 |  90% ] block 346 / 384, remaining: 0 s.
 [ 22:17:33 | 100% ] block 384 / 384, remaining: 0 s.
 Finished calculating Sigma at 22:17:33.
 Elapsed time: 3 s.
 
 Unsymmetrized values for ik =  34 spin = 1
 
     n      Emf       Eo      Vxc        X     SX-X       CH      Cor      Sig
     1  -39.347  -39.347  -24.481  -39.308    8.824   -4.975    3.849  -35.458
     2  -18.616  -18.616  -23.012  -37.961   17.633   -9.518    8.116  -29.846
     3   -2.034   -2.034  -19.295  -27.239   11.841   -8.096    3.745  -23.494
     4   -0.838   -0.838  -20.863  -28.710   12.544   -8.693    3.851  -24.860
     5   -0.303   -0.303  -21.776  -29.654   12.974   -9.028    3.947  -25.708
     6   12.779   12.779  -12.498   -6.535    2.577   -6.110   -3.532  -10.067
     7   15.599   15.599  -12.607   -6.220    2.549   -6.259   -3.710   -9.930
     8   18.465   18.465  -11.418   -4.736    1.726   -5.700   -3.974   -8.710
     9   19.276   19.276  -11.255   -4.216    1.527   -5.597   -4.070   -8.286
    10   23.716   23.716   -9.995   -3.098    1.029   -5.270   -4.241   -7.339
    11   32.537   32.537  -10.548   -2.952    0.735   -5.401   -4.666   -7.618
    12   33.251   33.251  -10.521   -2.924    1.002   -5.738   -4.736   -7.661

 Symmetrized values from band-averaging:

       k =  0.500000  0.000000  0.250000 ik =  34 spin = 1

     n      Emf       Eo      Vxc        X      Cor     Eqp0     Eqp1      Znk
     1  -39.347  -39.347  -24.481  -39.308    3.849  -50.325  -49.508    0.926
     2  -18.616  -18.616  -23.012  -37.961    8.116  -25.449  -24.447    0.853
     3   -2.034   -2.034  -19.295  -27.239    3.745   -6.233   -5.774    0.891
     4   -0.838   -0.838  -20.863  -28.710    3.851   -4.835   -4.393    0.889
     5   -0.303   -0.303  -21.776  -29.654    3.947   -4.234   -3.795    0.888
     6   12.779   12.779  -12.498   -6.535   -3.532   15.210   15.005    0.916
     7   15.599   15.599  -12.607   -6.220   -3.710   18.276   18.046    0.914
     8   18.465   18.465  -11.418   -4.736   -3.974   21.173   20.953    0.919
     9   19.276   19.276  -11.255   -4.216   -4.070   22.244   21.999    0.917
    10   23.716   23.716   -9.995   -3.098   -4.241   26.371   26.148    0.916
    11   32.537   32.537  -10.548   -2.952   -4.666   35.467   35.187    0.904
    12   33.251   33.251  -10.521   -2.924   -4.736   36.112   35.840    0.905
 
================================================================================
 22:17:33   Dealing with k =  0.500000  0.000000  0.500000               35 / 64
================================================================================

 Reading vxc.dat
 Number of q-points in the irreducible BZ(k) (nrq): 64
 
 Started calculating Sigma with 384 block(s) at 22:17:33.
 [ 22:17:33 |   0% ] block   1 / 384.
 [ 22:17:33 |   1% ] block   3 / 384, remaining: 3 s.
 [ 22:17:33 |  10% ] block  39 / 384, remaining: 3 s.
 [ 22:17:34 |  20% ] block  77 / 384, remaining: 3 s.
 [ 22:17:34 |  30% ] block 116 / 384, remaining: 2 s.
 [ 22:17:34 |  40% ] block 154 / 384, remaining: 2 s.
 [ 22:17:35 |  50% ] block 192 / 384, remaining: 2 s.
 [ 22:17:35 |  60% ] block 231 / 384, remaining: 1 s.
 [ 22:17:36 |  70% ] block 269 / 384, remaining: 1 s.
 [ 22:17:36 |  80% ] block 308 / 384, remaining: 1 s.
 [ 22:17:36 |  90% ] block 346 / 384, remaining: 0 s.
 [ 22:17:37 | 100% ] block 384 / 384, remaining: 0 s.
 Finished calculating Sigma at 22:17:37.
 Elapsed time: 3 s.
 
 Unsymmetrized values for ik =  35 spin = 1
 
     n      Emf       Eo      Vxc        X     SX-X       CH      Cor      Sig
     1  -39.339  -39.339  -24.492  -39.316    8.822   -4.975    3.847  -35.469
     2  -18.479  -18.479  -23.200  -38.159   17.728   -9.591    8.137  -30.023
     3   -2.677   -2.677  -18.378  -26.300   11.449   -7.780    3.669  -22.631
     4   -0.670   -0.670  -21.251  -29.165   12.749   -8.834    3.916  -25.250
     5   -0.670   -0.670  -21.251  -29.165   12.749   -8.833    3.916  -25.250
     6   14.561   14.561  -15.133   -8.633    3.662   -7.218   -3.555  -12.188
     7   16.318   16.318   -8.339   -2.620    0.950   -4.682   -3.733   -6.353
     8   17.235   17.235  -11.215   -4.813    1.442   -5.376   -3.934   -8.747
     9   19.861   19.861  -12.553   -5.161    1.583   -5.769   -4.186   -9.347
    10   19.861   19.861  -12.553   -5.161    1.587   -5.773   -4.186   -9.347
    11   32.945   32.945  -12.449   -4.539    1.941   -6.867   -4.926   -9.465
    12   37.921   37.921  -11.300   -3.580    1.883   -6.529   -4.646   -8.226

 Symmetrized values from band-averaging:

       k =  0.500000  0.000000  0.500000 ik =  35 spin = 1

     n      Emf       Eo      Vxc        X      Cor     Eqp0     Eqp1      Znk
     1  -39.339  -39.339  -24.492  -39.316    3.847  -50.316  -49.491    0.925
     2  -18.479  -18.479  -23.200  -38.159    8.137  -25.302  -24.287    0.851
     3   -2.677   -2.677  -18.378  -26.300    3.669   -6.930   -6.468    0.891
     4   -0.670   -0.670  -21.251  -29.165    3.916   -4.669   -4.224    0.889
     5   -0.670   -0.670  -21.251  -29.165    3.916   -4.669   -4.224    0.889
     6   14.561   14.561  -15.133   -8.633   -3.555   17.506   17.235    0.908
     7   16.318   16.318   -8.339   -2.620   -3.733   18.304   18.154    0.925
     8   17.235   17.235  -11.215   -4.813   -3.934   19.703   19.506    0.920
     9   19.861   19.861  -12.553   -5.161   -4.186   23.067   22.785    0.912
    10   19.861   19.861  -12.553   -5.161   -4.186   23.067   22.785    0.912
    11   32.945   32.945  -12.449   -4.539   -4.926   35.929   35.616    0.895
    12   37.921   37.921  -11.300   -3.580   -4.646   40.996   40.746    0.919
 
================================================================================
 22:17:37   Dealing with k =  0.500000 -0.000000  0.750000               36 / 64
================================================================================

 Reading vxc.dat
 Number of q-points in the irreducible BZ(k) (nrq): 64
 
 Started calculating Sigma with 384 block(s) at 22:17:37.
 [ 22:17:37 |   0% ] block   1 / 384.
 [ 22:17:37 |   1% ] block   3 / 384, remaining: 3 s.
 [ 22:17:37 |  10% ] block  39 / 384, remaining: 3 s.
 [ 22:17:37 |  20% ] block  77 / 384, remaining: 3 s.
 [ 22:17:38 |  30% ] block 116 / 384, remaining: 2 s.
 [ 22:17:38 |  40% ] block 154 / 384, remaining: 2 s.
 [ 22:17:38 |  50% ] block 192 / 384, remaining: 2 s.
 [ 22:17:39 |  60% ] block 231 / 384, remaining: 1 s.
 [ 22:17:39 |  70% ] block 269 / 384, remaining: 1 s.
 [ 22:17:39 |  80% ] block 308 / 384, remaining: 1 s.
 [ 22:17:40 |  90% ] block 346 / 384, remaining: 0 s.
 [ 22:17:40 | 100% ] block 384 / 384, remaining: 0 s.
 Finished calculating Sigma at 22:17:40.
 Elapsed time: 3 s.
 
 Unsymmetrized values for ik =  36 spin = 1
 
     n      Emf       Eo      Vxc        X     SX-X       CH      Cor      Sig
     1  -39.347  -39.347  -24.481  -39.308    8.824   -4.975    3.849  -35.459
     2  -18.616  -18.616  -23.012  -37.961   17.634   -9.518    8.116  -29.845
     3   -2.034   -2.034  -19.295  -27.238   11.836   -8.094    3.743  -23.496
     4   -0.838   -0.838  -20.863  -28.711   12.538   -8.692    3.846  -24.865
     5   -0.303   -0.303  -21.776  -29.655   12.973   -9.028    3.945  -25.710
     6   12.779   12.779  -12.498   -6.533    2.595   -6.120   -3.524  -10.057
     7   15.599   15.599  -12.607   -6.221    2.545   -6.255   -3.709   -9.930
     8   18.465   18.465  -11.418   -4.737    1.747   -5.717   -3.970   -8.707
     9   19.276   19.276  -11.255   -4.215    1.529   -5.595   -4.066   -8.281
    10   23.716   23.716   -9.995   -3.099    1.028   -5.271   -4.242   -7.341
    11   32.537   32.537  -10.548   -2.951    0.716   -5.382   -4.666   -7.617
    12   33.251   33.251  -10.521   -2.925    0.993   -5.731   -4.738   -7.663

 Symmetrized values from band-averaging:

       k =  0.500000 -0.000000  0.750000 ik =  36 spin = 1

     n      Emf       Eo      Vxc        X      Cor     Eqp0     Eqp1      Znk
     1  -39.347  -39.347  -24.481  -39.308    3.849  -50.325  -49.508    0.926
     2  -18.616  -18.616  -23.012  -37.961    8.116  -25.449  -24.446    0.853
     3   -2.034   -2.034  -19.295  -27.238    3.743   -6.235   -5.776    0.891
     4   -0.838   -0.838  -20.863  -28.711    3.846   -4.840   -4.397    0.889
     5   -0.303   -0.303  -21.776  -29.655    3.945   -4.236   -3.797    0.888
     6   12.779   12.779  -12.498   -6.533   -3.524   15.220   15.014    0.916
     7   15.599   15.599  -12.607   -6.221   -3.709   18.276   18.045    0.914
     8   18.465   18.465  -11.418   -4.737   -3.970   21.176   20.956    0.919
     9   19.276   19.276  -11.255   -4.215   -4.066   22.250   22.004    0.917
    10   23.716   23.716   -9.995   -3.099   -4.242   26.369   26.146    0.916
    11   32.537   32.537  -10.548   -2.951   -4.666   35.468   35.188    0.905
    12   33.251   33.251  -10.521   -2.925   -4.738   36.110   35.838    0.905
 
================================================================================
 22:17:40   Dealing with k =  0.500000  0.250000 -0.000000               37 / 64
================================================================================

 Reading vxc.dat
 Number of q-points in the irreducible BZ(k) (nrq): 64
 
 Started calculating Sigma with 384 block(s) at 22:17:40.
 [ 22:17:40 |   0% ] block   1 / 384.
 [ 22:17:40 |   1% ] block   3 / 384, remaining: 3 s.
 [ 22:17:40 |  10% ] block  39 / 384, remaining: 3 s.
 [ 22:17:41 |  20% ] block  77 / 384, remaining: 3 s.
 [ 22:17:41 |  30% ] block 116 / 384, remaining: 2 s.
 [ 22:17:41 |  40% ] block 154 / 384, remaining: 2 s.
 [ 22:17:42 |  50% ] block 192 / 384, remaining: 2 s.
 [ 22:17:42 |  60% ] block 231 / 384, remaining: 1 s.
 [ 22:17:42 |  70% ] block 269 / 384, remaining: 1 s.
 [ 22:17:43 |  80% ] block 308 / 384, remaining: 1 s.
 [ 22:17:43 |  90% ] block 346 / 384, remaining: 0 s.
 [ 22:17:44 | 100% ] block 384 / 384, remaining: 0 s.
 Finished calculating Sigma at 22:17:44.
 Elapsed time: 3 s.
 
 Unsymmetrized values for ik =  37 spin = 1
 
     n      Emf       Eo      Vxc        X     SX-X       CH      Cor      Sig
     1  -39.347  -39.347  -24.481  -39.308    8.824   -4.975    3.849  -35.459
     2  -18.616  -18.616  -23.012  -37.961   17.633   -9.518    8.116  -29.846
     3   -2.034   -2.034  -19.295  -27.239   11.840   -8.095    3.745  -23.494
     4   -0.838   -0.838  -20.863  -28.710   12.544   -8.693    3.851  -24.860
     5   -0.303   -0.303  -21.776  -29.654   12.974   -9.028    3.946  -25.708
     6   12.779   12.779  -12.498   -6.535    2.576   -6.108   -3.532  -10.067
     7   15.599   15.599  -12.607   -6.220    2.547   -6.257   -3.710   -9.930
     8   18.465   18.465  -11.418   -4.736    1.730   -5.704   -3.974   -8.710
     9   19.276   19.276  -11.255   -4.216    1.534   -5.604   -4.070   -8.286
    10   23.716   23.716   -9.995   -3.098    1.021   -5.262   -4.241   -7.339
    11   32.537   32.537  -10.548   -2.952    0.729   -5.395   -4.666   -7.618
    12   33.251   33.251  -10.521   -2.924    1.002   -5.738   -4.736   -7.660

 Symmetrized values from band-averaging:

       k =  0.500000  0.250000 -0.000000 ik =  37 spin = 1

     n      Emf       Eo      Vxc        X      Cor     Eqp0     Eqp1      Znk
     1  -39.347  -39.347  -24.481  -39.308    3.849  -50.325  -49.508    0.926
     2  -18.616  -18.616  -23.012  -37.961    8.116  -25.450  -24.449    0.854
     3   -2.034   -2.034  -19.295  -27.239    3.745   -6.233   -5.774    0.891
     4   -0.838   -0.838  -20.863  -28.710    3.851   -4.835   -4.393    0.889
     5   -0.303   -0.303  -21.776  -29.654    3.946   -4.234   -3.795    0.888
     6   12.779   12.779  -12.498   -6.535   -3.532   15.210   15.006    0.916
     7   15.599   15.599  -12.607   -6.220   -3.710   18.276   18.046    0.914
     8   18.465   18.465  -11.418   -4.736   -3.974   21.173   20.953    0.919
     9   19.276   19.276  -11.255   -4.216   -4.070   22.244   21.999    0.917
    10   23.716   23.716   -9.995   -3.098   -4.241   26.371   26.148    0.916
    11   32.537   32.537  -10.548   -2.952   -4.666   35.467   35.187    0.904
    12   33.251   33.251  -10.521   -2.924   -4.736   36.112   35.840    0.905
 
================================================================================
 22:17:44   Dealing with k =  0.500000  0.250000  0.250000               38 / 64
================================================================================

 Reading vxc.dat
 Number of q-points in the irreducible BZ(k) (nrq): 64
 
 Started calculating Sigma with 384 block(s) at 22:17:44.
 [ 22:17:44 |   0% ] block   1 / 384.
 [ 22:17:44 |   1% ] block   3 / 384, remaining: 3 s.
 [ 22:17:44 |  10% ] block  39 / 384, remaining: 3 s.
 [ 22:17:44 |  20% ] block  77 / 384, remaining: 3 s.
 [ 22:17:45 |  30% ] block 116 / 384, remaining: 2 s.
 [ 22:17:45 |  40% ] block 154 / 384, remaining: 2 s.
 [ 22:17:45 |  50% ] block 192 / 384, remaining: 2 s.
 [ 22:17:46 |  60% ] block 231 / 384, remaining: 1 s.
 [ 22:17:46 |  70% ] block 269 / 384, remaining: 1 s.
 [ 22:17:46 |  80% ] block 308 / 384, remaining: 1 s.
 [ 22:17:47 |  90% ] block 346 / 384, remaining: 0 s.
 [ 22:17:47 | 100% ] block 384 / 384, remaining: 0 s.
 Finished calculating Sigma at 22:17:47.
 Elapsed time: 3 s.
 
 Unsymmetrized values for ik =  38 spin = 1
 
     n      Emf       Eo      Vxc        X     SX-X       CH      Cor      Sig
     1  -39.356  -39.356  -24.468  -39.297    8.829   -4.975    3.855  -35.442
     2  -18.721  -18.721  -22.880  -37.824   17.563   -9.459    8.104  -29.720
     3   -1.524   -1.524  -20.043  -27.980   12.169   -8.370    3.799  -24.180
     4   -1.002   -1.002  -20.579  -28.429   12.423   -8.591    3.832  -24.597
     5    0.077    0.077  -22.356  -30.203   13.231   -9.246    3.985  -26.218
     6   11.914   11.914  -12.351   -6.489    2.455   -5.971   -3.516  -10.005
     7   15.559   15.559  -12.057   -5.742    2.295   -6.004   -3.708   -9.450
     8   19.167   19.167  -10.203   -3.341    1.133   -5.162   -4.029   -7.369
     9   19.171   19.171  -12.189   -5.267    1.885   -5.925   -4.041   -9.308
    10   28.615   28.615   -9.154   -2.407    0.877   -5.156   -4.280   -6.686
    11   28.654   28.654   -9.484   -2.201    0.381   -4.780   -4.399   -6.600
    12   28.702   28.702  -10.290   -3.085    1.094   -5.630   -4.536   -7.621

 Symmetrized values from band-averaging:

       k =  0.500000  0.250000  0.250000 ik =  38 spin = 1

     n      Emf       Eo      Vxc        X      Cor     Eqp0     Eqp1      Znk
     1  -39.356  -39.356  -24.468  -39.297    3.855  -50.330  -49.496    0.924
     2  -18.721  -18.721  -22.880  -37.824    8.104  -25.561  -24.563    0.854
     3   -1.524   -1.524  -20.043  -27.980    3.799   -5.661   -5.207    0.890
     4   -1.002   -1.002  -20.579  -28.429    3.832   -5.021   -4.577    0.890
     5    0.077    0.077  -22.356  -30.203    3.985   -3.785   -3.351    0.888
     6   11.914   11.914  -12.351   -6.489   -3.516   14.261   14.065    0.917
     7   15.559   15.559  -12.057   -5.742   -3.708   18.165   17.945    0.916
     8   19.167   19.167  -10.203   -3.341   -4.029   22.000   21.777    0.921
     9   19.171   19.171  -12.189   -5.267   -4.041   22.052   21.809    0.916
    10   28.615   28.615   -9.154   -2.407   -4.280   31.083   30.876    0.916
    11   28.654   28.654   -9.484   -2.201   -4.399   31.539   31.290    0.914
    12   28.702   28.702  -10.290   -3.085   -4.536   31.371   31.126    0.908
 
================================================================================
 22:17:47   Dealing with k =  0.500000  0.250000  0.500000               39 / 64
================================================================================

 Reading vxc.dat
 Number of q-points in the irreducible BZ(k) (nrq): 64
 
 Started calculating Sigma with 384 block(s) at 22:17:47.
 [ 22:17:47 |   0% ] block   1 / 384.
 [ 22:17:47 |   1% ] block   3 / 384, remaining: 3 s.
 [ 22:17:47 |  10% ] block  39 / 384, remaining: 3 s.
 [ 22:17:48 |  20% ] block  77 / 384, remaining: 3 s.
 [ 22:17:48 |  30% ] block 116 / 384, remaining: 2 s.
 [ 22:17:48 |  40% ] block 154 / 384, remaining: 2 s.
 [ 22:17:49 |  50% ] block 192 / 384, remaining: 2 s.
 [ 22:17:49 |  60% ] block 231 / 384, remaining: 1 s.
 [ 22:17:49 |  70% ] block 269 / 384, remaining: 1 s.
 [ 22:17:50 |  80% ] block 308 / 384, remaining: 1 s.
 [ 22:17:50 |  90% ] block 346 / 384, remaining: 0 s.
 [ 22:17:50 | 100% ] block 384 / 384, remaining: 0 s.
 Finished calculating Sigma at 22:17:50.
 Elapsed time: 3 s.
 
 Unsymmetrized values for ik =  39 spin = 1
 
     n      Emf       Eo      Vxc        X     SX-X       CH      Cor      Sig
     1  -39.347  -39.347  -24.481  -39.308    8.824   -4.975    3.849  -35.459
     2  -18.616  -18.616  -23.012  -37.961   17.635   -9.518    8.117  -29.844
     3   -2.034   -2.034  -19.295  -27.239   11.841   -8.094    3.747  -23.492
     4   -0.838   -0.838  -20.863  -28.710   12.543   -8.692    3.851  -24.860
     5   -0.303   -0.303  -21.776  -29.655   12.975   -9.029    3.946  -25.709
     6   12.779   12.779  -12.498   -6.533    2.587   -6.114   -3.527  -10.061
     7   15.599   15.599  -12.607   -6.221    2.534   -6.250   -3.715   -9.936
     8   18.465   18.465  -11.418   -4.737    1.729   -5.707   -3.978   -8.715
     9   19.276   19.276  -11.255   -4.215    1.534   -5.599   -4.065   -8.279
    10   23.716   23.716   -9.995   -3.099    1.020   -5.260   -4.240   -7.339
    11   32.537   32.537  -10.548   -2.951    0.722   -5.386   -4.664   -7.615
    12   33.251   33.251  -10.521   -2.925    0.992   -5.730   -4.738   -7.663

 Symmetrized values from band-averaging:

       k =  0.500000  0.250000  0.500000 ik =  39 spin = 1

     n      Emf       Eo      Vxc        X      Cor     Eqp0     Eqp1      Znk
     1  -39.347  -39.347  -24.481  -39.308    3.849  -50.325  -49.508    0.926
     2  -18.616  -18.616  -23.012  -37.961    8.117  -25.448  -24.446    0.853
     3   -2.034   -2.034  -19.295  -27.239    3.747   -6.231   -5.772    0.891
     4   -0.838   -0.838  -20.863  -28.710    3.851   -4.835   -4.393    0.889
     5   -0.303   -0.303  -21.776  -29.655    3.946   -4.235   -3.796    0.888
     6   12.779   12.779  -12.498   -6.533   -3.527   15.216   15.011    0.916
     7   15.599   15.599  -12.607   -6.221   -3.715   18.270   18.040    0.914
     8   18.465   18.465  -11.418   -4.737   -3.978   21.168   20.949    0.919
     9   19.276   19.276  -11.255   -4.215   -4.065   22.251   22.005    0.917
    10   23.716   23.716   -9.995   -3.099   -4.240   26.371   26.148    0.916
    11   32.537   32.537  -10.548   -2.951   -4.664   35.470   35.190    0.904
    12   33.251   33.251  -10.521   -2.925   -4.738   36.110   35.838    0.905
 
================================================================================
 22:17:50   Dealing with k =  0.500000  0.250000  0.750000               40 / 64
================================================================================

 Reading vxc.dat
 Number of q-points in the irreducible BZ(k) (nrq): 64
 
 Started calculating Sigma with 384 block(s) at 22:17:50.
 [ 22:17:50 |   0% ] block   1 / 384.
 [ 22:17:50 |   1% ] block   3 / 384, remaining: 3 s.
 [ 22:17:51 |  10% ] block  39 / 384, remaining: 3 s.
 [ 22:17:51 |  20% ] block  77 / 384, remaining: 3 s.
 [ 22:17:51 |  30% ] block 116 / 384, remaining: 2 s.
 [ 22:17:52 |  40% ] block 154 / 384, remaining: 2 s.
 [ 22:17:52 |  50% ] block 192 / 384, remaining: 2 s.
 [ 22:17:53 |  60% ] block 231 / 384, remaining: 1 s.
 [ 22:17:53 |  70% ] block 269 / 384, remaining: 1 s.
 [ 22:17:53 |  80% ] block 308 / 384, remaining: 1 s.
 [ 22:17:54 |  90% ] block 346 / 384, remaining: 0 s.
 [ 22:17:54 | 100% ] block 384 / 384, remaining: 0 s.
 Finished calculating Sigma at 22:17:54.
 Elapsed time: 3 s.
 
 Unsymmetrized values for ik =  40 spin = 1
 
     n      Emf       Eo      Vxc        X     SX-X       CH      Cor      Sig
     1  -39.338  -39.338  -24.494  -39.319    8.818   -4.975    3.843  -35.477
     2  -18.507  -18.507  -23.154  -38.111   17.708   -9.580    8.128  -29.984
     3   -1.749   -1.749  -19.548  -27.429   11.961   -8.212    3.749  -23.681
     4   -1.749   -1.749  -19.548  -27.428   11.964   -8.211    3.754  -23.674
     5   -0.467   -0.467  -21.629  -29.556   12.893   -8.949    3.944  -25.612
     6   14.822   14.822  -13.294   -6.983    2.953   -6.551   -3.598  -10.581
     7   14.822   14.822  -13.294   -6.983    2.948   -6.551   -3.604  -10.587
     8   17.159   17.159  -10.489   -3.780    1.205   -5.243   -4.038   -7.818
     9   18.983   18.983  -12.476   -5.668    1.920   -5.920   -3.999   -9.667
    10   27.072   27.072   -9.630   -2.567    0.862   -5.187   -4.325   -6.891
    11   27.072   27.072   -9.630   -2.568    0.878   -5.202   -4.325   -6.893
    12   33.601   33.601  -12.008   -4.129    1.631   -6.460   -4.829   -8.958

 Symmetrized values from band-averaging:

       k =  0.500000  0.250000  0.750000 ik =  40 spin = 1

     n      Emf       Eo      Vxc        X      Cor     Eqp0     Eqp1      Znk
     1  -39.338  -39.338  -24.494  -39.319    3.843  -50.321  -49.505    0.926
     2  -18.507  -18.507  -23.154  -38.111    8.128  -25.336  -24.335    0.853
     3   -1.749   -1.749  -19.548  -27.429    3.751   -5.879   -5.427    0.890
     4   -1.749   -1.749  -19.548  -27.429    3.751   -5.879   -5.427    0.890
     5   -0.467   -0.467  -21.629  -29.556    3.944   -4.449   -4.005    0.888
     6   14.822   14.822  -13.294   -6.983   -3.601   17.532   17.295    0.913
     7   14.822   14.822  -13.294   -6.983   -3.601   17.532   17.295    0.913
     8   17.159   17.159  -10.489   -3.780   -4.038   19.829   19.615    0.920
     9   18.983   18.983  -12.476   -5.668   -3.999   21.792   21.556    0.916
    10   27.072   27.072   -9.630   -2.567   -4.325   29.809   29.580    0.916
    11   27.072   27.072   -9.630   -2.567   -4.325   29.809   29.580    0.916
    12   33.601   33.601  -12.008   -4.129   -4.829   36.651   36.362    0.905
 
================================================================================
 22:17:54   Dealing with k =  0.500000  0.500000  0.000000               41 / 64
================================================================================

 Reading vxc.dat
 Number of q-points in the irreducible BZ(k) (nrq): 64
 
 Started calculating Sigma with 384 block(s) at 22:17:54.
 [ 22:17:54 |   0% ] block   1 / 384.
 [ 22:17:54 |   1% ] block   3 / 384, remaining: 3 s.
 [ 22:17:54 |  10% ] block  39 / 384, remaining: 3 s.
 [ 22:17:55 |  20% ] block  77 / 384, remaining: 3 s.
 [ 22:17:55 |  30% ] block 116 / 384, remaining: 2 s.
 [ 22:17:55 |  40% ] block 154 / 384, remaining: 2 s.
 [ 22:17:56 |  50% ] block 192 / 384, remaining: 2 s.
 [ 22:17:56 |  60% ] block 231 / 384, remaining: 1 s.
 [ 22:17:56 |  70% ] block 269 / 384, remaining: 1 s.
 [ 22:17:57 |  80% ] block 308 / 384, remaining: 1 s.
 [ 22:17:57 |  90% ] block 346 / 384, remaining: 0 s.
 [ 22:17:57 | 100% ] block 384 / 384, remaining: 0 s.
 Finished calculating Sigma at 22:17:57.
 Elapsed time: 3 s.
 
 Unsymmetrized values for ik =  41 spin = 1
 
     n      Emf       Eo      Vxc        X     SX-X       CH      Cor      Sig
     1  -39.339  -39.339  -24.492  -39.316    8.822   -4.975    3.847  -35.469
     2  -18.479  -18.479  -23.200  -38.159   17.728   -9.591    8.137  -30.023
     3   -2.677   -2.677  -18.378  -26.300   11.449   -7.780    3.669  -22.631
     4   -0.670   -0.670  -21.251  -29.165   12.748   -8.833    3.916  -25.250
     5   -0.670   -0.670  -21.251  -29.165   12.750   -8.834    3.916  -25.249
     6   14.561   14.561  -15.133   -8.632    3.663   -7.219   -3.555  -12.188
     7   16.318   16.318   -8.339   -2.620    0.949   -4.682   -3.733   -6.353
     8   17.235   17.235  -11.215   -4.813    1.442   -5.376   -3.934   -8.747
     9   19.861   19.861  -12.553   -5.161    1.584   -5.770   -4.186   -9.347
    10   19.861   19.861  -12.553   -5.161    1.586   -5.772   -4.186   -9.347
    11   32.945   32.945  -12.449   -4.539    1.946   -6.871   -4.926   -9.465
    12   37.921   37.921  -11.300   -3.580    1.883   -6.528   -4.646   -8.226

 Symmetrized values from band-averaging:

       k =  0.500000  0.500000  0.000000 ik =  41 spin = 1

     n      Emf       Eo      Vxc        X      Cor     Eqp0     Eqp1      Znk
     1  -39.339  -39.339  -24.492  -39.316    3.847  -50.316  -49.491    0.925
     2  -18.479  -18.479  -23.200  -38.159    8.137  -25.302  -24.286    0.851
     3   -2.677   -2.677  -18.378  -26.300    3.669   -6.930   -6.468    0.891
     4   -0.670   -0.670  -21.251  -29.165    3.916   -4.669   -4.224    0.889
     5   -0.670   -0.670  -21.251  -29.165    3.916   -4.669   -4.224    0.889
     6   14.561   14.561  -15.133   -8.632   -3.555   17.507   17.235    0.908
     7   16.318   16.318   -8.339   -2.620   -3.733   18.304   18.154    0.925
     8   17.235   17.235  -11.215   -4.813   -3.934   19.703   19.506    0.920
     9   19.861   19.861  -12.553   -5.161   -4.186   23.067   22.785    0.912
    10   19.861   19.861  -12.553   -5.161   -4.186   23.067   22.785    0.912
    11   32.945   32.945  -12.449   -4.539   -4.926   35.929   35.616    0.895
    12   37.921   37.921  -11.300   -3.580   -4.646   40.995   40.745    0.919
 
================================================================================
 22:17:57   Dealing with k =  0.500000  0.500000  0.250000               42 / 64
================================================================================

 Reading vxc.dat
 Number of q-points in the irreducible BZ(k) (nrq): 64
 
 Started calculating Sigma with 384 block(s) at 22:17:57.
 [ 22:17:57 |   0% ] block   1 / 384.
 [ 22:17:57 |   1% ] block   3 / 384, remaining: 3 s.
 [ 22:17:58 |  10% ] block  39 / 384, remaining: 3 s.
 [ 22:17:58 |  20% ] block  77 / 384, remaining: 3 s.
 [ 22:17:58 |  30% ] block 116 / 384, remaining: 2 s.
 [ 22:17:59 |  40% ] block 154 / 384, remaining: 2 s.
 [ 22:17:59 |  50% ] block 192 / 384, remaining: 2 s.
 [ 22:17:59 |  60% ] block 231 / 384, remaining: 1 s.
 [ 22:18:00 |  70% ] block 269 / 384, remaining: 1 s.
 [ 22:18:00 |  80% ] block 308 / 384, remaining: 1 s.
 [ 22:18:00 |  90% ] block 346 / 384, remaining: 0 s.
 [ 22:18:01 | 100% ] block 384 / 384, remaining: 0 s.
 Finished calculating Sigma at 22:18:01.
 Elapsed time: 3 s.
 
 Unsymmetrized values for ik =  42 spin = 1
 
     n      Emf       Eo      Vxc        X     SX-X       CH      Cor      Sig
     1  -39.347  -39.347  -24.481  -39.308    8.824   -4.975    3.849  -35.459
     2  -18.616  -18.616  -23.012  -37.961   17.635   -9.518    8.117  -29.844
     3   -2.034   -2.034  -19.295  -27.239   11.841   -8.094    3.747  -23.492
     4   -0.838   -0.838  -20.863  -28.710   12.543   -8.692    3.851  -24.860
     5   -0.303   -0.303  -21.776  -29.655   12.975   -9.029    3.946  -25.709
     6   12.779   12.779  -12.498   -6.533    2.586   -6.114   -3.527  -10.060
     7   15.599   15.599  -12.607   -6.221    2.534   -6.250   -3.715   -9.936
     8   18.465   18.465  -11.418   -4.737    1.730   -5.708   -3.978   -8.715
     9   19.276   19.276  -11.255   -4.215    1.560   -5.625   -4.065   -8.280
    10   23.716   23.716   -9.995   -3.099    1.027   -5.267   -4.240   -7.339
    11   32.537   32.537  -10.548   -2.951    0.721   -5.385   -4.664   -7.615
    12   33.251   33.251  -10.521   -2.925    0.990   -5.729   -4.738   -7.663

 Symmetrized values from band-averaging:

       k =  0.500000  0.500000  0.250000 ik =  42 spin = 1

     n      Emf       Eo      Vxc        X      Cor     Eqp0     Eqp1      Znk
     1  -39.347  -39.347  -24.481  -39.308    3.849  -50.325  -49.509    0.926
     2  -18.616  -18.616  -23.012  -37.961    8.117  -25.448  -24.445    0.853
     3   -2.034   -2.034  -19.295  -27.239    3.747   -6.231   -5.772    0.891
     4   -0.838   -0.838  -20.863  -28.710    3.851   -4.835   -4.393    0.889
     5   -0.303   -0.303  -21.776  -29.655    3.946   -4.235   -3.796    0.888
     6   12.779   12.779  -12.498   -6.533   -3.527   15.217   15.011    0.916
     7   15.599   15.599  -12.607   -6.221   -3.715   18.270   18.040    0.914
     8   18.465   18.465  -11.418   -4.737   -3.978   21.168   20.949    0.919
     9   19.276   19.276  -11.255   -4.215   -4.065   22.251   22.005    0.917
    10   23.716   23.716   -9.995   -3.099   -4.240   26.371   26.148    0.916
    11   32.537   32.537  -10.548   -2.951   -4.664   35.470   35.190    0.904
    12   33.251   33.251  -10.521   -2.925   -4.738   36.110   35.838    0.905
 
================================================================================
 22:18:01   Dealing with k =  0.500000  0.500000  0.500000               43 / 64
================================================================================

 Reading vxc.dat
 Number of q-points in the irreducible BZ(k) (nrq): 64
 
 Started calculating Sigma with 384 block(s) at 22:18:01.
 [ 22:18:01 |   0% ] block   1 / 384.
 [ 22:18:01 |   1% ] block   3 / 384, remaining: 3 s.
 [ 22:18:01 |  10% ] block  39 / 384, remaining: 3 s.
 [ 22:18:02 |  20% ] block  77 / 384, remaining: 3 s.
 [ 22:18:02 |  30% ] block 116 / 384, remaining: 2 s.
 [ 22:18:02 |  40% ] block 154 / 384, remaining: 2 s.
 [ 22:18:03 |  50% ] block 192 / 384, remaining: 2 s.
 [ 22:18:03 |  60% ] block 231 / 384, remaining: 1 s.
 [ 22:18:03 |  70% ] block 269 / 384, remaining: 1 s.
 [ 22:18:04 |  80% ] block 308 / 384, remaining: 1 s.
 [ 22:18:04 |  90% ] block 346 / 384, remaining: 0 s.
 [ 22:18:04 | 100% ] block 384 / 384, remaining: 0 s.
 Finished calculating Sigma at 22:18:04.
 Elapsed time: 3 s.
 
 Unsymmetrized values for ik =  43 spin = 1
 
     n      Emf       Eo      Vxc        X     SX-X       CH      Cor      Sig
     1  -39.355  -39.355  -24.470  -39.300    8.825   -4.974    3.850  -35.449
     2  -18.747  -18.747  -22.839  -37.780   17.563   -9.451    8.112  -29.668
     3   -2.173   -2.173  -19.340  -27.413   11.851   -8.060    3.791  -23.623
     4    0.095    0.095  -22.400  -30.257   13.253   -9.262    3.991  -26.266
     5    0.095    0.095  -22.400  -30.257   13.253   -9.262    3.991  -26.266
     6   10.627   10.627  -10.244   -4.546    2.104   -5.685   -3.581   -8.127
     7   16.470   16.470  -14.892   -8.133    3.362   -7.161   -3.799  -11.932
     8   18.619   18.619   -9.737   -3.051    1.209   -5.180   -3.972   -7.023
     9   18.619   18.619   -9.737   -3.051    1.222   -5.193   -3.972   -7.023
    10   30.059   30.059   -9.361   -2.239    0.384   -4.893   -4.510   -6.749
    11   30.557   30.557  -11.078   -3.353    1.162   -5.935   -4.773   -8.126
    12   30.557   30.557  -11.078   -3.353    1.162   -5.935   -4.773   -8.126

 Symmetrized values from band-averaging:

       k =  0.500000  0.500000  0.500000 ik =  43 spin = 1

     n      Emf       Eo      Vxc        X      Cor     Eqp0     Eqp1      Znk
     1  -39.355  -39.355  -24.470  -39.300    3.850  -50.334  -49.566    0.930
     2  -18.747  -18.747  -22.839  -37.780    8.112  -25.577  -24.586    0.855
     3   -2.173   -2.173  -19.340  -27.413    3.791   -6.456   -5.987    0.891
     4    0.095    0.095  -22.400  -30.257    3.991   -3.771   -3.336    0.888
     5    0.095    0.095  -22.400  -30.257    3.991   -3.771   -3.336    0.888
     6   10.627   10.627  -10.244   -4.546   -3.581   12.744   12.580    0.922
     7   16.470   16.470  -14.892   -8.133   -3.799   19.431   19.156    0.907
     8   18.619   18.619   -9.737   -3.051   -3.972   21.333   21.125    0.923
     9   18.619   18.619   -9.737   -3.051   -3.972   21.333   21.125    0.923
    10   30.059   30.059   -9.361   -2.239   -4.510   32.671   32.441    0.912
    11   30.557   30.557  -11.078   -3.353   -4.773   33.509   33.214    0.900
    12   30.557   30.557  -11.078   -3.353   -4.773   33.509   33.214    0.900
 
================================================================================
 22:18:04   Dealing with k =  0.500000  0.500000  0.750000               44 / 64
================================================================================

 Reading vxc.dat
 Number of q-points in the irreducible BZ(k) (nrq): 64
 
 Started calculating Sigma with 384 block(s) at 22:18:04.
 [ 22:18:04 |   0% ] block   1 / 384.
 [ 22:18:04 |   1% ] block   3 / 384, remaining: 3 s.
 [ 22:18:05 |  10% ] block  39 / 384, remaining: 3 s.
 [ 22:18:05 |  20% ] block  77 / 384, remaining: 3 s.
 [ 22:18:05 |  30% ] block 116 / 384, remaining: 2 s.
 [ 22:18:06 |  40% ] block 154 / 384, remaining: 2 s.
 [ 22:18:06 |  50% ] block 192 / 384, remaining: 2 s.
 [ 22:18:06 |  60% ] block 231 / 384, remaining: 1 s.
 [ 22:18:07 |  70% ] block 269 / 384, remaining: 1 s.
 [ 22:18:07 |  80% ] block 308 / 384, remaining: 1 s.
 [ 22:18:07 |  90% ] block 346 / 384, remaining: 0 s.
 [ 22:18:08 | 100% ] block 384 / 384, remaining: 0 s.
 Finished calculating Sigma at 22:18:08.
 Elapsed time: 3 s.
 
 Unsymmetrized values for ik =  44 spin = 1
 
     n      Emf       Eo      Vxc        X     SX-X       CH      Cor      Sig
     1  -39.347  -39.347  -24.481  -39.308    8.824   -4.975    3.849  -35.459
     2  -18.616  -18.616  -23.012  -37.961   17.635   -9.518    8.117  -29.844
     3   -2.034   -2.034  -19.295  -27.239   11.836   -8.092    3.744  -23.495
     4   -0.838   -0.838  -20.863  -28.710   12.538   -8.692    3.846  -24.865
     5   -0.303   -0.303  -21.776  -29.654   12.976   -9.029    3.947  -25.707
     6   12.779   12.779  -12.498   -6.535    2.593   -6.123   -3.530  -10.065
     7   15.599   15.599  -12.607   -6.220    2.557   -6.262   -3.705   -9.925
     8   18.465   18.465  -11.418   -4.736    1.746   -5.711   -3.965   -8.701
     9   19.276   19.276  -11.255   -4.216    1.544   -5.616   -4.072   -8.288
    10   23.716   23.716   -9.995   -3.098    1.030   -5.274   -4.243   -7.341
    11   32.537   32.537  -10.548   -2.951    0.730   -5.398   -4.669   -7.620
    12   33.251   33.251  -10.521   -2.925    1.005   -5.741   -4.735   -7.660

 Symmetrized values from band-averaging:

       k =  0.500000  0.500000  0.750000 ik =  44 spin = 1

     n      Emf       Eo      Vxc        X      Cor     Eqp0     Eqp1      Znk
     1  -39.347  -39.347  -24.481  -39.308    3.849  -50.325  -49.508    0.926
     2  -18.616  -18.616  -23.012  -37.961    8.117  -25.448  -24.445    0.853
     3   -2.034   -2.034  -19.295  -27.239    3.744   -6.234   -5.775    0.891
     4   -0.838   -0.838  -20.863  -28.710    3.846   -4.840   -4.397    0.889
     5   -0.303   -0.303  -21.776  -29.654    3.947   -4.234   -3.795    0.888
     6   12.779   12.779  -12.498   -6.535   -3.530   15.212   15.007    0.916
     7   15.599   15.599  -12.607   -6.220   -3.705   18.281   18.050    0.914
     8   18.465   18.465  -11.418   -4.736   -3.965   21.182   20.961    0.919
     9   19.276   19.276  -11.255   -4.216   -4.072   22.242   21.997    0.917
    10   23.716   23.716   -9.995   -3.098   -4.243   26.369   26.146    0.916
    11   32.537   32.537  -10.548   -2.951   -4.669   35.465   35.185    0.904
    12   33.251   33.251  -10.521   -2.925   -4.735   36.113   35.841    0.905
 
================================================================================
 22:18:08   Dealing with k =  0.500000  0.750000  0.000000               45 / 64
================================================================================

 Reading vxc.dat
 Number of q-points in the irreducible BZ(k) (nrq): 64
 
 Started calculating Sigma with 384 block(s) at 22:18:08.
 [ 22:18:08 |   0% ] block   1 / 384.
 [ 22:18:08 |   1% ] block   3 / 384, remaining: 3 s.
 [ 22:18:08 |  10% ] block  39 / 384, remaining: 3 s.
 [ 22:18:08 |  20% ] block  77 / 384, remaining: 3 s.
 [ 22:18:09 |  30% ] block 116 / 384, remaining: 2 s.
 [ 22:18:09 |  40% ] block 154 / 384, remaining: 2 s.
 [ 22:18:10 |  50% ] block 192 / 384, remaining: 2 s.
 [ 22:18:10 |  60% ] block 231 / 384, remaining: 1 s.
 [ 22:18:10 |  70% ] block 269 / 384, remaining: 1 s.
 [ 22:18:11 |  80% ] block 308 / 384, remaining: 1 s.
 [ 22:18:11 |  90% ] block 346 / 384, remaining: 0 s.
 [ 22:18:11 | 100% ] block 384 / 384, remaining: 0 s.
 Finished calculating Sigma at 22:18:11.
 Elapsed time: 3 s.
 
 Unsymmetrized values for ik =  45 spin = 1
 
     n      Emf       Eo      Vxc        X     SX-X       CH      Cor      Sig
     1  -39.347  -39.347  -24.481  -39.308    8.824   -4.975    3.849  -35.459
     2  -18.616  -18.616  -23.012  -37.961   17.634   -9.518    8.116  -29.845
     3   -2.034   -2.034  -19.295  -27.239   11.837   -8.094    3.743  -23.496
     4   -0.838   -0.838  -20.863  -28.711   12.538   -8.692    3.846  -24.864
     5   -0.303   -0.303  -21.776  -29.655   12.973   -9.028    3.945  -25.710
     6   12.779   12.779  -12.498   -6.533    2.594   -6.118   -3.524  -10.057
     7   15.599   15.599  -12.607   -6.221    2.545   -6.254   -3.709   -9.930
     8   18.465   18.465  -11.418   -4.737    1.747   -5.717   -3.970   -8.707
     9   19.276   19.276  -11.255   -4.215    1.509   -5.575   -4.066   -8.281
    10   23.716   23.716   -9.995   -3.099    1.020   -5.262   -4.242   -7.342
    11   32.537   32.537  -10.548   -2.951    0.719   -5.385   -4.666   -7.617
    12   33.251   33.251  -10.521   -2.925    0.990   -5.728   -4.738   -7.663

 Symmetrized values from band-averaging:

       k =  0.500000  0.750000  0.000000 ik =  45 spin = 1

     n      Emf       Eo      Vxc        X      Cor     Eqp0     Eqp1      Znk
     1  -39.347  -39.347  -24.481  -39.308    3.849  -50.325  -49.508    0.926
     2  -18.616  -18.616  -23.012  -37.961    8.116  -25.449  -24.447    0.853
     3   -2.034   -2.034  -19.295  -27.239    3.743   -6.235   -5.776    0.891
     4   -0.838   -0.838  -20.863  -28.711    3.846   -4.840   -4.397    0.889
     5   -0.303   -0.303  -21.776  -29.655    3.945   -4.236   -3.797    0.888
     6   12.779   12.779  -12.498   -6.533   -3.524   15.220   15.014    0.916
     7   15.599   15.599  -12.607   -6.221   -3.709   18.276   18.045    0.914
     8   18.465   18.465  -11.418   -4.737   -3.970   21.176   20.956    0.919
     9   19.276   19.276  -11.255   -4.215   -4.066   22.250   22.004    0.917
    10   23.716   23.716   -9.995   -3.099   -4.242   26.369   26.146    0.916
    11   32.537   32.537  -10.548   -2.951   -4.666   35.468   35.188    0.905
    12   33.251   33.251  -10.521   -2.925   -4.738   36.110   35.838    0.905
 
================================================================================
 22:18:11   Dealing with k =  0.500000  0.750000  0.250000               46 / 64
================================================================================

 Reading vxc.dat
 Number of q-points in the irreducible BZ(k) (nrq): 64
 
 Started calculating Sigma with 384 block(s) at 22:18:11.
 [ 22:18:11 |   0% ] block   1 / 384.
 [ 22:18:11 |   1% ] block   3 / 384, remaining: 3 s.
 [ 22:18:12 |  10% ] block  39 / 384, remaining: 3 s.
 [ 22:18:12 |  20% ] block  77 / 384, remaining: 3 s.
 [ 22:18:12 |  30% ] block 116 / 384, remaining: 2 s.
 [ 22:18:13 |  40% ] block 154 / 384, remaining: 2 s.
 [ 22:18:13 |  50% ] block 192 / 384, remaining: 2 s.
 [ 22:18:13 |  60% ] block 231 / 384, remaining: 1 s.
 [ 22:18:14 |  70% ] block 269 / 384, remaining: 1 s.
 [ 22:18:14 |  80% ] block 308 / 384, remaining: 1 s.
 [ 22:18:14 |  90% ] block 346 / 384, remaining: 0 s.
 [ 22:18:15 | 100% ] block 384 / 384, remaining: 0 s.
 Finished calculating Sigma at 22:18:15.
 Elapsed time: 3 s.
 
 Unsymmetrized values for ik =  46 spin = 1
 
     n      Emf       Eo      Vxc        X     SX-X       CH      Cor      Sig
     1  -39.338  -39.338  -24.494  -39.319    8.818   -4.975    3.843  -35.476
     2  -18.507  -18.507  -23.154  -38.111   17.708   -9.580    8.128  -29.984
     3   -1.749   -1.749  -19.548  -27.428   11.964   -8.212    3.752  -23.676
     4   -1.749   -1.749  -19.548  -27.429   11.961   -8.210    3.751  -23.679
     5   -0.467   -0.467  -21.629  -29.556   12.893   -8.949    3.944  -25.612
     6   14.822   14.822  -13.294   -6.984    2.947   -6.549   -3.602  -10.586
     7   14.822   14.822  -13.294   -6.983    2.954   -6.553   -3.600  -10.582
     8   17.159   17.159  -10.489   -3.780    1.205   -5.243   -4.038   -7.818
     9   18.983   18.983  -12.476   -5.668    1.919   -5.919   -4.000   -9.667
    10   27.072   27.072   -9.630   -2.568    0.868   -5.192   -4.325   -6.893
    11   27.072   27.072   -9.630   -2.566    0.870   -5.194   -4.325   -6.891
    12   33.601   33.601  -12.008   -4.129    1.629   -6.458   -4.829   -8.958

 Symmetrized values from band-averaging:

       k =  0.500000  0.750000  0.250000 ik =  46 spin = 1

     n      Emf       Eo      Vxc        X      Cor     Eqp0     Eqp1      Znk
     1  -39.338  -39.338  -24.494  -39.319    3.843  -50.320  -49.501    0.925
     2  -18.507  -18.507  -23.154  -38.111    8.128  -25.336  -24.335    0.853
     3   -1.749   -1.749  -19.548  -27.429    3.751   -5.879   -5.427    0.890
     4   -1.749   -1.749  -19.548  -27.429    3.751   -5.879   -5.427    0.890
     5   -0.467   -0.467  -21.629  -29.556    3.944   -4.449   -4.005    0.888
     6   14.822   14.822  -13.294   -6.983   -3.601   17.532   17.295    0.913
     7   14.822   14.822  -13.294   -6.983   -3.601   17.532   17.295    0.913
     8   17.159   17.159  -10.489   -3.780   -4.038   19.829   19.615    0.920
     9   18.983   18.983  -12.476   -5.668   -4.000   21.792   21.556    0.916
    10   27.072   27.072   -9.630   -2.567   -4.325   29.809   29.580    0.916
    11   27.072   27.072   -9.630   -2.567   -4.325   29.809   29.580    0.916
    12   33.601   33.601  -12.008   -4.129   -4.829   36.651   36.362    0.905
 
================================================================================
 22:18:15   Dealing with k =  0.500000  0.750000  0.500000               47 / 64
================================================================================

 Reading vxc.dat
 Number of q-points in the irreducible BZ(k) (nrq): 64
 
 Started calculating Sigma with 384 block(s) at 22:18:15.
 [ 22:18:15 |   0% ] block   1 / 384.
 [ 22:18:15 |   1% ] block   3 / 384, remaining: 3 s.
 [ 22:18:15 |  10% ] block  39 / 384, remaining: 3 s.
 [ 22:18:15 |  20% ] block  77 / 384, remaining: 3 s.
 [ 22:18:16 |  30% ] block 116 / 384, remaining: 2 s.
 [ 22:18:16 |  40% ] block 154 / 384, remaining: 2 s.
 [ 22:18:16 |  50% ] block 192 / 384, remaining: 2 s.
 [ 22:18:17 |  60% ] block 231 / 384, remaining: 1 s.
 [ 22:18:17 |  70% ] block 269 / 384, remaining: 1 s.
 [ 22:18:18 |  80% ] block 308 / 384, remaining: 1 s.
 [ 22:18:18 |  90% ] block 346 / 384, remaining: 0 s.
 [ 22:18:18 | 100% ] block 384 / 384, remaining: 0 s.
 Finished calculating Sigma at 22:18:18.
 Elapsed time: 3 s.
 
 Unsymmetrized values for ik =  47 spin = 1
 
     n      Emf       Eo      Vxc        X     SX-X       CH      Cor      Sig
     1  -39.347  -39.347  -24.481  -39.308    8.824   -4.975    3.849  -35.459
     2  -18.616  -18.616  -23.012  -37.961   17.635   -9.518    8.117  -29.844
     3   -2.034   -2.034  -19.295  -27.239   11.836   -8.092    3.744  -23.495
     4   -0.838   -0.838  -20.863  -28.711   12.538   -8.692    3.846  -24.865
     5   -0.303   -0.303  -21.776  -29.654   12.976   -9.030    3.947  -25.707
     6   12.779   12.779  -12.498   -6.535    2.593   -6.123   -3.530  -10.065
     7   15.599   15.599  -12.607   -6.220    2.554   -6.259   -3.705   -9.925
     8   18.465   18.465  -11.418   -4.736    1.747   -5.712   -3.965   -8.702
     9   19.276   19.276  -11.255   -4.216    1.521   -5.593   -4.072   -8.288
    10   23.716   23.716   -9.995   -3.098    1.022   -5.266   -4.243   -7.341
    11   32.537   32.537  -10.548   -2.952    0.724   -5.393   -4.668   -7.620
    12   33.251   33.251  -10.521   -2.924    1.005   -5.740   -4.735   -7.660

 Symmetrized values from band-averaging:

       k =  0.500000  0.750000  0.500000 ik =  47 spin = 1

     n      Emf       Eo      Vxc        X      Cor     Eqp0     Eqp1      Znk
     1  -39.347  -39.347  -24.481  -39.308    3.849  -50.325  -49.508    0.926
     2  -18.616  -18.616  -23.012  -37.961    8.117  -25.448  -24.446    0.853
     3   -2.034   -2.034  -19.295  -27.239    3.744   -6.234   -5.775    0.891
     4   -0.838   -0.838  -20.863  -28.711    3.846   -4.840   -4.397    0.889
     5   -0.303   -0.303  -21.776  -29.654    3.947   -4.234   -3.795    0.888
     6   12.779   12.779  -12.498   -6.535   -3.530   15.212   15.007    0.916
     7   15.599   15.599  -12.607   -6.220   -3.705   18.281   18.050    0.914
     8   18.465   18.465  -11.418   -4.736   -3.965   21.182   20.961    0.919
     9   19.276   19.276  -11.255   -4.216   -4.072   22.242   21.997    0.917
    10   23.716   23.716   -9.995   -3.098   -4.243   26.369   26.147    0.916
    11   32.537   32.537  -10.548   -2.952   -4.668   35.465   35.185    0.904
    12   33.251   33.251  -10.521   -2.924   -4.735   36.113   35.841    0.905
 
================================================================================
 22:18:18   Dealing with k =  0.500000  0.750000  0.750000               48 / 64
================================================================================

 Reading vxc.dat
 Number of q-points in the irreducible BZ(k) (nrq): 64
 
 Started calculating Sigma with 384 block(s) at 22:18:18.
 [ 22:18:18 |   0% ] block   1 / 384.
 [ 22:18:18 |   1% ] block   3 / 384, remaining: 3 s.
 [ 22:18:19 |  10% ] block  39 / 384, remaining: 3 s.
 [ 22:18:19 |  20% ] block  77 / 384, remaining: 3 s.
 [ 22:18:19 |  30% ] block 116 / 384, remaining: 2 s.
 [ 22:18:20 |  40% ] block 154 / 384, remaining: 2 s.
 [ 22:18:20 |  50% ] block 192 / 384, remaining: 2 s.
 [ 22:18:20 |  60% ] block 231 / 384, remaining: 1 s.
 [ 22:18:21 |  70% ] block 269 / 384, remaining: 1 s.
 [ 22:18:21 |  80% ] block 308 / 384, remaining: 1 s.
 [ 22:18:21 |  90% ] block 346 / 384, remaining: 0 s.
 [ 22:18:22 | 100% ] block 384 / 384, remaining: 0 s.
 Finished calculating Sigma at 22:18:22.
 Elapsed time: 3 s.
 
 Unsymmetrized values for ik =  48 spin = 1
 
     n      Emf       Eo      Vxc        X     SX-X       CH      Cor      Sig
     1  -39.356  -39.356  -24.468  -39.297    8.829   -4.975    3.855  -35.442
     2  -18.721  -18.721  -22.880  -37.824   17.563   -9.460    8.103  -29.720
     3   -1.524   -1.524  -20.043  -27.979   12.158   -8.365    3.794  -24.186
     4   -1.002   -1.002  -20.579  -28.430   12.414   -8.590    3.825  -24.605
     5    0.077    0.077  -22.356  -30.203   13.228   -9.246    3.983  -26.220
     6   11.914   11.914  -12.351   -6.488    2.453   -5.965   -3.512  -10.001
     7   15.559   15.559  -12.057   -5.742    2.321   -6.012   -3.691   -9.433
     8   19.167   19.167  -10.203   -3.341    1.145   -5.166   -4.021   -7.362
     9   19.171   19.171  -12.189   -5.268    1.878   -5.922   -4.044   -9.312
    10   28.615   28.615   -9.154   -2.407    0.876   -5.153   -4.277   -6.684
    11   28.654   28.654   -9.484   -2.201    0.372   -4.771   -4.398   -6.599
    12   28.702   28.702  -10.290   -3.085    1.084   -5.626   -4.541   -7.626

 Symmetrized values from band-averaging:

       k =  0.500000  0.750000  0.750000 ik =  48 spin = 1

     n      Emf       Eo      Vxc        X      Cor     Eqp0     Eqp1      Znk
     1  -39.356  -39.356  -24.468  -39.297    3.855  -50.330  -49.496    0.924
     2  -18.721  -18.721  -22.880  -37.824    8.103  -25.561  -24.563    0.854
     3   -1.524   -1.524  -20.043  -27.979    3.794   -5.666   -5.212    0.890
     4   -1.002   -1.002  -20.579  -28.430    3.825   -5.029   -4.584    0.890
     5    0.077    0.077  -22.356  -30.203    3.983   -3.787   -3.353    0.888
     6   11.914   11.914  -12.351   -6.488   -3.512   14.264   14.068    0.917
     7   15.559   15.559  -12.057   -5.742   -3.691   18.182   17.961    0.916
     8   19.167   19.167  -10.203   -3.341   -4.021   22.008   21.784    0.921
     9   19.171   19.171  -12.189   -5.268   -4.044   22.048   21.805    0.916
    10   28.615   28.615   -9.154   -2.407   -4.277   31.085   30.878    0.916
    11   28.654   28.654   -9.484   -2.201   -4.398   31.539   31.290    0.914
    12   28.702   28.702  -10.290   -3.085   -4.541   31.365   31.121    0.908
 
================================================================================
 22:18:22   Dealing with k =  0.750000  0.000000 -0.000000               49 / 64
================================================================================

 Reading vxc.dat
 Number of q-points in the irreducible BZ(k) (nrq): 64
 
 Started calculating Sigma with 384 block(s) at 22:18:22.
 [ 22:18:22 |   0% ] block   1 / 384.
 [ 22:18:22 |   1% ] block   3 / 384, remaining: 3 s.
 [ 22:18:22 |  10% ] block  39 / 384, remaining: 3 s.
 [ 22:18:22 |  20% ] block  77 / 384, remaining: 3 s.
 [ 22:18:23 |  30% ] block 116 / 384, remaining: 2 s.
 [ 22:18:23 |  40% ] block 154 / 384, remaining: 2 s.
 [ 22:18:23 |  50% ] block 192 / 384, remaining: 2 s.
 [ 22:18:24 |  60% ] block 231 / 384, remaining: 1 s.
 [ 22:18:24 |  70% ] block 269 / 384, remaining: 1 s.
 [ 22:18:24 |  80% ] block 308 / 384, remaining: 1 s.
 [ 22:18:25 |  90% ] block 346 / 384, remaining: 0 s.
 [ 22:18:25 | 100% ] block 384 / 384, remaining: 0 s.
 Finished calculating Sigma at 22:18:25.
 Elapsed time: 3 s.
 
 Unsymmetrized values for ik =  49 spin = 1
 
     n      Emf       Eo      Vxc        X     SX-X       CH      Cor      Sig
     1  -39.387  -39.387  -24.426  -39.260    8.846   -4.975    3.871  -35.389
     2  -18.968  -18.968  -22.608  -37.544   17.390   -9.322    8.068  -29.475
     3   -1.038   -1.038  -20.653  -28.526   12.420   -8.596    3.824  -24.702
     4    0.196    0.196  -22.518  -30.341   13.299   -9.308    3.991  -26.351
     5    0.196    0.196  -22.518  -30.342   13.298   -9.307    3.990  -26.351
     6   10.206   10.206  -12.250   -6.684    2.833   -6.266   -3.433  -10.117
     7   17.692   17.692  -11.314   -4.808    1.902   -5.795   -3.893   -8.701
     8   20.240   20.240  -10.000   -3.103    0.541   -4.611   -4.070   -7.174
     9   20.240   20.240  -10.000   -3.104    0.478   -4.553   -4.075   -7.179
    10   26.636   26.636   -9.472   -2.345    0.591   -4.958   -4.368   -6.713
    11   27.212   27.212   -9.536   -2.679    1.039   -5.312   -4.273   -6.951
    12   27.212   27.212   -9.536   -2.679    1.036   -5.307   -4.271   -6.949

 Symmetrized values from band-averaging:

       k =  0.750000  0.000000 -0.000000 ik =  49 spin = 1

     n      Emf       Eo      Vxc        X      Cor     Eqp0     Eqp1      Znk
     1  -39.387  -39.387  -24.426  -39.260    3.871  -50.349  -49.504    0.923
     2  -18.968  -18.968  -22.608  -37.544    8.068  -25.835  -24.850    0.857
     3   -1.038   -1.038  -20.653  -28.526    3.824   -5.088   -4.641    0.890
     4    0.196    0.196  -22.518  -30.342    3.991   -3.636   -3.205    0.888
     5    0.196    0.196  -22.518  -30.342    3.991   -3.636   -3.205    0.888
     6   10.206   10.206  -12.250   -6.684   -3.433   12.339   12.163    0.918
     7   17.692   17.692  -11.314   -4.808   -3.893   20.305   20.087    0.916
     8   20.240   20.240  -10.000   -3.104   -4.073   23.064   22.841    0.921
     9   20.240   20.240  -10.000   -3.104   -4.073   23.064   22.841    0.921
    10   26.636   26.636   -9.472   -2.345   -4.368   29.396   29.161    0.915
    11   27.212   27.212   -9.536   -2.679   -4.272   29.798   29.583    0.917
    12   27.212   27.212   -9.536   -2.679   -4.272   29.798   29.583    0.917
 
================================================================================
 22:18:25   Dealing with k =  0.750000  0.000000  0.250000               50 / 64
================================================================================

 Reading vxc.dat
 Number of q-points in the irreducible BZ(k) (nrq): 64
 
 Started calculating Sigma with 384 block(s) at 22:18:25.
 [ 22:18:25 |   0% ] block   1 / 384.
 [ 22:18:25 |   1% ] block   3 / 384, remaining: 3 s.
 [ 22:18:26 |  10% ] block  39 / 384, remaining: 3 s.
 [ 22:18:26 |  20% ] block  77 / 384, remaining: 3 s.
 [ 22:18:26 |  30% ] block 116 / 384, remaining: 2 s.
 [ 22:18:27 |  40% ] block 154 / 384, remaining: 2 s.
 [ 22:18:27 |  50% ] block 192 / 384, remaining: 2 s.
 [ 22:18:27 |  60% ] block 231 / 384, remaining: 1 s.
 [ 22:18:28 |  70% ] block 269 / 384, remaining: 1 s.
 [ 22:18:28 |  80% ] block 308 / 384, remaining: 1 s.
 [ 22:18:28 |  90% ] block 346 / 384, remaining: 0 s.
 [ 22:18:29 | 100% ] block 384 / 384, remaining: 0 s.
 Finished calculating Sigma at 22:18:29.
 Elapsed time: 3 s.
 
 Unsymmetrized values for ik =  50 spin = 1
 
     n      Emf       Eo      Vxc        X     SX-X       CH      Cor      Sig
     1  -39.356  -39.356  -24.468  -39.297    8.829   -4.975    3.855  -35.442
     2  -18.721  -18.721  -22.880  -37.824   17.562   -9.460    8.102  -29.722
     3   -1.524   -1.524  -20.043  -27.979   12.163   -8.369    3.794  -24.185
     4   -1.002   -1.002  -20.579  -28.429   12.419   -8.590    3.829  -24.600
     5    0.077    0.077  -22.356  -30.203   13.227   -9.244    3.984  -26.219
     6   11.914   11.914  -12.351   -6.489    2.454   -5.967   -3.513  -10.002
     7   15.559   15.559  -12.057   -5.743    2.309   -6.009   -3.700   -9.443
     8   19.167   19.167  -10.203   -3.341    1.152   -5.177   -4.026   -7.366
     9   19.171   19.171  -12.189   -5.268    1.878   -5.920   -4.042   -9.309
    10   28.615   28.615   -9.154   -2.407    0.880   -5.158   -4.278   -6.686
    11   28.654   28.654   -9.484   -2.201    0.381   -4.779   -4.398   -6.599
    12   28.702   28.702  -10.290   -3.084    1.091   -5.630   -4.539   -7.623

 Symmetrized values from band-averaging:

       k =  0.750000  0.000000  0.250000 ik =  50 spin = 1

     n      Emf       Eo      Vxc        X      Cor     Eqp0     Eqp1      Znk
     1  -39.356  -39.356  -24.468  -39.297    3.855  -50.330  -49.496    0.924
     2  -18.721  -18.721  -22.880  -37.824    8.102  -25.563  -24.564    0.854
     3   -1.524   -1.524  -20.043  -27.979    3.794   -5.666   -5.211    0.890
     4   -1.002   -1.002  -20.579  -28.429    3.829   -5.023   -4.579    0.890
     5    0.077    0.077  -22.356  -30.203    3.984   -3.786   -3.352    0.888
     6   11.914   11.914  -12.351   -6.489   -3.513   14.263   14.067    0.917
     7   15.559   15.559  -12.057   -5.743   -3.700   18.172   17.952    0.916
     8   19.167   19.167  -10.203   -3.341   -4.026   22.003   21.780    0.921
     9   19.171   19.171  -12.189   -5.268   -4.042   22.051   21.808    0.916
    10   28.615   28.615   -9.154   -2.407   -4.278   31.084   30.877    0.916
    11   28.654   28.654   -9.484   -2.201   -4.398   31.540   31.291    0.914
    12   28.702   28.702  -10.290   -3.084   -4.539   31.368   31.124    0.908
 
================================================================================
 22:18:29   Dealing with k =  0.750000  0.000000  0.500000               51 / 64
================================================================================

 Reading vxc.dat
 Number of q-points in the irreducible BZ(k) (nrq): 64
 
 Started calculating Sigma with 384 block(s) at 22:18:29.
 [ 22:18:29 |   0% ] block   1 / 384.
 [ 22:18:29 |   1% ] block   3 / 384, remaining: 3 s.
 [ 22:18:29 |  10% ] block  39 / 384, remaining: 3 s.
 [ 22:18:29 |  20% ] block  77 / 384, remaining: 3 s.
 [ 22:18:30 |  30% ] block 116 / 384, remaining: 2 s.
 [ 22:18:30 |  40% ] block 154 / 384, remaining: 2 s.
 [ 22:18:30 |  50% ] block 192 / 384, remaining: 2 s.
 [ 22:18:31 |  60% ] block 231 / 384, remaining: 1 s.
 [ 22:18:31 |  70% ] block 269 / 384, remaining: 1 s.
 [ 22:18:31 |  80% ] block 308 / 384, remaining: 1 s.
 [ 22:18:32 |  90% ] block 346 / 384, remaining: 0 s.
 [ 22:18:32 | 100% ] block 384 / 384, remaining: 0 s.
 Finished calculating Sigma at 22:18:32.
 Elapsed time: 3 s.
 
 Unsymmetrized values for ik =  51 spin = 1
 
     n      Emf       Eo      Vxc        X     SX-X       CH      Cor      Sig
     1  -39.347  -39.347  -24.481  -39.308    8.824   -4.975    3.849  -35.459
     2  -18.616  -18.616  -23.012  -37.961   17.634   -9.518    8.116  -29.846
     3   -2.034   -2.034  -19.295  -27.239   11.837   -8.094    3.743  -23.496
     4   -0.838   -0.838  -20.863  -28.710   12.538   -8.692    3.846  -24.864
     5   -0.303   -0.303  -21.776  -29.654   12.973   -9.027    3.945  -25.709
     6   12.779   12.779  -12.498   -6.535    2.595   -6.119   -3.524  -10.059
     7   15.599   15.599  -12.607   -6.220    2.547   -6.257   -3.710   -9.930
     8   18.465   18.465  -11.418   -4.736    1.743   -5.713   -3.971   -8.707
     9   19.276   19.276  -11.255   -4.216    1.533   -5.599   -4.066   -8.282
    10   23.716   23.716   -9.995   -3.098    1.027   -5.269   -4.242   -7.340
    11   32.537   32.537  -10.548   -2.952    0.731   -5.397   -4.666   -7.617
    12   33.251   33.251  -10.521   -2.924    0.993   -5.731   -4.739   -7.663

 Symmetrized values from band-averaging:

       k =  0.750000  0.000000  0.500000 ik =  51 spin = 1

     n      Emf       Eo      Vxc        X      Cor     Eqp0     Eqp1      Znk
     1  -39.347  -39.347  -24.481  -39.308    3.849  -50.325  -49.508    0.926
     2  -18.616  -18.616  -23.012  -37.961    8.116  -25.449  -24.447    0.853
     3   -2.034   -2.034  -19.295  -27.239    3.743   -6.235   -5.776    0.891
     4   -0.838   -0.838  -20.863  -28.710    3.846   -4.840   -4.397    0.889
     5   -0.303   -0.303  -21.776  -29.654    3.945   -4.236   -3.796    0.888
     6   12.779   12.779  -12.498   -6.535   -3.524   15.218   15.013    0.916
     7   15.599   15.599  -12.607   -6.220   -3.710   18.277   18.046    0.914
     8   18.465   18.465  -11.418   -4.736   -3.971   21.176   20.956    0.919
     9   19.276   19.276  -11.255   -4.216   -4.066   22.249   22.003    0.917
    10   23.716   23.716   -9.995   -3.098   -4.242   26.370   26.147    0.916
    11   32.537   32.537  -10.548   -2.952   -4.666   35.468   35.188    0.905
    12   33.251   33.251  -10.521   -2.924   -4.739   36.110   35.838    0.905
 
================================================================================
 22:18:32   Dealing with k =  0.750000  0.000000  0.750000               52 / 64
================================================================================

 Reading vxc.dat
 Number of q-points in the irreducible BZ(k) (nrq): 64
 
 Started calculating Sigma with 384 block(s) at 22:18:32.
 [ 22:18:32 |   0% ] block   1 / 384.
 [ 22:18:32 |   1% ] block   3 / 384, remaining: 3 s.
 [ 22:18:32 |  10% ] block  39 / 384, remaining: 3 s.
 [ 22:18:33 |  20% ] block  77 / 384, remaining: 3 s.
 [ 22:18:33 |  30% ] block 116 / 384, remaining: 2 s.
 [ 22:18:33 |  40% ] block 154 / 384, remaining: 2 s.
 [ 22:18:34 |  50% ] block 192 / 384, remaining: 2 s.
 [ 22:18:34 |  60% ] block 231 / 384, remaining: 1 s.
 [ 22:18:35 |  70% ] block 269 / 384, remaining: 1 s.
 [ 22:18:35 |  80% ] block 308 / 384, remaining: 1 s.
 [ 22:18:35 |  90% ] block 346 / 384, remaining: 0 s.
 [ 22:18:36 | 100% ] block 384 / 384, remaining: 0 s.
 Finished calculating Sigma at 22:18:36.
 Elapsed time: 3 s.
 
 Unsymmetrized values for ik =  52 spin = 1
 
     n      Emf       Eo      Vxc        X     SX-X       CH      Cor      Sig
     1  -39.377  -39.377  -24.438  -39.269    8.839   -4.975    3.864  -35.405
     2  -18.871  -18.871  -22.718  -37.656   17.447   -9.371    8.076  -29.580
     3   -1.099   -1.099  -20.413  -28.192   12.290   -8.531    3.760  -24.433
     4   -0.187   -0.187  -21.910  -29.762   13.028   -9.079    3.948  -25.814
     5   -0.187   -0.187  -21.910  -29.762   13.027   -9.079    3.948  -25.814
     6   11.258   11.258  -13.714   -8.036    3.343   -6.702   -3.359  -11.395
     7   18.561   18.561   -8.385   -2.455    0.911   -4.768   -3.857   -6.312
     8   19.452   19.452  -10.224   -3.488    0.890   -4.913   -4.023   -7.510
     9   20.271   20.271  -11.426   -4.261    1.126   -5.270   -4.143   -8.404
    10   20.271   20.271  -11.426   -4.261    1.124   -5.268   -4.143   -8.404
    11   32.610   32.610   -9.645   -2.287    0.380   -4.865   -4.486   -6.772
    12   32.610   32.610   -9.645   -2.287    0.373   -4.858   -4.485   -6.772

 Symmetrized values from band-averaging:

       k =  0.750000  0.000000  0.750000 ik =  52 spin = 1

     n      Emf       Eo      Vxc        X      Cor     Eqp0     Eqp1      Znk
     1  -39.377  -39.377  -24.438  -39.269    3.864  -50.343  -49.532    0.926
     2  -18.871  -18.871  -22.718  -37.656    8.076  -25.732  -24.738    0.855
     3   -1.099   -1.099  -20.413  -28.192    3.760   -5.119   -4.678    0.890
     4   -0.187   -0.187  -21.910  -29.762    3.948   -4.092   -3.655    0.888
     5   -0.187   -0.187  -21.910  -29.762    3.948   -4.092   -3.655    0.888
     6   11.258   11.258  -13.714   -8.036   -3.359   13.576   13.376    0.914
     7   18.561   18.561   -8.385   -2.455   -3.857   20.634   20.475    0.923
     8   19.452   19.452  -10.224   -3.488   -4.023   22.166   21.954    0.922
     9   20.271   20.271  -11.426   -4.261   -4.143   23.294   23.038    0.915
    10   20.271   20.271  -11.426   -4.261   -4.143   23.294   23.038    0.915
    11   32.610   32.610   -9.645   -2.287   -4.485   35.482   35.230    0.912
    12   32.610   32.610   -9.645   -2.287   -4.485   35.482   35.230    0.912
 
================================================================================
 22:18:36   Dealing with k =  0.750000  0.250000 -0.000000               53 / 64
================================================================================

 Reading vxc.dat
 Number of q-points in the irreducible BZ(k) (nrq): 64
 
 Started calculating Sigma with 384 block(s) at 22:18:36.
 [ 22:18:36 |   0% ] block   1 / 384.
 [ 22:18:36 |   1% ] block   3 / 384, remaining: 3 s.
 [ 22:18:36 |  10% ] block  39 / 384, remaining: 3 s.
 [ 22:18:36 |  20% ] block  77 / 384, remaining: 3 s.
 [ 22:18:37 |  30% ] block 116 / 384, remaining: 2 s.
 [ 22:18:37 |  40% ] block 154 / 384, remaining: 2 s.
 [ 22:18:37 |  50% ] block 192 / 384, remaining: 2 s.
 [ 22:18:38 |  60% ] block 231 / 384, remaining: 1 s.
 [ 22:18:38 |  70% ] block 269 / 384, remaining: 1 s.
 [ 22:18:38 |  80% ] block 308 / 384, remaining: 1 s.
 [ 22:18:39 |  90% ] block 346 / 384, remaining: 0 s.
 [ 22:18:39 | 100% ] block 384 / 384, remaining: 0 s.
 Finished calculating Sigma at 22:18:39.
 Elapsed time: 3 s.
 
 Unsymmetrized values for ik =  53 spin = 1
 
     n      Emf       Eo      Vxc        X     SX-X       CH      Cor      Sig
     1  -39.356  -39.356  -24.468  -39.297    8.829   -4.975    3.855  -35.442
     2  -18.721  -18.721  -22.880  -37.824   17.562   -9.460    8.102  -29.722
     3   -1.524   -1.524  -20.043  -27.979   12.163   -8.369    3.794  -24.185
     4   -1.002   -1.002  -20.579  -28.429   12.419   -8.590    3.829  -24.600
     5    0.077    0.077  -22.356  -30.203   13.227   -9.244    3.983  -26.219
     6   11.914   11.914  -12.351   -6.489    2.452   -5.965   -3.513  -10.002
     7   15.559   15.559  -12.057   -5.743    2.307   -6.007   -3.700   -9.443
     8   19.167   19.167  -10.203   -3.341    1.133   -5.158   -4.026   -7.367
     9   19.171   19.171  -12.189   -5.268    1.884   -5.925   -4.042   -9.309
    10   28.615   28.615   -9.154   -2.407    0.876   -5.154   -4.278   -6.686
    11   28.654   28.654   -9.484   -2.201    0.381   -4.778   -4.398   -6.599
    12   28.702   28.702  -10.290   -3.084    1.093   -5.633   -4.539   -7.624

 Symmetrized values from band-averaging:

       k =  0.750000  0.250000 -0.000000 ik =  53 spin = 1

     n      Emf       Eo      Vxc        X      Cor     Eqp0     Eqp1      Znk
     1  -39.356  -39.356  -24.468  -39.297    3.855  -50.330  -49.496    0.924
     2  -18.721  -18.721  -22.880  -37.824    8.102  -25.562  -24.564    0.854
     3   -1.524   -1.524  -20.043  -27.979    3.794   -5.665   -5.211    0.890
     4   -1.002   -1.002  -20.579  -28.429    3.829   -5.023   -4.579    0.890
     5    0.077    0.077  -22.356  -30.203    3.983   -3.786   -3.352    0.888
     6   11.914   11.914  -12.351   -6.489   -3.513   14.263   14.067    0.917
     7   15.559   15.559  -12.057   -5.743   -3.700   18.172   17.952    0.916
     8   19.167   19.167  -10.203   -3.341   -4.026   22.003   21.780    0.921
     9   19.171   19.171  -12.189   -5.268   -4.042   22.051   21.808    0.916
    10   28.615   28.615   -9.154   -2.407   -4.278   31.084   30.877    0.916
    11   28.654   28.654   -9.484   -2.201   -4.398   31.540   31.291    0.914
    12   28.702   28.702  -10.290   -3.084   -4.539   31.368   31.124    0.908
 
================================================================================
 22:18:39   Dealing with k =  0.750000  0.250000  0.250000               54 / 64
================================================================================

 Reading vxc.dat
 Number of q-points in the irreducible BZ(k) (nrq): 64
 
 Started calculating Sigma with 384 block(s) at 22:18:39.
 [ 22:18:39 |   0% ] block   1 / 384.
 [ 22:18:39 |   1% ] block   3 / 384, remaining: 3 s.
 [ 22:18:39 |  10% ] block  39 / 384, remaining: 3 s.
 [ 22:18:40 |  20% ] block  77 / 384, remaining: 3 s.
 [ 22:18:40 |  30% ] block 116 / 384, remaining: 2 s.
 [ 22:18:40 |  40% ] block 154 / 384, remaining: 2 s.
 [ 22:18:41 |  50% ] block 192 / 384, remaining: 2 s.
 [ 22:18:41 |  60% ] block 231 / 384, remaining: 1 s.
 [ 22:18:41 |  70% ] block 269 / 384, remaining: 1 s.
 [ 22:18:42 |  80% ] block 308 / 384, remaining: 1 s.
 [ 22:18:42 |  90% ] block 346 / 384, remaining: 0 s.
 [ 22:18:42 | 100% ] block 384 / 384, remaining: 0 s.
 Finished calculating Sigma at 22:18:43.
 Elapsed time: 3 s.
 
 Unsymmetrized values for ik =  54 spin = 1
 
     n      Emf       Eo      Vxc        X     SX-X       CH      Cor      Sig
     1  -39.347  -39.347  -24.481  -39.308    8.824   -4.975    3.849  -35.459
     2  -18.616  -18.616  -23.012  -37.962   17.634   -9.518    8.116  -29.845
     3   -2.034   -2.034  -19.295  -27.238   11.839   -8.096    3.743  -23.495
     4   -0.838   -0.838  -20.863  -28.709   12.543   -8.691    3.852  -24.857
     5   -0.303   -0.303  -21.776  -29.654   12.977   -9.030    3.947  -25.707
     6   12.779   12.779  -12.498   -6.535    2.574   -6.112   -3.538  -10.073
     7   15.599   15.599  -12.607   -6.220    2.558   -6.263   -3.705   -9.926
     8   18.465   18.465  -11.418   -4.737    1.724   -5.693   -3.969   -8.706
     9   19.276   19.276  -11.255   -4.216    1.498   -5.574   -4.076   -8.292
    10   23.716   23.716   -9.995   -3.098    1.027   -5.268   -4.241   -7.340
    11   32.537   32.537  -10.548   -2.951    0.725   -5.394   -4.669   -7.620
    12   33.251   33.251  -10.521   -2.925    1.011   -5.746   -4.735   -7.660

 Symmetrized values from band-averaging:

       k =  0.750000  0.250000  0.250000 ik =  54 spin = 1

     n      Emf       Eo      Vxc        X      Cor     Eqp0     Eqp1      Znk
     1  -39.347  -39.347  -24.481  -39.308    3.849  -50.325  -49.508    0.926
     2  -18.616  -18.616  -23.012  -37.962    8.116  -25.449  -24.445    0.853
     3   -2.034   -2.034  -19.295  -27.238    3.743   -6.234   -5.775    0.891
     4   -0.838   -0.838  -20.863  -28.709    3.852   -4.833   -4.391    0.889
     5   -0.303   -0.303  -21.776  -29.654    3.947   -4.234   -3.794    0.888
     6   12.779   12.779  -12.498   -6.535   -3.538   15.204   15.000    0.916
     7   15.599   15.599  -12.607   -6.220   -3.705   18.280   18.049    0.914
     8   18.465   18.465  -11.418   -4.737   -3.969   21.177   20.957    0.919
     9   19.276   19.276  -11.255   -4.216   -4.076   22.239   21.994    0.917
    10   23.716   23.716   -9.995   -3.098   -4.241   26.371   26.148    0.916
    11   32.537   32.537  -10.548   -2.951   -4.669   35.465   35.185    0.904
    12   33.251   33.251  -10.521   -2.925   -4.735   36.113   35.841    0.905
 
================================================================================
 22:18:43   Dealing with k =  0.750000  0.250000  0.500000               55 / 64
================================================================================

 Reading vxc.dat
 Number of q-points in the irreducible BZ(k) (nrq): 64
 
 Started calculating Sigma with 384 block(s) at 22:18:43.
 [ 22:18:43 |   0% ] block   1 / 384.
 [ 22:18:43 |   1% ] block   3 / 384, remaining: 3 s.
 [ 22:18:43 |  10% ] block  39 / 384, remaining: 3 s.
 [ 22:18:43 |  20% ] block  77 / 384, remaining: 3 s.
 [ 22:18:44 |  30% ] block 116 / 384, remaining: 2 s.
 [ 22:18:44 |  40% ] block 154 / 384, remaining: 2 s.
 [ 22:18:44 |  50% ] block 192 / 384, remaining: 2 s.
 [ 22:18:45 |  60% ] block 231 / 384, remaining: 1 s.
 [ 22:18:45 |  70% ] block 269 / 384, remaining: 1 s.
 [ 22:18:45 |  80% ] block 308 / 384, remaining: 1 s.
 [ 22:18:46 |  90% ] block 346 / 384, remaining: 0 s.
 [ 22:18:46 | 100% ] block 384 / 384, remaining: 0 s.
 Finished calculating Sigma at 22:18:46.
 Elapsed time: 3 s.
 
 Unsymmetrized values for ik =  55 spin = 1
 
     n      Emf       Eo      Vxc        X     SX-X       CH      Cor      Sig
     1  -39.338  -39.338  -24.494  -39.319    8.818   -4.975    3.843  -35.477
     2  -18.507  -18.507  -23.154  -38.112   17.708   -9.580    8.128  -29.984
     3   -1.749   -1.749  -19.548  -27.429   11.962   -8.210    3.752  -23.677
     4   -1.749   -1.749  -19.548  -27.429   11.963   -8.212    3.750  -23.678
     5   -0.467   -0.467  -21.629  -29.556   12.894   -8.949    3.944  -25.611
     6   14.822   14.822  -13.294   -6.983    2.948   -6.550   -3.603  -10.586
     7   14.822   14.822  -13.294   -6.983    2.952   -6.551   -3.599  -10.582
     8   17.159   17.159  -10.489   -3.780    1.209   -5.248   -4.038   -7.818
     9   18.983   18.983  -12.476   -5.667    1.920   -5.920   -4.000   -9.667
    10   27.072   27.072   -9.630   -2.567    0.868   -5.192   -4.325   -6.892
    11   27.072   27.072   -9.630   -2.567    0.872   -5.197   -4.325   -6.892
    12   33.601   33.601  -12.008   -4.129    1.630   -6.459   -4.829   -8.958

 Symmetrized values from band-averaging:

       k =  0.750000  0.250000  0.500000 ik =  55 spin = 1

     n      Emf       Eo      Vxc        X      Cor     Eqp0     Eqp1      Znk
     1  -39.338  -39.338  -24.494  -39.319    3.843  -50.321  -49.505    0.926
     2  -18.507  -18.507  -23.154  -38.112    8.128  -25.336  -24.335    0.853
     3   -1.749   -1.749  -19.548  -27.429    3.751   -5.879   -5.427    0.890
     4   -1.749   -1.749  -19.548  -27.429    3.751   -5.879   -5.427    0.890
     5   -0.467   -0.467  -21.629  -29.556    3.944   -4.449   -4.005    0.888
     6   14.822   14.822  -13.294   -6.983   -3.601   17.532   17.295    0.913
     7   14.822   14.822  -13.294   -6.983   -3.601   17.532   17.295    0.913
     8   17.159   17.159  -10.489   -3.780   -4.038   19.829   19.615    0.920
     9   18.983   18.983  -12.476   -5.667   -4.000   21.792   21.556    0.916
    10   27.072   27.072   -9.630   -2.567   -4.325   29.809   29.580    0.916
    11   27.072   27.072   -9.630   -2.567   -4.325   29.809   29.580    0.916
    12   33.601   33.601  -12.008   -4.129   -4.829   36.651   36.362    0.905
 
================================================================================
 22:18:46   Dealing with k =  0.750000  0.250000  0.750000               56 / 64
================================================================================

 Reading vxc.dat
 Number of q-points in the irreducible BZ(k) (nrq): 64
 
 Started calculating Sigma with 384 block(s) at 22:18:46.
 [ 22:18:46 |   0% ] block   1 / 384.
 [ 22:18:46 |   1% ] block   3 / 384, remaining: 3 s.
 [ 22:18:46 |  10% ] block  39 / 384, remaining: 3 s.
 [ 22:18:47 |  20% ] block  77 / 384, remaining: 3 s.
 [ 22:18:47 |  30% ] block 116 / 384, remaining: 2 s.
 [ 22:18:47 |  40% ] block 154 / 384, remaining: 2 s.
 [ 22:18:48 |  50% ] block 192 / 384, remaining: 2 s.
 [ 22:18:48 |  60% ] block 231 / 384, remaining: 1 s.
 [ 22:18:48 |  70% ] block 269 / 384, remaining: 1 s.
 [ 22:18:49 |  80% ] block 308 / 384, remaining: 1 s.
 [ 22:18:49 |  90% ] block 346 / 384, remaining: 0 s.
 [ 22:18:49 | 100% ] block 384 / 384, remaining: 0 s.
 Finished calculating Sigma at 22:18:49.
 Elapsed time: 3 s.
 
 Unsymmetrized values for ik =  56 spin = 1
 
     n      Emf       Eo      Vxc        X     SX-X       CH      Cor      Sig
     1  -39.347  -39.347  -24.481  -39.308    8.824   -4.975    3.849  -35.458
     2  -18.616  -18.616  -23.012  -37.961   17.634   -9.518    8.116  -29.845
     3   -2.034   -2.034  -19.295  -27.239   11.837   -8.095    3.741  -23.497
     4   -0.838   -0.838  -20.863  -28.711   12.535   -8.688    3.847  -24.864
     5   -0.303   -0.303  -21.776  -29.655   12.974   -9.029    3.944  -25.710
     6   12.779   12.779  -12.498   -6.533    2.600   -6.120   -3.520  -10.053
     7   15.599   15.599  -12.607   -6.221    2.541   -6.254   -3.713   -9.934
     8   18.465   18.465  -11.418   -4.737    1.738   -5.714   -3.975   -8.712
     9   19.276   19.276  -11.255   -4.215    1.538   -5.598   -4.060   -8.274
    10   23.716   23.716   -9.995   -3.099    1.018   -5.259   -4.242   -7.341
    11   32.537   32.537  -10.548   -2.951    0.721   -5.384   -4.664   -7.615
    12   33.251   33.251  -10.521   -2.925    0.986   -5.728   -4.742   -7.667

 Symmetrized values from band-averaging:

       k =  0.750000  0.250000  0.750000 ik =  56 spin = 1

     n      Emf       Eo      Vxc        X      Cor     Eqp0     Eqp1      Znk
     1  -39.347  -39.347  -24.481  -39.308    3.849  -50.325  -49.507    0.926
     2  -18.616  -18.616  -23.012  -37.961    8.116  -25.449  -24.445    0.853
     3   -2.034   -2.034  -19.295  -27.239    3.741   -6.236   -5.777    0.891
     4   -0.838   -0.838  -20.863  -28.711    3.847   -4.839   -4.396    0.889
     5   -0.303   -0.303  -21.776  -29.655    3.944   -4.237   -3.797    0.888
     6   12.779   12.779  -12.498   -6.533   -3.520   15.224   15.018    0.916
     7   15.599   15.599  -12.607   -6.221   -3.713   18.272   18.042    0.914
     8   18.465   18.465  -11.418   -4.737   -3.975   21.171   20.951    0.919
     9   19.276   19.276  -11.255   -4.215   -4.060   22.256   22.010    0.917
    10   23.716   23.716   -9.995   -3.099   -4.242   26.370   26.147    0.916
    11   32.537   32.537  -10.548   -2.951   -4.664   35.471   35.191    0.905
    12   33.251   33.251  -10.521   -2.925   -4.742   36.106   35.835    0.905
 
================================================================================
 22:18:49   Dealing with k =  0.750000  0.500000 -0.000000               57 / 64
================================================================================

 Reading vxc.dat
 Number of q-points in the irreducible BZ(k) (nrq): 64
 
 Started calculating Sigma with 384 block(s) at 22:18:49.
 [ 22:18:49 |   0% ] block   1 / 384.
 [ 22:18:50 |   1% ] block   3 / 384, remaining: 3 s.
 [ 22:18:50 |  10% ] block  39 / 384, remaining: 3 s.
 [ 22:18:50 |  20% ] block  77 / 384, remaining: 3 s.
 [ 22:18:51 |  30% ] block 116 / 384, remaining: 2 s.
 [ 22:18:51 |  40% ] block 154 / 384, remaining: 2 s.
 [ 22:18:51 |  50% ] block 192 / 384, remaining: 2 s.
 [ 22:18:52 |  60% ] block 231 / 384, remaining: 1 s.
 [ 22:18:52 |  70% ] block 269 / 384, remaining: 1 s.
 [ 22:18:52 |  80% ] block 308 / 384, remaining: 1 s.
 [ 22:18:53 |  90% ] block 346 / 384, remaining: 0 s.
 [ 22:18:53 | 100% ] block 384 / 384, remaining: 0 s.
 Finished calculating Sigma at 22:18:53.
 Elapsed time: 3 s.
 
 Unsymmetrized values for ik =  57 spin = 1
 
     n      Emf       Eo      Vxc        X     SX-X       CH      Cor      Sig
     1  -39.347  -39.347  -24.481  -39.308    8.824   -4.975    3.849  -35.458
     2  -18.616  -18.616  -23.012  -37.961   17.634   -9.518    8.116  -29.846
     3   -2.034   -2.034  -19.295  -27.239   11.837   -8.094    3.743  -23.496
     4   -0.838   -0.838  -20.863  -28.710   12.538   -8.692    3.846  -24.864
     5   -0.303   -0.303  -21.776  -29.654   12.972   -9.027    3.945  -25.709
     6   12.779   12.779  -12.498   -6.535    2.595   -6.119   -3.524  -10.059
     7   15.599   15.599  -12.607   -6.220    2.548   -6.258   -3.710   -9.930
     8   18.465   18.465  -11.418   -4.736    1.742   -5.713   -3.971   -8.707
     9   19.276   19.276  -11.255   -4.216    1.513   -5.579   -4.066   -8.282
    10   23.716   23.716   -9.995   -3.098    1.019   -5.261   -4.242   -7.340
    11   32.537   32.537  -10.548   -2.952    0.730   -5.395   -4.666   -7.617
    12   33.251   33.251  -10.521   -2.924    0.992   -5.731   -4.739   -7.663

 Symmetrized values from band-averaging:

       k =  0.750000  0.500000 -0.000000 ik =  57 spin = 1

     n      Emf       Eo      Vxc        X      Cor     Eqp0     Eqp1      Znk
     1  -39.347  -39.347  -24.481  -39.308    3.849  -50.325  -49.508    0.926
     2  -18.616  -18.616  -23.012  -37.961    8.116  -25.449  -24.448    0.853
     3   -2.034   -2.034  -19.295  -27.239    3.743   -6.235   -5.776    0.891
     4   -0.838   -0.838  -20.863  -28.710    3.846   -4.840   -4.397    0.889
     5   -0.303   -0.303  -21.776  -29.654    3.945   -4.236   -3.796    0.888
     6   12.779   12.779  -12.498   -6.535   -3.524   15.218   15.013    0.916
     7   15.599   15.599  -12.607   -6.220   -3.710   18.277   18.046    0.914
     8   18.465   18.465  -11.418   -4.736   -3.971   21.176   20.956    0.919
     9   19.276   19.276  -11.255   -4.216   -4.066   22.248   22.003    0.917
    10   23.716   23.716   -9.995   -3.098   -4.242   26.370   26.147    0.916
    11   32.537   32.537  -10.548   -2.952   -4.666   35.468   35.188    0.904
    12   33.251   33.251  -10.521   -2.924   -4.739   36.110   35.838    0.905
 
================================================================================
 22:18:53   Dealing with k =  0.750000  0.500000  0.250000               58 / 64
================================================================================

 Reading vxc.dat
 Number of q-points in the irreducible BZ(k) (nrq): 64
 
 Started calculating Sigma with 384 block(s) at 22:18:53.
 [ 22:18:53 |   0% ] block   1 / 384.
 [ 22:18:53 |   1% ] block   3 / 384, remaining: 3 s.
 [ 22:18:53 |  10% ] block  39 / 384, remaining: 3 s.
 [ 22:18:54 |  20% ] block  77 / 384, remaining: 3 s.
 [ 22:18:54 |  30% ] block 116 / 384, remaining: 2 s.
 [ 22:18:54 |  40% ] block 154 / 384, remaining: 2 s.
 [ 22:18:55 |  50% ] block 192 / 384, remaining: 2 s.
 [ 22:18:55 |  60% ] block 231 / 384, remaining: 1 s.
 [ 22:18:55 |  70% ] block 269 / 384, remaining: 1 s.
 [ 22:18:56 |  80% ] block 308 / 384, remaining: 1 s.
 [ 22:18:56 |  90% ] block 346 / 384, remaining: 0 s.
 [ 22:18:56 | 100% ] block 384 / 384, remaining: 0 s.
 Finished calculating Sigma at 22:18:56.
 Elapsed time: 3 s.
 
 Unsymmetrized values for ik =  58 spin = 1
 
     n      Emf       Eo      Vxc        X     SX-X       CH      Cor      Sig
     1  -39.338  -39.338  -24.494  -39.319    8.818   -4.975    3.843  -35.476
     2  -18.507  -18.507  -23.154  -38.112   17.708   -9.580    8.128  -29.984
     3   -1.749   -1.749  -19.548  -27.429   11.965   -8.212    3.753  -23.675
     4   -1.749   -1.749  -19.548  -27.429   11.960   -8.211    3.749  -23.680
     5   -0.467   -0.467  -21.629  -29.556   12.893   -8.949    3.944  -25.611
     6   14.822   14.822  -13.294   -6.983    2.941   -6.547   -3.606  -10.590
     7   14.822   14.822  -13.294   -6.983    2.961   -6.556   -3.595  -10.578
     8   17.159   17.159  -10.489   -3.780    1.205   -5.243   -4.038   -7.818
     9   18.983   18.983  -12.476   -5.668    1.920   -5.920   -4.000   -9.667
    10   27.072   27.072   -9.630   -2.567    0.875   -5.199   -4.324   -6.892
    11   27.072   27.072   -9.630   -2.567    0.864   -5.189   -4.325   -6.892
    12   33.601   33.601  -12.008   -4.129    1.628   -6.457   -4.829   -8.958

 Symmetrized values from band-averaging:

       k =  0.750000  0.500000  0.250000 ik =  58 spin = 1

     n      Emf       Eo      Vxc        X      Cor     Eqp0     Eqp1      Znk
     1  -39.338  -39.338  -24.494  -39.319    3.843  -50.320  -49.502    0.925
     2  -18.507  -18.507  -23.154  -38.112    8.128  -25.336  -24.336    0.854
     3   -1.749   -1.749  -19.548  -27.429    3.751   -5.879   -5.427    0.890
     4   -1.749   -1.749  -19.548  -27.429    3.751   -5.879   -5.427    0.890
     5   -0.467   -0.467  -21.629  -29.556    3.944   -4.449   -4.005    0.888
     6   14.822   14.822  -13.294   -6.983   -3.601   17.532   17.295    0.913
     7   14.822   14.822  -13.294   -6.983   -3.601   17.532   17.295    0.913
     8   17.159   17.159  -10.489   -3.780   -4.038   19.829   19.615    0.920
     9   18.983   18.983  -12.476   -5.668   -4.000   21.792   21.556    0.916
    10   27.072   27.072   -9.630   -2.567   -4.325   29.809   29.580    0.916
    11   27.072   27.072   -9.630   -2.567   -4.325   29.809   29.580    0.916
    12   33.601   33.601  -12.008   -4.129   -4.829   36.651   36.362    0.905
 
================================================================================
 22:18:56   Dealing with k =  0.750000  0.500000  0.500000               59 / 64
================================================================================

 Reading vxc.dat
 Number of q-points in the irreducible BZ(k) (nrq): 64
 
 Started calculating Sigma with 384 block(s) at 22:18:56.
 [ 22:18:56 |   0% ] block   1 / 384.
 [ 22:18:56 |   1% ] block   3 / 384, remaining: 3 s.
 [ 22:18:57 |  10% ] block  39 / 384, remaining: 3 s.
 [ 22:18:57 |  20% ] block  77 / 384, remaining: 3 s.
 [ 22:18:57 |  30% ] block 116 / 384, remaining: 2 s.
 [ 22:18:58 |  40% ] block 154 / 384, remaining: 2 s.
 [ 22:18:58 |  50% ] block 192 / 384, remaining: 2 s.
 [ 22:18:59 |  60% ] block 231 / 384, remaining: 1 s.
 [ 22:18:59 |  70% ] block 269 / 384, remaining: 1 s.
 [ 22:18:59 |  80% ] block 308 / 384, remaining: 1 s.
 [ 22:19:00 |  90% ] block 346 / 384, remaining: 0 s.
 [ 22:19:00 | 100% ] block 384 / 384, remaining: 0 s.
 Finished calculating Sigma at 22:19:00.
 Elapsed time: 3 s.
 
 Unsymmetrized values for ik =  59 spin = 1
 
     n      Emf       Eo      Vxc        X     SX-X       CH      Cor      Sig
     1  -39.347  -39.347  -24.481  -39.308    8.824   -4.975    3.849  -35.459
     2  -18.616  -18.616  -23.012  -37.961   17.635   -9.518    8.117  -29.844
     3   -2.034   -2.034  -19.295  -27.239   11.835   -8.091    3.744  -23.495
     4   -0.838   -0.838  -20.863  -28.711   12.539   -8.692    3.846  -24.865
     5   -0.303   -0.303  -21.776  -29.655   12.976   -9.030    3.947  -25.708
     6   12.779   12.779  -12.498   -6.532    2.593   -6.124   -3.530  -10.063
     7   15.599   15.599  -12.607   -6.221    2.553   -6.259   -3.705   -9.926
     8   18.465   18.465  -11.418   -4.736    1.761   -5.726   -3.965   -8.701
     9   19.276   19.276  -11.255   -4.215    1.515   -5.588   -4.073   -8.288
    10   23.716   23.716   -9.995   -3.099    1.024   -5.267   -4.243   -7.342
    11   32.537   32.537  -10.548   -2.951    0.721   -5.390   -4.669   -7.620
    12   33.251   33.251  -10.521   -2.925    1.008   -5.743   -4.735   -7.659

 Symmetrized values from band-averaging:

       k =  0.750000  0.500000  0.500000 ik =  59 spin = 1

     n      Emf       Eo      Vxc        X      Cor     Eqp0     Eqp1      Znk
     1  -39.347  -39.347  -24.481  -39.308    3.849  -50.325  -49.508    0.926
     2  -18.616  -18.616  -23.012  -37.961    8.117  -25.448  -24.447    0.854
     3   -2.034   -2.034  -19.295  -27.239    3.744   -6.235   -5.776    0.891
     4   -0.838   -0.838  -20.863  -28.711    3.846   -4.841   -4.398    0.889
     5   -0.303   -0.303  -21.776  -29.655    3.947   -4.235   -3.795    0.888
     6   12.779   12.779  -12.498   -6.532   -3.530   15.214   15.009    0.916
     7   15.599   15.599  -12.607   -6.221   -3.705   18.281   18.050    0.914
     8   18.465   18.465  -11.418   -4.736   -3.965   21.182   20.961    0.919
     9   19.276   19.276  -11.255   -4.215   -4.073   22.243   21.998    0.917
    10   23.716   23.716   -9.995   -3.099   -4.243   26.368   26.146    0.916
    11   32.537   32.537  -10.548   -2.951   -4.669   35.465   35.185    0.904
    12   33.251   33.251  -10.521   -2.925   -4.735   36.113   35.841    0.905
 
================================================================================
 22:19:00   Dealing with k =  0.750000  0.500000  0.750000               60 / 64
================================================================================

 Reading vxc.dat
 Number of q-points in the irreducible BZ(k) (nrq): 64
 
 Started calculating Sigma with 384 block(s) at 22:19:00.
 [ 22:19:00 |   0% ] block   1 / 384.
 [ 22:19:00 |   1% ] block   3 / 384, remaining: 3 s.
 [ 22:19:00 |  10% ] block  39 / 384, remaining: 3 s.
 [ 22:19:01 |  20% ] block  77 / 384, remaining: 3 s.
 [ 22:19:01 |  30% ] block 116 / 384, remaining: 2 s.
 [ 22:19:01 |  40% ] block 154 / 384, remaining: 2 s.
 [ 22:19:02 |  50% ] block 192 / 384, remaining: 2 s.
 [ 22:19:02 |  60% ] block 231 / 384, remaining: 1 s.
 [ 22:19:02 |  70% ] block 269 / 384, remaining: 1 s.
 [ 22:19:03 |  80% ] block 308 / 384, remaining: 1 s.
 [ 22:19:03 |  90% ] block 346 / 384, remaining: 0 s.
 [ 22:19:03 | 100% ] block 384 / 384, remaining: 0 s.
 Finished calculating Sigma at 22:19:03.
 Elapsed time: 3 s.
 
 Unsymmetrized values for ik =  60 spin = 1
 
     n      Emf       Eo      Vxc        X     SX-X       CH      Cor      Sig
     1  -39.356  -39.356  -24.468  -39.297    8.829   -4.975    3.855  -35.442
     2  -18.721  -18.721  -22.880  -37.823   17.563   -9.460    8.103  -29.720
     3   -1.524   -1.524  -20.043  -27.980   12.159   -8.365    3.794  -24.186
     4   -1.002   -1.002  -20.579  -28.430   12.415   -8.590    3.825  -24.606
     5    0.077    0.077  -22.356  -30.203   13.228   -9.246    3.983  -26.220
     6   11.914   11.914  -12.351   -6.488    2.455   -5.967   -3.513  -10.001
     7   15.559   15.559  -12.057   -5.741    2.322   -6.014   -3.691   -9.433
     8   19.167   19.167  -10.203   -3.340    1.145   -5.166   -4.021   -7.362
     9   19.171   19.171  -12.189   -5.267    1.879   -5.923   -4.044   -9.312
    10   28.615   28.615   -9.154   -2.406    0.889   -5.166   -4.277   -6.683
    11   28.654   28.654   -9.484   -2.201    0.381   -4.779   -4.398   -6.599
    12   28.702   28.702  -10.290   -3.086    1.083   -5.624   -4.541   -7.627

 Symmetrized values from band-averaging:

       k =  0.750000  0.500000  0.750000 ik =  60 spin = 1

     n      Emf       Eo      Vxc        X      Cor     Eqp0     Eqp1      Znk
     1  -39.356  -39.356  -24.468  -39.297    3.855  -50.330  -49.496    0.924
     2  -18.721  -18.721  -22.880  -37.823    8.103  -25.561  -24.563    0.854
     3   -1.524   -1.524  -20.043  -27.980    3.794   -5.667   -5.212    0.890
     4   -1.002   -1.002  -20.579  -28.430    3.825   -5.029   -4.585    0.890
     5    0.077    0.077  -22.356  -30.203    3.983   -3.787   -3.353    0.888
     6   11.914   11.914  -12.351   -6.488   -3.513   14.264   14.068    0.917
     7   15.559   15.559  -12.057   -5.741   -3.691   18.183   17.961    0.916
     8   19.167   19.167  -10.203   -3.340   -4.021   22.008   21.784    0.921
     9   19.171   19.171  -12.189   -5.267   -4.044   22.048   21.806    0.916
    10   28.615   28.615   -9.154   -2.406   -4.277   31.086   30.879    0.916
    11   28.654   28.654   -9.484   -2.201   -4.398   31.540   31.291    0.914
    12   28.702   28.702  -10.290   -3.086   -4.541   31.364   31.121    0.908
 
================================================================================
 22:19:03   Dealing with k =  0.750000  0.750000  0.000000               61 / 64
================================================================================

 Reading vxc.dat
 Number of q-points in the irreducible BZ(k) (nrq): 64
 
 Started calculating Sigma with 384 block(s) at 22:19:03.
 [ 22:19:03 |   0% ] block   1 / 384.
 [ 22:19:03 |   1% ] block   3 / 384, remaining: 3 s.
 [ 22:19:04 |  10% ] block  39 / 384, remaining: 3 s.
 [ 22:19:04 |  20% ] block  77 / 384, remaining: 3 s.
 [ 22:19:04 |  30% ] block 116 / 384, remaining: 2 s.
 [ 22:19:05 |  40% ] block 154 / 384, remaining: 2 s.
 [ 22:19:05 |  50% ] block 192 / 384, remaining: 2 s.
 [ 22:19:05 |  60% ] block 231 / 384, remaining: 1 s.
 [ 22:19:06 |  70% ] block 269 / 384, remaining: 1 s.
 [ 22:19:06 |  80% ] block 308 / 384, remaining: 1 s.
 [ 22:19:07 |  90% ] block 346 / 384, remaining: 0 s.
 [ 22:19:07 | 100% ] block 384 / 384, remaining: 0 s.
 Finished calculating Sigma at 22:19:07.
 Elapsed time: 3 s.
 
 Unsymmetrized values for ik =  61 spin = 1
 
     n      Emf       Eo      Vxc        X     SX-X       CH      Cor      Sig
     1  -39.377  -39.377  -24.438  -39.269    8.839   -4.975    3.864  -35.405
     2  -18.871  -18.871  -22.718  -37.656   17.447   -9.371    8.076  -29.580
     3   -1.099   -1.099  -20.413  -28.192   12.290   -8.531    3.760  -24.433
     4   -0.187   -0.187  -21.910  -29.762   13.026   -9.078    3.948  -25.815
     5   -0.187   -0.187  -21.910  -29.762   13.029   -9.080    3.949  -25.814
     6   11.258   11.258  -13.714   -8.036    3.344   -6.703   -3.359  -11.395
     7   18.561   18.561   -8.385   -2.455    0.911   -4.768   -3.857   -6.312
     8   19.452   19.452  -10.224   -3.488    0.894   -4.917   -4.023   -7.510
     9   20.271   20.271  -11.426   -4.261    1.124   -5.267   -4.143   -8.404
    10   20.271   20.271  -11.426   -4.261    1.139   -5.282   -4.143   -8.404
    11   32.610   32.610   -9.645   -2.287    0.386   -4.872   -4.486   -6.772
    12   32.610   32.610   -9.645   -2.287    0.368   -4.854   -4.486   -6.772

 Symmetrized values from band-averaging:

       k =  0.750000  0.750000  0.000000 ik =  61 spin = 1

     n      Emf       Eo      Vxc        X      Cor     Eqp0     Eqp1      Znk
     1  -39.377  -39.377  -24.438  -39.269    3.864  -50.343  -49.532    0.926
     2  -18.871  -18.871  -22.718  -37.656    8.076  -25.732  -24.738    0.855
     3   -1.099   -1.099  -20.413  -28.192    3.760   -5.119   -4.678    0.890
     4   -0.187   -0.187  -21.910  -29.762    3.948   -4.092   -3.655    0.888
     5   -0.187   -0.187  -21.910  -29.762    3.948   -4.092   -3.655    0.888
     6   11.258   11.258  -13.714   -8.036   -3.359   13.576   13.376    0.914
     7   18.561   18.561   -8.385   -2.455   -3.857   20.634   20.474    0.923
     8   19.452   19.452  -10.224   -3.488   -4.023   22.166   21.954    0.922
     9   20.271   20.271  -11.426   -4.261   -4.143   23.294   23.038    0.915
    10   20.271   20.271  -11.426   -4.261   -4.143   23.294   23.038    0.915
    11   32.610   32.610   -9.645   -2.287   -4.486   35.482   35.230    0.912
    12   32.610   32.610   -9.645   -2.287   -4.486   35.482   35.230    0.912
 
================================================================================
 22:19:07   Dealing with k =  0.750000  0.750000  0.250000               62 / 64
================================================================================

 Reading vxc.dat
 Number of q-points in the irreducible BZ(k) (nrq): 64
 
 Started calculating Sigma with 384 block(s) at 22:19:07.
 [ 22:19:07 |   0% ] block   1 / 384.
 [ 22:19:07 |   1% ] block   3 / 384, remaining: 3 s.
 [ 22:19:07 |  10% ] block  39 / 384, remaining: 3 s.
 [ 22:19:08 |  20% ] block  77 / 384, remaining: 3 s.
 [ 22:19:08 |  30% ] block 116 / 384, remaining: 2 s.
 [ 22:19:08 |  40% ] block 154 / 384, remaining: 2 s.
 [ 22:19:09 |  50% ] block 192 / 384, remaining: 2 s.
 [ 22:19:09 |  60% ] block 231 / 384, remaining: 1 s.
 [ 22:19:09 |  70% ] block 269 / 384, remaining: 1 s.
 [ 22:19:10 |  80% ] block 308 / 384, remaining: 1 s.
 [ 22:19:10 |  90% ] block 346 / 384, remaining: 0 s.
 [ 22:19:10 | 100% ] block 384 / 384, remaining: 0 s.
 Finished calculating Sigma at 22:19:10.
 Elapsed time: 3 s.
 
 Unsymmetrized values for ik =  62 spin = 1
 
     n      Emf       Eo      Vxc        X     SX-X       CH      Cor      Sig
     1  -39.347  -39.347  -24.481  -39.308    8.824   -4.975    3.849  -35.458
     2  -18.616  -18.616  -23.012  -37.961   17.634   -9.518    8.116  -29.845
     3   -2.034   -2.034  -19.295  -27.239   11.837   -8.095    3.741  -23.497
     4   -0.838   -0.838  -20.863  -28.710   12.535   -8.688    3.847  -24.864
     5   -0.303   -0.303  -21.776  -29.655   12.974   -9.029    3.945  -25.710
     6   12.779   12.779  -12.498   -6.533    2.600   -6.120   -3.520  -10.053
     7   15.599   15.599  -12.607   -6.221    2.541   -6.254   -3.713   -9.934
     8   18.465   18.465  -11.418   -4.737    1.740   -5.715   -3.975   -8.712
     9   19.276   19.276  -11.255   -4.215    1.560   -5.619   -4.060   -8.274
    10   23.716   23.716   -9.995   -3.099    1.024   -5.266   -4.242   -7.340
    11   32.537   32.537  -10.548   -2.951    0.719   -5.383   -4.664   -7.615
    12   33.251   33.251  -10.521   -2.925    0.983   -5.725   -4.742   -7.667

 Symmetrized values from band-averaging:

       k =  0.750000  0.750000  0.250000 ik =  62 spin = 1

     n      Emf       Eo      Vxc        X      Cor     Eqp0     Eqp1      Znk
     1  -39.347  -39.347  -24.481  -39.308    3.849  -50.325  -49.507    0.926
     2  -18.616  -18.616  -23.012  -37.961    8.116  -25.449  -24.446    0.853
     3   -2.034   -2.034  -19.295  -27.239    3.741   -6.236   -5.777    0.891
     4   -0.838   -0.838  -20.863  -28.710    3.847   -4.839   -4.396    0.889
     5   -0.303   -0.303  -21.776  -29.655    3.945   -4.237   -3.797    0.888
     6   12.779   12.779  -12.498   -6.533   -3.520   15.224   15.018    0.916
     7   15.599   15.599  -12.607   -6.221   -3.713   18.272   18.042    0.914
     8   18.465   18.465  -11.418   -4.737   -3.975   21.171   20.951    0.919
     9   19.276   19.276  -11.255   -4.215   -4.060   22.256   22.010    0.917
    10   23.716   23.716   -9.995   -3.099   -4.242   26.370   26.147    0.916
    11   32.537   32.537  -10.548   -2.951   -4.664   35.470   35.191    0.905
    12   33.251   33.251  -10.521   -2.925   -4.742   36.106   35.835    0.905
 
================================================================================
 22:19:10   Dealing with k =  0.750000  0.750000  0.500000               63 / 64
================================================================================

 Reading vxc.dat
 Number of q-points in the irreducible BZ(k) (nrq): 64
 
 Started calculating Sigma with 384 block(s) at 22:19:10.
 [ 22:19:10 |   0% ] block   1 / 384.
 [ 22:19:10 |   1% ] block   3 / 384, remaining: 3 s.
 [ 22:19:11 |  10% ] block  39 / 384, remaining: 3 s.
 [ 22:19:11 |  20% ] block  77 / 384, remaining: 3 s.
 [ 22:19:11 |  30% ] block 116 / 384, remaining: 2 s.
 [ 22:19:12 |  40% ] block 154 / 384, remaining: 2 s.
 [ 22:19:12 |  50% ] block 192 / 384, remaining: 2 s.
 [ 22:19:12 |  60% ] block 231 / 384, remaining: 1 s.
 [ 22:19:13 |  70% ] block 269 / 384, remaining: 1 s.
 [ 22:19:13 |  80% ] block 308 / 384, remaining: 1 s.
 [ 22:19:13 |  90% ] block 346 / 384, remaining: 0 s.
 [ 22:19:14 | 100% ] block 384 / 384, remaining: 0 s.
 Finished calculating Sigma at 22:19:14.
 Elapsed time: 3 s.
 
 Unsymmetrized values for ik =  63 spin = 1
 
     n      Emf       Eo      Vxc        X     SX-X       CH      Cor      Sig
     1  -39.356  -39.356  -24.468  -39.297    8.829   -4.975    3.855  -35.442
     2  -18.721  -18.721  -22.880  -37.823   17.563   -9.460    8.103  -29.720
     3   -1.524   -1.524  -20.043  -27.980   12.158   -8.365    3.794  -24.186
     4   -1.002   -1.002  -20.579  -28.430   12.415   -8.590    3.825  -24.606
     5    0.077    0.077  -22.356  -30.203   13.228   -9.245    3.983  -26.220
     6   11.914   11.914  -12.351   -6.488    2.453   -5.966   -3.513  -10.001
     7   15.559   15.559  -12.057   -5.741    2.320   -6.012   -3.691   -9.432
     8   19.167   19.167  -10.203   -3.341    1.164   -5.185   -4.021   -7.362
     9   19.171   19.171  -12.189   -5.268    1.876   -5.920   -4.044   -9.312
    10   28.615   28.615   -9.154   -2.407    0.886   -5.163   -4.277   -6.683
    11   28.654   28.654   -9.484   -2.201    0.386   -4.784   -4.398   -6.599
    12   28.702   28.702  -10.290   -3.085    1.083   -5.624   -4.541   -7.627

 Symmetrized values from band-averaging:

       k =  0.750000  0.750000  0.500000 ik =  63 spin = 1

     n      Emf       Eo      Vxc        X      Cor     Eqp0     Eqp1      Znk
     1  -39.356  -39.356  -24.468  -39.297    3.855  -50.330  -49.496    0.924
     2  -18.721  -18.721  -22.880  -37.823    8.103  -25.561  -24.564    0.854
     3   -1.524   -1.524  -20.043  -27.980    3.794   -5.667   -5.212    0.890
     4   -1.002   -1.002  -20.579  -28.430    3.825   -5.029   -4.585    0.890
     5    0.077    0.077  -22.356  -30.203    3.983   -3.787   -3.353    0.888
     6   11.914   11.914  -12.351   -6.488   -3.513   14.265   14.068    0.917
     7   15.559   15.559  -12.057   -5.741   -3.691   18.183   17.961    0.916
     8   19.167   19.167  -10.203   -3.341   -4.021   22.008   21.784    0.921
     9   19.171   19.171  -12.189   -5.268   -4.044   22.048   21.806    0.916
    10   28.615   28.615   -9.154   -2.407   -4.277   31.086   30.879    0.916
    11   28.654   28.654   -9.484   -2.201   -4.398   31.540   31.291    0.914
    12   28.702   28.702  -10.290   -3.085   -4.541   31.365   31.121    0.908
 
================================================================================
 22:19:14   Dealing with k =  0.750000  0.750000  0.750000               64 / 64
================================================================================

 Reading vxc.dat
 Number of q-points in the irreducible BZ(k) (nrq): 64
 
 Started calculating Sigma with 384 block(s) at 22:19:14.
 [ 22:19:14 |   0% ] block   1 / 384.
 [ 22:19:14 |   1% ] block   3 / 384, remaining: 3 s.
 [ 22:19:14 |  10% ] block  39 / 384, remaining: 3 s.
 [ 22:19:15 |  20% ] block  77 / 384, remaining: 3 s.
 [ 22:19:15 |  30% ] block 116 / 384, remaining: 2 s.
 [ 22:19:15 |  40% ] block 154 / 384, remaining: 2 s.
 [ 22:19:16 |  50% ] block 192 / 384, remaining: 2 s.
 [ 22:19:16 |  60% ] block 231 / 384, remaining: 1 s.
 [ 22:19:16 |  70% ] block 269 / 384, remaining: 1 s.
 [ 22:19:17 |  80% ] block 308 / 384, remaining: 1 s.
 [ 22:19:17 |  90% ] block 346 / 384, remaining: 0 s.
 [ 22:19:17 | 100% ] block 384 / 384, remaining: 0 s.
 Finished calculating Sigma at 22:19:17.
 Elapsed time: 3 s.
 
 Unsymmetrized values for ik =  64 spin = 1
 
     n      Emf       Eo      Vxc        X     SX-X       CH      Cor      Sig
     1  -39.387  -39.387  -24.426  -39.260    8.846   -4.975    3.871  -35.388
     2  -18.968  -18.968  -22.608  -37.543   17.392   -9.322    8.069  -29.474
     3   -1.038   -1.038  -20.653  -28.529   12.410   -8.591    3.819  -24.710
     4    0.196    0.196  -22.518  -30.342   13.300   -9.309    3.991  -26.351
     5    0.196    0.196  -22.518  -30.341   13.300   -9.309    3.991  -26.351
     6   10.206   10.206  -12.250   -6.683    2.834   -6.267   -3.433  -10.116
     7   17.692   17.692  -11.314   -4.807    1.919   -5.804   -3.885   -8.692
     8   20.240   20.240  -10.000   -3.105    0.527   -4.602   -4.075   -7.179
     9   20.240   20.240  -10.000   -3.104    0.546   -4.621   -4.075   -7.179
    10   26.636   26.636   -9.472   -2.344    0.589   -4.959   -4.371   -6.715
    11   27.212   27.212   -9.536   -2.677    1.048   -5.315   -4.267   -6.943
    12   27.212   27.212   -9.536   -2.678    1.041   -5.307   -4.267   -6.945

 Symmetrized values from band-averaging:

       k =  0.750000  0.750000  0.750000 ik =  64 spin = 1

     n      Emf       Eo      Vxc        X      Cor     Eqp0     Eqp1      Znk
     1  -39.387  -39.387  -24.426  -39.260    3.871  -50.349  -49.503    0.923
     2  -18.968  -18.968  -22.608  -37.543    8.069  -25.833  -24.847    0.856
     3   -1.038   -1.038  -20.653  -28.529    3.819   -5.095   -4.648    0.890
     4    0.196    0.196  -22.518  -30.342    3.991   -3.636   -3.205    0.888
     5    0.196    0.196  -22.518  -30.342    3.991   -3.636   -3.205    0.888
     6   10.206   10.206  -12.250   -6.683   -3.433   12.340   12.164    0.918
     7   17.692   17.692  -11.314   -4.807   -3.885   20.315   20.096    0.916
     8   20.240   20.240  -10.000   -3.105   -4.075   23.061   22.838    0.921
     9   20.240   20.240  -10.000   -3.105   -4.075   23.061   22.838    0.921
    10   26.636   26.636   -9.472   -2.344   -4.371   29.393   29.159    0.915
    11   27.212   27.212   -9.536   -2.677   -4.267   29.804   29.589    0.917
    12   27.212   27.212   -9.536   -2.677   -4.267   29.804   29.589    0.917

================================================================================

    n = band index.
  Emf = "inner" mean-field energy eigenvalue used to construct Sigma(E),
        read from WFN_inner.
   Eo = "outer" mean-field energy eigenvalue where we center the evaluation
        frequency grid {E} of Sigma(E). Defaults to Emf, unless
        you use WFN_outer and eqp_outer.dat / scissors_outer.
  Vxc = exchange-correlation pot., calculated from VXC or read from vxc.dat.
  KIH = Kinetic energy + Ionic potential + Hartree, read from kih.dat.
    X = bare exchange.
   SX = screened exchange contrib. to Sigma(E) at energy E=Eo
   CH = Coulomb hole contrib. to Sigma(E) at energy E=Eo
  Cor = SX-X + CH = correlation portion of Sigma(E) at energy E=Eo.
  Sig = X + Cor = self energy, Sigma(E), at energy E=Eo.
 Eqp0 = on-shell QP energy = Emf - Vxc + Sig(Eo)
        Eqp0 is *not* the recommended quantity to use for QP properties.
 Eqp1 = off-shell solution to the linearized  Dyson`s equation
      = Eqp0 + (dSig/dE) / (1 - dSig/dE) * (Eqp0 - Eo),
        or a full linear interpolation if more freq. points where computed.
        Eqp1 is the recommended quantity to use for QP properties.
  Znk = quasiparticle renormalization factor

 Notes on the static remainder:
 - Unprimed values, such as Eqp0, are evaluated WITH the static remainder
 - Primed values, such as Eqp0`, are evaluated WITHOUT the static remainder

 Notes on the finite_difference_form from sigma.inp file:
   none    : -2 => dSig/dE = 0 (skip the expansion)
   backward: -1 => dSig/dE = (Sig(Eo) - Sig(Eo-dE)) / dE
   central :  0 => dSig/dE = (Sig(Eo+dE) - Sig(Eo-dE)) / (2*dE)
   forward :  1 => dSig/dE = (Sig(Eo+dE) - Sig(Eo)) / dE
   default :  2 => forward for diagonal and none for off-diagonal
   dE is finite_difference_spacing from Sigma.inp file.
   We are using the form #2 with dE = 1.000 eV.

WARNING: |Eqp0 - Eo| > finite_difference_spacing. Linear extrapolation for eqp1
may be inaccurate. You should test the validity of eqp1 by rerunning the
calculation with the self energy evaluated at the eqp0 energies. For that,
use the eqp_outer.dat file, created with eqp.py script and point WFN_outer to
WFN_inner, if you were not already using WFN_outer.


 General notes:
 - All energies are reported here in eV.
 - Both Emf and Vxc contain the average pot. Vxc0, so Vxc0 doesn`t affect Sigma.
 - Eqp1 and Eqp0 are Eqs. (36-37) from Hybertsen & Louie PRB 34 5390.
 - We recommend you use Eqp1 for QP properties of materials.

================================================================================


********************************************************************************
*                                                                              *
* Your calculation employed methods and algorithms published in peer-reviewed  *
* papers. Please, cite the following references to give proper credit to their *
*          authors and help support future development of BerkeleyGW.          *
*                                                                              *
********************************************************************************

 J. Deslippe, G. Samsonidze, D. A. Strubbe, M. Jain, M. L. Cohen, and S. G.
 Louie, BerkeleyGW: A Massively Parallel Computer Package for the Calculation
 of the Quasiparticle and Optical Properties of Materials and Nanostructures,
 Computer Physics Communications 183, 1269 (2012).

 M. S. Hybertsen and S. G. Louie, Electron Correlation in Semiconductors and
 Insulators: Band Gaps and Quasiparticle Energies, Phys. Rev. B 34, 5390
 (1986).

 M. Del Ben, F. H. da Jornada, A. Canning, N. Wichmann, K. Raman, R. Sasanka,
 C. Yang, S. G. Louie, and J. Deslippe, Large-Scale GW Calculations on Pre-
 Exascale HPC Systems, Computer Physics Communications 235, 187 (2019).

********************************************************************************

 
 Timing information
 
                                CPU time (s)          WALL time (s)       Number
 Routine                       min        max        min        max     of calls
 -------------------------  ---------  ---------  ---------  ---------  --------
 - Epscopy Comm                  0.00       0.00       0.00       0.00        64
 - Input I/O                     0.08       0.14       0.05       0.12      7812
 - Input Comm                    0.20       0.57       0.27       0.54      7812
 - FFT Zero                      0.39       2.60       0.40       2.70    123648
 - FFT Put                       0.34       2.20       0.37       2.19    123648
 - FFT Plan                      0.35       3.66       0.33       3.70    222336
 - FFT Exec                      2.50      21.53       2.52      22.12    222336
 - FFT Mltply                    0.01       3.48       0.01       3.61     98688
 - FFT Conjg                     0.41       0.72       0.41       0.73     24960
 - FFT Get                       0.00       1.81       0.00       1.77     98688
 - I/O TOTAL                     1.58       1.86       3.18       3.21      1354
 - INPUT                         0.84       0.87       0.87       0.87         1
 - EPSCOPY                       0.66       0.94       2.27       2.27         1
 - FULLBZ                        0.00       0.00       0.00       0.00         2
 - VXC                           0.71       0.78       0.74       0.82       128
 - MTXEL_CH                      0.18       0.26       0.17       0.25       384
 - SUBGRP                        0.00       0.00       0.00       0.00        64
 - IRRBZ                         0.00       0.00       0.00       0.01        64
 - GMAP                          0.14       0.17       0.13       0.19      4096
 - GENWF                         2.32       2.57       2.29       2.57      4096
 - MTXEL                         5.04      46.18       5.16      46.23     24576
 - MTXEL_COR TOT               150.27     198.95     150.75     199.62     24576
 - VCOUL                         8.52      21.04       8.61      21.18      4096
 - EPSREAD                       0.27       0.42       0.24       0.43      4096
 - INPUT_OUTER                   0.14       0.14       0.14       0.14         1
 - MTXEL COMM                    0.01       0.04       0.01       0.04      4096
 - BARE X                        0.20       0.55       0.18       0.56     24640
 - WF COMM                       0.07       0.16       0.08       0.17        64
 - INPUT (READ)                  0.45       0.75       0.51       0.74      6465
 - INPUT (WRITE)                 0.02       0.13       0.03       0.11      6400
 - SUB-TRANSF TOT                0.12       0.26       0.11       0.28     24576
 - M.COR INIT                    0.16       0.35       0.15       0.35     24576
 - M.COR EPSINIT                 1.10       2.39       1.07       2.31     24576
 - M.COR COMM                   16.94      97.91      17.70      98.09    688128
 - M.COR PP PREP                 0.49       1.08       0.47       1.09     71424
 - M.COR SX+CH                  20.06      37.63      19.90      37.99   2433024
 - M.COR REMAIN                 16.55      34.78      16.50      34.57   2433024
 - READ NEPS                     0.00       0.01       0.01       0.01         1
 - EPSCOPY IO                    0.63       0.84       2.16       2.17        64
 - EQP LOOP TOTAL              220.10     220.71     221.03     221.22        64
 - TOTAL                       222.82     223.52     225.44     225.44         1
 
 Job Done
 
